scenario,seed,model,feature,role,is_gpbsv_mse,is_gpbsv_mse_pooled,oos_gpbsv_mse,is_gpbsv_rmse,is_gpbsv_rmse_pooled,oos_gpbsv_rmse,is_base_mse,oos_base_mse,n_windows_sampled,n_instances_per_window,n_iterations,sec_oos,sec_is
break_b08_expanding,100,ols,x1,signal,-1.030505742887049,-1.0305057428870492,-0.6812629091116778,-0.4252566687847475,-0.43179134853715523,-0.2789974323187182,2.1020929051331803,1.6109939915236489,5,24,48,10.4,15.0
break_b08_expanding,100,ols,x2,trap,-0.18563718055070372,-0.18563718055070375,0.36083030802373656,-0.07751489213653931,-0.07889304676125124,0.14585313985869855,2.1020929051331803,1.6109939915236489,5,24,48,10.4,15.0
break_b08_expanding,100,ols,x3,noise,-0.001381956526741933,-0.0013819565267418736,0.0013919571742134578,-0.0006558054775840309,-0.0005120643305754404,0.0006749139432332454,2.1020929051331803,1.6109939915236489,5,24,48,10.4,15.0
break_b08_expanding,100,ols,x4,noise,-0.016079278537514466,-0.01607927853751455,0.011634264559288407,-0.00647047717578299,-0.006735719679972377,0.0049676105425732016,2.1020929051331803,1.6109939915236489,5,24,48,10.4,15.0
break_b08_expanding,100,enet,x1,signal,-1.0304923225043647,-1.030492322504365,-0.6812925779932298,-0.42525120581716325,-0.43178478030042694,-0.27901708752000726,2.1020929051331803,1.610993991523649,5,24,48,10.4,15.0
break_b08_expanding,100,enet,x2,trap,-0.18566137777315184,-0.18566137777315175,0.36073626097841505,-0.07752567795769466,-0.07890340976224373,0.14581867384476938,2.1020929051331803,1.610993991523649,5,24,48,10.4,15.0
break_b08_expanding,100,enet,x3,noise,-0.0013802503425351,-0.0013802503425350704,0.0013943627900413504,-0.0006546258821854367,-0.000511307789740891,0.0006755052394576666,2.1020929051331803,1.610993991523649,5,24,48,10.4,15.0
break_b08_expanding,100,enet,x4,noise,-0.01606416883733465,-0.016064168837334587,0.011619723108270785,-0.006464203323977995,-0.006729441379102513,0.004961646007588125,2.1020929051331803,1.610993991523649,5,24,48,10.4,15.0
break_b08_expanding,100,rf,x1,signal,-1.1680730205646368,-1.168073020564637,-0.5976849584813169,-0.5018708536086249,-0.5079692861505253,-0.24610566588618296,2.1014960893044536,1.6137468886156214,5,24,48,10.4,15.0
break_b08_expanding,100,rf,x2,trap,-0.25499757841498716,-0.25499757841498705,0.32270643120800574,-0.11890873129038189,-0.12146001448187103,0.1324050951217963,2.1014960893044536,1.6137468886156214,5,24,48,10.4,15.0
break_b08_expanding,100,rf,x3,noise,-0.03538422906186104,-0.03538422906186103,0.013732191028279312,-0.018896342728365968,-0.01997139496705265,0.006137397485864918,2.1014960893044536,1.6137468886156214,5,24,48,10.4,15.0
break_b08_expanding,100,rf,x4,noise,-0.029207532697714478,-0.02920753269771441,0.00413431024362033,-0.016449937308024958,-0.016777670270453696,0.0019764909336807274,2.1014960893044536,1.6137468886156214,5,24,48,10.4,15.0
break_b08_expanding,101,ols,x1,signal,-1.0165387204970402,-1.0165387204970402,-0.8244737180752448,-0.35628038379487403,-0.36741643472265756,-0.3277036369548678,2.669260616274664,1.8070563969007252,5,24,48,10.4,13.8
break_b08_expanding,101,ols,x2,trap,-0.35927576025963215,-0.359275760259632,0.5391664368285736,-0.12894551643802682,-0.1328846684689087,0.21728419019490727,2.669260616274664,1.8070563969007252,5,24,48,10.4,13.8
break_b08_expanding,101,ols,x3,noise,-0.007726415294799958,-0.00772641529479999,0.014815823708100745,-0.0024014597376335912,-0.0025269604755188343,0.005581610242372852,2.669260616274664,1.8070563969007252,5,24,48,10.4,13.8
break_b08_expanding,101,ols,x4,noise,-0.03128815899434501,-0.0312881589943447,0.003510302142818162,-0.011946701686659457,-0.010945047012877731,0.0015675383291593042,2.669260616274664,1.8070563969007252,5,24,48,10.4,13.8
break_b08_expanding,101,enet,x1,signal,-1.0143541258215945,-1.0143541258215942,-0.8242233618788365,-0.35547305325820844,-0.36645914940812485,-0.3280759116007355,2.669260616274664,1.8070563969007252,5,24,48,10.4,13.8
break_b08_expanding,101,enet,x2,trap,-0.36036669623837125,-0.3603666962383711,0.5268937476710187,-0.12942743538277773,-0.13319893296768578,0.2127732883711871,2.669260616274664,1.8070563969007252,5,24,48,10.4,13.8
break_b08_expanding,101,enet,x3,noise,-0.007443677731578557,-0.007443677731578548,0.013652503833034393,-0.0023357817695327963,-0.0024468349422806673,0.005159676199522529,2.669260616274664,1.8070563969007252,5,24,48,10.4,13.8
break_b08_expanding,101,enet,x4,noise,-0.0303130802621688,-0.030313080262168692,0.003266039191277832,-0.011595467199636705,-0.010618932435097843,0.0014498657930090305,2.669260616274664,1.8070563969007252,5,24,48,10.4,13.8
break_b08_expanding,101,rf,x1,signal,-1.2055590117290464,-1.2055590117290464,-0.7467252289544671,-0.4496077330419565,-0.46343669779932023,-0.29711903328182737,2.670306739358136,1.8060237832463255,5,24,48,10.4,13.8
break_b08_expanding,101,rf,x2,trap,-0.5221117187418296,-0.5221117187418297,0.37099179037712715,-0.21055676280859315,-0.21171084083903705,0.14960190354742972,2.670306739358136,1.8060237832463255,5,24,48,10.4,13.8
break_b08_expanding,101,rf,x3,noise,-0.0680119138744996,-0.06801191387449965,0.005405401703902313,-0.030045617313307828,-0.02960175212050398,0.0018452196746502729,2.670306739358136,1.8060237832463255,5,24,48,10.4,13.8
break_b08_expanding,101,rf,x4,noise,-0.06049772093391452,-0.06049772093391461,0.007809553345826582,-0.027356037929991205,-0.027068513220142282,0.0032477209493188323,2.670306739358136,1.8060237832463255,5,24,48,10.4,13.8
break_b08_expanding,102,ols,x1,signal,-1.1309128554583427,-1.1309128554583427,-1.1236303392146534,-0.4284391439683367,-0.4305016024556729,-0.43099140497650246,2.744213772464774,2.2002221350799442,5,24,48,10.4,14.2
break_b08_expanding,102,ols,x2,trap,-0.6395596113274915,-0.6395596113274914,0.39800838917237297,-0.22062781142463841,-0.2409778638426714,0.1630997287559651,2.744213772464774,2.2002221350799442,5,24,48,10.4,14.2
break_b08_expanding,102,ols,x3,noise,-0.002118503277459183,-0.002118503277459039,0.010508503754495224,-0.0005305758565040161,-0.0005929242441577882,0.003533483425633937,2.744213772464774,2.2002221350799442,5,24,48,10.4,14.2
break_b08_expanding,102,ols,x4,noise,-0.010321893331243196,-0.010321893331243075,0.0032948391534367177,-0.004014924221532807,-0.004034932980069181,0.0010450614241989825,2.744213772464774,2.2002221350799442,5,24,48,10.4,14.2
break_b08_expanding,102,enet,x1,signal,-1.1309269584207775,-1.1309269584207773,-1.1236323266062664,-0.42844064580062363,-0.43050455325959,-0.43099791069330395,2.744213772464774,2.2002221350799442,5,24,48,10.4,14.2
break_b08_expanding,102,enet,x2,trap,-0.6395492791939686,-0.6395492791939685,0.397900155623347,-0.2206246554908128,-0.2409740904574762,0.1630594314978062,2.744213772464774,2.2002221350799442,5,24,48,10.4,14.2
break_b08_expanding,102,enet,x3,noise,-0.002111256029740469,-0.00211125602974032,0.010491637324848658,-0.0005282419125444484,-0.0005906452504984583,0.0035279131787487234,2.744213772464774,2.2002221350799442,5,24,48,10.4,14.2
break_b08_expanding,102,enet,x4,noise,-0.010310612752571776,-0.01031061275257164,0.003294466650349445,-0.004010730167406839,-0.004030509032408994,0.0010451959365388834,2.744213772464774,2.2002221350799442,5,24,48,10.4,14.2
break_b08_expanding,102,rf,x1,signal,-1.2739654039365582,-1.2739654039365582,-1.0549996063101077,-0.5135580037024057,-0.5133382738903824,-0.39705164242435353,2.7432417041861905,2.2015252659621014,5,24,48,10.4,14.2
break_b08_expanding,102,rf,x2,trap,-0.7734937933763297,-0.7734937933763293,0.34251863622661133,-0.296374856062547,-0.3185293584117919,0.13550364008282473,2.7432417041861905,2.2015252659621014,5,24,48,10.4,14.2
break_b08_expanding,102,rf,x3,noise,-0.04476738437896051,-0.04476738437896046,0.0363180105397349,-0.020933782130402652,-0.020441412274631133,0.013209998710539435,2.7432417041861905,2.2015252659621014,5,24,48,10.4,14.2
break_b08_expanding,102,rf,x4,noise,-0.0338619365345396,-0.03386193653453957,0.017257308397632926,-0.01800579456675636,-0.018373415464675108,0.006606617263977019,2.7432417041861905,2.2015252659621014,5,24,48,10.4,14.2
break_b08_expanding,103,ols,x1,signal,-0.6733218837074736,-0.6733218837074736,-1.2325968863263792,-0.27320450846817773,-0.2674626681899912,-0.4370685313902311,2.0687795415907133,2.423424582419385,5,24,48,10.4,13.4
break_b08_expanding,103,ols,x2,trap,-0.2997137501867849,-0.299713750186785,0.43516796013787307,-0.12308770018686255,-0.12413288361256336,0.15651005944396848,2.0687795415907133,2.423424582419385,5,24,48,10.4,13.4
break_b08_expanding,103,ols,x3,noise,0.007131335916273124,0.007131335916273113,0.01244682015115759,0.0028802437053928676,0.002873323640169604,0.004309244841838718,2.0687795415907133,2.423424582419385,5,24,48,10.4,13.4
break_b08_expanding,103,ols,x4,noise,-0.010425673763988456,-0.0104256737639883,0.002213079601133844,-0.004276363505451184,-0.004399903951806623,0.00039476867030009455,2.0687795415907133,2.423424582419385,5,24,48,10.4,13.4
break_b08_expanding,103,enet,x1,signal,-0.6781718223088854,-0.6781718223088854,-1.197291402275295,-0.276970433914083,-0.2703029044567467,-0.42884951284633077,2.0687795415907133,2.423424582419385,5,24,48,10.4,13.4
break_b08_expanding,103,enet,x2,trap,-0.3014002845490676,-0.30140028454906753,0.3262925388881638,-0.12316425497785792,-0.12443785233029821,0.11840506592751208,2.0687795415907133,2.423424582419385,5,24,48,10.4,13.4
break_b08_expanding,103,enet,x3,noise,-1.5959455978986624e-17,0.0,0.0,-1.0639637319324418e-17,0.0,0.0,2.0687795415907133,2.423424582419385,5,24,48,10.4,13.4
break_b08_expanding,103,enet,x4,noise,-0.001710082439097864,-0.001710082439097857,0.005210726954010296,-0.0006724469391317642,-0.0007530878022598692,0.0017622771285369192,2.0687795415907133,2.423424582419385,5,24,48,10.4,13.4
break_b08_expanding,103,rf,x1,signal,-0.839409744269366,-0.8394097442693659,-1.1000791417798421,-0.36535866791418103,-0.35900597622458924,-0.38197922432172066,2.0690327542742866,2.425687334679302,5,24,48,10.4,13.4
break_b08_expanding,103,rf,x2,trap,-0.4500091382883033,-0.4500091382883033,0.43373825694768836,-0.20470481116074293,-0.20364281342255794,0.15231216391369692,2.0690327542742866,2.425687334679302,5,24,48,10.4,13.4
break_b08_expanding,103,rf,x3,noise,-0.03095539661210922,-0.030955396612109224,0.013395151490228586,-0.016497286261293393,-0.01607078819155904,0.004731514000990739,2.0690327542742866,2.425687334679302,5,24,48,10.4,13.4
break_b08_expanding,103,rf,x4,noise,-0.0646470851427983,-0.06464708514279831,0.02967558649940935,-0.03360051555570311,-0.032643887700312665,0.010015038932012143,2.0690327542742866,2.425687334679302,5,24,48,10.4,13.4
break_b08_expanding,104,ols,x1,signal,-0.9023244112680769,-0.9023244112680769,-1.216197174496699,-0.33421904898464605,-0.33999200182786377,-0.44330867067689433,2.4697552197086594,2.4454102093394274,5,24,48,10.4,13.1
break_b08_expanding,104,ols,x2,trap,-0.3626375333718793,-0.3626375333718795,0.2893637688283655,-0.13298404787262894,-0.1359064531185375,0.1117268226078138,2.4697552197086594,2.4454102093394274,5,24,48,10.4,13.1
break_b08_expanding,104,ols,x3,noise,-0.0006205081744267023,-0.0006205081744266894,0.0025246627786683815,-4.4507921470854196e-05,0.0001771254306019617,0.001043235871766401,2.4697552197086594,2.4454102093394274,5,24,48,10.4,13.1
break_b08_expanding,104,ols,x4,noise,-0.010263102022121558,-0.010263102022121684,0.0035928610414630996,-0.0029361741209530667,-0.0031624241547239876,0.0015430042440215536,2.4697552197086594,2.4454102093394274,5,24,48,10.4,13.1
break_b08_expanding,104,enet,x1,signal,-0.9023603208126179,-0.9023603208126181,-1.2161974377399505,-0.3342354978028391,-0.34000682130508825,-0.4433134795943517,2.4697552197086594,2.4454102093394274,5,24,48,10.4,13.1
break_b08_expanding,104,enet,x2,trap,-0.36263036912625346,-0.3626303691262535,0.2892685162164001,-0.13298317927983477,-0.13590485732169036,0.11169207766091083,2.4697552197086594,2.4454102093394274,5,24,48,10.4,13.1
break_b08_expanding,104,enet,x3,noise,-0.0006258803620359343,-0.0006258803620359868,0.0025086584323950334,-4.6434066729553635e-05,0.0001747686857504968,0.0010376321781134883,2.4697552197086594,2.4454102093394274,5,24,48,10.4,13.1
break_b08_expanding,104,enet,x4,noise,-0.010267720753016109,-0.010267720753016086,0.0035902537625660466,-0.0029381915380118787,-0.003164569495126677,0.001541947439309084,2.4697552197086594,2.4454102093394274,5,24,48,10.4,13.1
break_b08_expanding,104,rf,x1,signal,-1.1746276660130914,-1.1746276660130912,-1.199376616171441,-0.46935345004658374,-0.47459022499066733,-0.43881132098782616,2.470565206502255,2.445908684017223,5,24,48,10.4,13.1
break_b08_expanding,104,rf,x2,trap,-0.43502345441890283,-0.43502345441890305,0.2243714802346857,-0.17976016436505404,-0.18207166338161515,0.08823263265603372,2.470565206502255,2.445908684017223,5,24,48,10.4,13.1
break_b08_expanding,104,rf,x3,noise,-0.04193462194284108,-0.04193462194284101,0.015167687669927531,-0.019944216137481704,-0.019997571177412504,0.006113887063990017,2.470565206502255,2.445908684017223,5,24,48,10.4,13.1
break_b08_expanding,104,rf,x4,noise,-0.09347799624746564,-0.09347799624746551,0.010356700230383133,-0.042296079795413256,-0.04337997138517713,0.003810399183897771,2.470565206502255,2.445908684017223,5,24,48,10.4,13.1
break_b08_expanding,105,ols,x1,signal,-0.5352012093086291,-0.5352012093086292,-0.8992865547212583,-0.20668238694271204,-0.20967247306430958,-0.37282629173627696,2.0461281932301576,1.8748220974550796,5,24,48,10.3,14.1
break_b08_expanding,105,ols,x2,trap,-0.27199207717889273,-0.2719920771788926,0.2119114740976282,-0.10868731681076753,-0.1088188173479523,0.09296749432641171,2.0461281932301576,1.8748220974550796,5,24,48,10.3,14.1
break_b08_expanding,105,ols,x3,noise,-0.012844249136985874,-0.012844249136985791,-0.020307734765327577,-0.004578869495845079,-0.005514439759947029,-0.008148477100437179,2.0461281932301576,1.8748220974550796,5,24,48,10.3,14.1
break_b08_expanding,105,ols,x4,noise,-0.013200185909232129,-0.013200185909232005,0.015548029531694619,-0.004663259294857272,-0.005110576489217505,0.00628012421357504,2.0461281932301576,1.8748220974550796,5,24,48,10.3,14.1
break_b08_expanding,105,enet,x1,signal,-0.5352090608460252,-0.5352090608460252,-0.8993121957131728,-0.20668457803696733,-0.20967576787180886,-0.37284306279735535,2.0461281932301576,1.8748220974550796,5,24,48,10.3,14.1
break_b08_expanding,105,enet,x2,trap,-0.2719862222473385,-0.2719862222473384,0.21182605730726936,-0.10868495723617996,-0.10881627576176607,0.09293279342743965,2.0461281932301576,1.8748220974550796,5,24,48,10.3,14.1
break_b08_expanding,105,enet,x3,noise,-0.012845666673144596,-0.012845666673144478,-0.020301293922460755,-0.004579617746202994,-0.005514714014028105,-0.008146239940393677,2.0461281932301576,1.8748220974550796,5,24,48,10.3,14.1
break_b08_expanding,105,enet,x4,noise,-0.01319250675736065,-0.013192506757360745,0.015529906102177452,-0.0046605698269888245,-0.005107612686066608,0.006272925936909396,2.0461281932301576,1.8748220974550796,5,24,48,10.3,14.1
break_b08_expanding,105,rf,x1,signal,-0.7352975479740774,-0.7352975479740773,-0.7923436527006836,-0.31123314097992044,-0.3141626230272783,-0.3228136168773991,2.044637867225788,1.8728705623055162,5,24,48,10.3,14.1
break_b08_expanding,105,rf,x2,trap,-0.4595036401731175,-0.4595036401731176,0.24886009454550098,-0.2014716361074104,-0.2019258681510072,0.10654839536481879,2.044637867225788,1.8728705623055162,5,24,48,10.3,14.1
break_b08_expanding,105,rf,x3,noise,-0.05619640403839695,-0.05619640403839687,-0.007004379355506901,-0.025041605443872683,-0.02643307239781294,-0.002229267519559044,2.044637867225788,1.8728705623055162,5,24,48,10.3,14.1
break_b08_expanding,105,rf,x4,noise,-0.043563317608486675,-0.043563317608486675,0.012715345683207799,-0.021573348836438508,-0.02131694463164516,0.00543027289387012,2.044637867225788,1.8728705623055162,5,24,48,10.3,14.1
break_b08_expanding,106,ols,x1,signal,-0.9172840790864776,-0.9172840790864778,-0.6775858782810779,-0.31812617459123327,-0.3282788529124733,-0.2543133834143714,2.9964061408512346,1.8560610487415208,5,24,48,10.5,13.7
break_b08_expanding,106,ols,x2,trap,-0.9686439955523962,-0.9686439955523959,0.5155505671106696,-0.3444912167443,-0.34628914786257675,0.19358189028060527,2.9964061408512346,1.8560610487415208,5,24,48,10.5,13.7
break_b08_expanding,106,ols,x3,noise,0.013176271542900426,0.013176271542900379,0.006231708461573326,0.004733416399522837,0.00401701167641786,0.0024301746110576006,2.9964061408512346,1.8560610487415208,5,24,48,10.5,13.7
break_b08_expanding,106,ols,x4,noise,0.00471275942117804,0.0047127594211780225,0.004863195950930471,0.0015807135883827966,0.0017842009195550544,0.0017306848792147875,2.9964061408512346,1.8560610487415208,5,24,48,10.5,13.7
break_b08_expanding,106,enet,x1,signal,-0.8998248959140003,-0.8998248959140002,-0.6874650412713775,-0.30991085706165805,-0.31991169986943924,-0.2632985699674862,2.9964061408512346,1.8560610487415208,5,24,48,10.5,13.7
break_b08_expanding,106,enet,x2,trap,-0.9339300179627934,-0.9339300179627932,0.3915142388680432,-0.32956352513008313,-0.33180734180932664,0.1500534775455508,2.9964061408512346,1.8560610487415208,5,24,48,10.5,13.7
break_b08_expanding,106,enet,x3,noise,0.006922890960568339,0.006922890960568237,0.004726313504179902,0.00248512565155344,0.0021745034430816768,0.0018060524616363427,2.9964061408512346,1.8560610487415208,5,24,48,10.5,13.7
break_b08_expanding,106,enet,x4,noise,-2.5905203907920317e-17,0.0,0.0,-1.295260195396016e-17,0.0,0.0,2.9964061408512346,1.8560610487415208,5,24,48,10.5,13.7
break_b08_expanding,106,rf,x1,signal,-1.176154572665024,-1.1761545726650242,-0.6405861851327704,-0.45188218349362713,-0.46300757673329135,-0.23906567170152035,2.9974972608198063,1.8558774862623257,5,24,48,10.5,13.7
break_b08_expanding,106,rf,x2,trap,-1.1401189612747304,-1.1401189612747304,0.5049080363665411,-0.4470215516889574,-0.44933769390097994,0.18746610273701028,2.9974972608198063,1.8558774862623257,5,24,48,10.5,13.7
break_b08_expanding,106,rf,x3,noise,-0.04282518139782279,-0.042825181397822765,0.01479229166876405,-0.020967674835715266,-0.020940785637962533,0.00633078466410765,2.9974972608198063,1.8558774862623257,5,24,48,10.5,13.7
break_b08_expanding,106,rf,x4,noise,-0.027717983688457747,-0.027717983688457876,-0.005740122701809114,-0.016680508085824965,-0.016581590801723237,-0.0020270816772739544,2.9974972608198063,1.8558774862623257,5,24,48,10.5,13.7
break_b08_expanding,107,ols,x1,signal,-1.4732010836563965,-1.4732010836563967,-0.8252045568061108,-0.5411662975664775,-0.5368942179217742,-0.29696785097962347,3.014215735382842,2.1470303469598924,5,24,48,10.5,13.6
break_b08_expanding,107,ols,x2,trap,-0.5063533158701043,-0.5063533158701042,0.5252857210761158,-0.182501162446775,-0.18171869559127907,0.19047150713086572,3.014215735382842,2.1470303469598924,5,24,48,10.5,13.6
break_b08_expanding,107,ols,x3,noise,-0.004810254341009309,-0.0048102543410091765,0.008094071018272626,-0.002509152201437502,-0.0032472599770968966,0.003072946972517756,3.014215735382842,2.1470303469598924,5,24,48,10.5,13.6
break_b08_expanding,107,ols,x4,noise,-0.005597966321284534,-0.0055979663212843865,-0.0005451124417163375,-0.0019895225775728264,-0.002235604193969535,7.756240675225087e-06,3.014215735382842,2.1470303469598924,5,24,48,10.5,13.6
break_b08_expanding,107,enet,x1,signal,-1.4723147877708755,-1.472314787770875,-0.8647335409934543,-0.5391447136204531,-0.5352257611707804,-0.31586973084995834,3.014215735382842,2.1470303469598924,5,24,48,10.5,13.6
break_b08_expanding,107,enet,x2,trap,-0.5021546253348339,-0.5021546253348337,0.4258976088527337,-0.18220437133757977,-0.18121008471023595,0.15758534458773435,3.014215735382842,2.1470303469598924,5,24,48,10.5,13.6
break_b08_expanding,107,enet,x3,noise,-0.0034604403202206763,-0.0034604403202206577,0.005953637067704562,-0.0016270525080399807,-0.001956110111864274,0.002209871312273596,3.014215735382842,2.1470303469598924,5,24,48,10.5,13.6
break_b08_expanding,107,enet,x4,noise,-0.0018507055989567954,-0.0018507055989566517,-0.0003828285021316412,-0.0005810218113424332,-0.0006858670140709155,-9.176113342422576e-05,3.014215735382842,2.1470303469598924,5,24,48,10.5,13.6
break_b08_expanding,107,rf,x1,signal,-1.6592757020671247,-1.6592757020671247,-0.7547806934885007,-0.6439277183871773,-0.6393534785611091,-0.2747913283041666,3.014353122312063,2.1454685008960994,5,24,48,10.5,13.6
break_b08_expanding,107,rf,x2,trap,-0.635445344056187,-0.6354453440561869,0.4330587547847713,-0.25149322296047566,-0.25300562465551724,0.1603233882779461,3.014353122312063,2.1454685008960994,5,24,48,10.5,13.6
break_b08_expanding,107,rf,x3,noise,-0.02031744126833084,-0.02031744126833075,-0.007155091982549616,-0.011646908342086624,-0.011920030314585642,-0.0025041973243174497,3.014353122312063,2.1454685008960994,5,24,48,10.5,13.6
break_b08_expanding,107,rf,x4,noise,-0.043770953432738166,-0.04377095343273818,0.0016819917552182613,-0.021288720393799348,-0.022253598806679622,0.0006640578493043401,3.014353122312063,2.1454685008960994,5,24,48,10.5,13.6
break_b08_expanding,108,ols,x1,signal,-0.6769074636907757,-0.6769074636907756,-1.2863339898361785,-0.23931165394245166,-0.24488901689819606,-0.4782511398505463,2.434714848085529,2.430696579531988,5,24,48,10.2,14.5
break_b08_expanding,108,ols,x2,trap,-0.316434867850958,-0.31643486785095803,0.3310811130679618,-0.11114270683094267,-0.11430642825100479,0.1341641024485203,2.434714848085529,2.430696579531988,5,24,48,10.2,14.5
break_b08_expanding,108,ols,x3,noise,0.0006669768787034227,0.0006669768787034661,0.007973706293829782,0.00029852154088502904,0.0001231933697750052,0.0028418590839468516,2.434714848085529,2.430696579531988,5,24,48,10.2,14.5
break_b08_expanding,108,ols,x4,noise,-0.0044072904856030755,-0.004407290485602976,-0.020526532045606647,-0.002706378344574386,-0.0022720184147777245,-0.00832370127044855,2.434714848085529,2.430696579531988,5,24,48,10.2,14.5
break_b08_expanding,108,enet,x1,signal,-0.6769251021621463,-0.6769251021621464,-1.286316320431619,-0.23931918426385104,-0.24489662548948865,-0.47824920801928616,2.434714848085529,2.4306965795319875,5,24,48,10.2,14.5
break_b08_expanding,108,enet,x2,trap,-0.3164446776365296,-0.3164446776365295,0.3309510741821013,-0.11114662588985522,-0.11431075886165591,0.13411442399780468,2.434714848085529,2.4306965795319875,5,24,48,10.2,14.5
break_b08_expanding,108,enet,x3,noise,0.0006731735592332576,0.0006731735592332005,0.007949801153430205,0.00030106728283982407,0.000125868845453736,0.0028335647619842017,2.434714848085529,2.4306965795319875,5,24,48,10.2,14.5
break_b08_expanding,108,enet,x4,noise,-0.0044071396658906,-0.004407139665890747,-0.020511620903284764,-0.0027055583462428116,-0.0022715539400288607,-0.008317832288763408,2.434714848085529,2.4306965795319875,5,24,48,10.2,14.5
break_b08_expanding,108,rf,x1,signal,-1.0150792043105752,-1.0150792043105752,-1.2447118184311023,-0.4012766055982576,-0.40499392318616567,-0.4668271820867423,2.4352839535075725,2.43071983298838,5,24,48,10.2,14.5
break_b08_expanding,108,rf,x2,trap,-0.5374614670398866,-0.5374614670398864,0.14840199083603364,-0.21971105076322264,-0.22316381180252895,0.062094146435824595,2.4352839535075725,2.43071983298838,5,24,48,10.2,14.5
break_b08_expanding,108,rf,x3,noise,-0.0643114559695882,-0.06431145596958811,0.007678218851105312,-0.03151605630155514,-0.030471548276374865,0.0030409166732355227,2.4352839535075725,2.43071983298838,5,24,48,10.2,14.5
break_b08_expanding,108,rf,x4,noise,-0.05791130142713521,-0.05791130142713516,-0.014291442803868133,-0.029931669031972204,-0.02983207305534039,-0.005083830118859471,2.4352839535075725,2.43071983298838,5,24,48,10.2,14.5
break_b08_expanding,109,ols,x1,signal,-0.9243787693315569,-0.9243787693315572,-1.2411900904809607,-0.32502942294787446,-0.334770294921878,-0.4600342807390274,2.6540266276918474,2.2836046947052724,5,24,48,11.2,14.2
break_b08_expanding,109,ols,x2,trap,-0.44921338933240024,-0.4492133893324004,0.41977955668614236,-0.1650012381233442,-0.1615412287526763,0.15844841742859847,2.6540266276918474,2.2836046947052724,5,24,48,11.2,14.2
break_b08_expanding,109,ols,x3,noise,0.007426593469610543,0.007426593469610575,0.00011680340427250764,0.0035117924183363522,0.0025039254408708253,0.0001507601665980407,2.6540266276918474,2.2836046947052724,5,24,48,11.2,14.2
break_b08_expanding,109,ols,x4,noise,0.006477482782591091,0.006477482782591193,0.0036353285179700537,0.0022264975158528995,0.0023792432494945275,0.0010377443611155196,2.6540266276918474,2.2836046947052724,5,24,48,11.2,14.2
break_b08_expanding,109,enet,x1,signal,-0.9243941421468289,-0.9243941421468289,-1.2411890707836213,-0.3250355230082473,-0.33477625965485275,-0.46004089249198254,2.6540266276918474,2.2836046947052724,5,24,48,11.2,14.2
break_b08_expanding,109,enet,x2,trap,-0.44919350620039766,-0.4491935062003975,0.41966682598284805,-0.16499416282050366,-0.16153479482829633,0.15840858905815927,2.6540266276918474,2.2836046947052724,5,24,48,11.2,14.2
break_b08_expanding,109,enet,x3,noise,0.007415346025505904,0.0074153460255059755,0.0001142259567412605,0.003506935761483631,0.002499998341028424,0.00014959892857438484,2.6540266276918474,2.2836046947052724,5,24,48,11.2,14.2
break_b08_expanding,109,enet,x4,noise,0.006470831672920332,0.006470831672920299,0.003637116457969753,0.002224439574707175,0.002376817186191482,0.0010388862995425417,2.6540266276918474,2.2836046947052724,5,24,48,11.2,14.2
break_b08_expanding,109,rf,x1,signal,-1.2855499796282062,-1.285549979628206,-1.1017258333984938,-0.505554987752374,-0.5131821760248677,-0.4055019196537542,2.656452957438106,2.2860747305617073,5,24,48,11.2,14.2
break_b08_expanding,109,rf,x2,trap,-0.5797283099359513,-0.5797283099359513,0.32958054030857514,-0.2403808005797739,-0.2385310377901525,0.12476882868938337,2.656452957438106,2.2860747305617073,5,24,48,11.2,14.2
break_b08_expanding,109,rf,x3,noise,-0.038312625169217324,-0.038312625169217435,0.013653663657639967,-0.019120212942184023,-0.020194039972398947,0.005248940018228861,2.656452957438106,2.2860747305617073,5,24,48,11.2,14.2
break_b08_expanding,109,rf,x4,noise,-0.1057859990638298,-0.10578599906382978,0.03316828203980534,-0.05474331106453347,-0.05354524065121868,0.012807415147766475,2.656452957438106,2.2860747305617073,5,24,48,11.2,14.2
break_b08_expanding,110,ols,x1,signal,-0.8211787460987556,-0.8211787460987555,-1.2921380813136827,-0.3413103670213627,-0.3432068344305357,-0.4790878160994636,2.226588150403464,2.3892911993474297,5,24,48,10.5,14.4
break_b08_expanding,110,ols,x2,trap,-0.5969871688429597,-0.5969871688429595,0.22625452401750099,-0.24742055118812564,-0.249573130580217,0.08455688376825161,2.226588150403464,2.3892911993474297,5,24,48,10.5,14.4
break_b08_expanding,110,ols,x3,noise,-0.006753008517121267,-0.006753008517121371,-0.0009103005633558462,-0.0026676274847790443,-0.002735420514075797,5.3939275834913314e-05,2.226588150403464,2.3892911993474297,5,24,48,10.5,14.4
break_b08_expanding,110,ols,x4,noise,0.005816568354693607,0.005816568354693709,0.014222925250303657,0.0019004571615465551,0.0019418762819561456,0.004909962584589224,2.226588150403464,2.3892911993474297,5,24,48,10.5,14.4
break_b08_expanding,110,enet,x1,signal,-0.8269613966099547,-0.8269613966099548,-1.2554843499620656,-0.34290715492279944,-0.34429017590286587,-0.4678663928953019,2.226588150403464,2.3892911993474297,5,24,48,10.5,14.4
break_b08_expanding,110,enet,x2,trap,-0.5743631180015771,-0.5743631180015772,0.1693757292445328,-0.2374761752020543,-0.23964580783796965,0.0636893302497983,2.226588150403464,2.3892911993474297,5,24,48,10.5,14.4
break_b08_expanding,110,enet,x3,noise,-0.0016907669754013459,-0.001690766975401159,0.001158972892214595,-0.0007148906400872389,-0.0007305032144155089,0.0005215732327005021,2.226588150403464,2.3892911993474297,5,24,48,10.5,14.4
break_b08_expanding,110,enet,x4,noise,-6.013708050052931e-18,0.0,0.0,-6.013708050052931e-18,0.0,0.0,2.226588150403464,2.3892911993474297,5,24,48,10.5,14.4
break_b08_expanding,110,rf,x1,signal,-0.9750628023428163,-0.9750628023428162,-1.1585869328535372,-0.4327558764070468,-0.4341809889418144,-0.4220724469010834,2.22422913760335,2.3866719783897548,5,24,48,10.5,14.4
break_b08_expanding,110,rf,x2,trap,-0.6647921651650226,-0.6647921651650227,0.2066111955062391,-0.29641401341703466,-0.298242488666862,0.0765390513587479,2.22422913760335,2.3866719783897548,5,24,48,10.5,14.4
break_b08_expanding,110,rf,x3,noise,-0.024665865387742646,-0.0246658653877426,0.012890435881125121,-0.013819361175892265,-0.01425551669255915,0.0049162969648534754,2.22422913760335,2.3866719783897548,5,24,48,10.5,14.4
break_b08_expanding,110,rf,x4,noise,-0.036351120615591835,-0.03635112061559189,0.007171159253239287,-0.02164463776968257,-0.02127168027608761,0.0018647731478206447,2.22422913760335,2.3866719783897548,5,24,48,10.5,14.4
break_b08_expanding,111,ols,x1,signal,-1.0838636055082238,-1.0838636055082238,-0.26884261275426485,-0.39614925913988935,-0.3949405493906035,-0.12010445560619436,2.803666096526288,1.353106748879097,5,24,48,10.4,15.2
break_b08_expanding,111,ols,x2,trap,-0.6225936104902137,-0.6225936104902137,0.1958247328201211,-0.227614108223594,-0.229235167119335,0.08841061600494865,2.803666096526288,1.353106748879097,5,24,48,10.4,15.2
break_b08_expanding,111,ols,x3,noise,0.004952705168255777,0.0049527051682558805,-0.002674394659654855,0.00040180137269997323,0.0006371112368776197,-0.0012829173544534843,2.803666096526288,1.353106748879097,5,24,48,10.4,15.2
break_b08_expanding,111,ols,x4,noise,0.01182317111451624,0.011823171114516235,0.002240949033385,0.004180250206315873,0.004578217716522314,0.0009641463572720906,2.803666096526288,1.353106748879097,5,24,48,10.4,15.2
break_b08_expanding,111,enet,x1,signal,-1.083829960739729,-1.0838299607397293,-0.26888270699636846,-0.39613716445066827,-0.3949289779957678,-0.12012463902982758,2.803666096526288,1.353106748879097,5,24,48,10.4,15.2
break_b08_expanding,111,enet,x2,trap,-0.6225953605495808,-0.6225953605495808,0.19572982238093628,-0.22761417226528363,-0.2292360972717387,0.08837099656939644,2.803666096526288,1.353106748879097,5,24,48,10.4,15.2
break_b08_expanding,111,enet,x3,noise,0.00492969683745563,0.004929696837455535,-0.002685425570718686,0.0003946249469084541,0.000629620031152379,-0.001287708570502653,2.803666096526288,1.353106748879097,5,24,48,10.4,15.2
break_b08_expanding,111,enet,x4,noise,0.011810034748202117,0.011810034748201963,0.002242203681088517,0.004175453772711201,0.004573054333441411,0.0009647452658983388,2.803666096526288,1.353106748879097,5,24,48,10.4,15.2
break_b08_expanding,111,rf,x1,signal,-1.2553502177099873,-1.2553502177099876,-0.23433096489051466,-0.4871975519348409,-0.48753511441868164,-0.10550230555712675,2.8024409570993187,1.3513172848904367,5,24,48,10.4,15.2
break_b08_expanding,111,rf,x2,trap,-0.7538298099588687,-0.7538298099588688,0.1349689400429628,-0.3013092193006272,-0.30365809218567863,0.0619939349666205,2.8024409570993187,1.3513172848904367,5,24,48,10.4,15.2
break_b08_expanding,111,rf,x3,noise,-0.059269733561603796,-0.05926973356160392,0.0037118184054402725,-0.028676095852794285,-0.029929059086299076,0.0015424027468308964,2.8024409570993187,1.3513172848904367,5,24,48,10.4,15.2
break_b08_expanding,111,rf,x4,noise,-0.04863287067961369,-0.048632870679613756,0.0073809149424037225,-0.024911830421925685,-0.025063292200697484,0.003358313151522805,2.8024409570993187,1.3513172848904367,5,24,48,10.4,15.2
break_b08_expanding,112,ols,x1,signal,-0.7027649850749433,-0.7027649850749432,-0.617809541195767,-0.29601461154025316,-0.2989743115913095,-0.2615877435498927,1.853985599369669,1.6020758096644676,5,24,48,10.3,13.4
break_b08_expanding,112,ols,x2,trap,-0.1819828900441896,-0.18198289004418955,0.3709041445328311,-0.07424284403967736,-0.07863306206151859,0.15985908127271786,1.853985599369669,1.6020758096644676,5,24,48,10.3,13.4
break_b08_expanding,112,ols,x3,noise,-0.0036266420336380106,-0.003626642033638019,-0.0014049948838011118,-0.0021820491212966517,-0.001494343189188505,-0.0005259526591619261,1.853985599369669,1.6020758096644676,5,24,48,10.3,13.4
break_b08_expanding,112,ols,x4,noise,-0.00011361075426872292,-0.00011361075426881764,0.003559471357171736,-8.456912301337029e-05,8.76276689129168e-05,0.0015661512477904115,1.853985599369669,1.6020758096644676,5,24,48,10.3,13.4
break_b08_expanding,112,enet,x1,signal,-0.7027883757872878,-0.7027883757872879,-0.6178419546334429,-0.2960283241435079,-0.2989859561439571,-0.2616050643552623,1.853985599369669,1.6020758096644676,5,24,48,10.3,13.4
break_b08_expanding,112,enet,x2,trap,-0.18199192004221315,-0.18199192004221318,0.37079946806132114,-0.07424831253750816,-0.07863754576666984,0.15981770580760274,1.853985599369669,1.6020758096644676,5,24,48,10.3,13.4
break_b08_expanding,112,enet,x3,noise,-0.0036285986175984817,-0.003628598617598542,-0.0014006480415681272,-0.002182016654150398,-0.0014954522759233746,-0.0005242436064711482,1.853985599369669,1.6020758096644676,5,24,48,10.3,13.4
break_b08_expanding,112,enet,x4,noise,-0.00011386333789620562,-0.00011386333789614848,0.003556034111896649,-8.500253568600423e-05,8.724325315448654e-05,0.0015646926643096703,1.853985599369669,1.6020758096644676,5,24,48,10.3,13.4
break_b08_expanding,112,rf,x1,signal,-0.8887993053752636,-0.8887993053752634,-0.5883819276477776,-0.39202613858219,-0.3992967364418529,-0.25169634810970165,1.853275172558444,1.6035705818326849,5,24,48,10.3,13.4
break_b08_expanding,112,rf,x2,trap,-0.2875347793862988,-0.28753477938629884,0.3370601607336902,-0.14113719427661775,-0.14098815661546957,0.14797101443250024,1.853275172558444,1.6035705818326849,5,24,48,10.3,13.4
break_b08_expanding,112,rf,x3,noise,-0.02394575391584457,-0.023945753915844466,0.004582324487118253,-0.013931409935573133,-0.014838438555462102,0.0019354607116819102,1.853275172558444,1.6035705818326849,5,24,48,10.3,13.4
break_b08_expanding,112,rf,x4,noise,-0.018150303046459305,-0.018150303046459235,0.007261659577387715,-0.009961856856543846,-0.009455533950189433,0.003412032878908792,1.853275172558444,1.6035705818326849,5,24,48,10.3,13.4
break_b08_expanding,113,ols,x1,signal,-1.5495375385939039,-1.5495375385939039,-1.0530623711919216,-0.5344379125527758,-0.5356086545792978,-0.40649629451496816,3.1661205929951914,1.9243546095339568,5,24,48,10.2,13.9
break_b08_expanding,113,ols,x2,trap,-0.3656309165179513,-0.3656309165179512,0.4081665883925676,-0.12929900444153936,-0.12658373528575115,0.15095575678562284,3.1661205929951914,1.9243546095339568,5,24,48,10.2,13.9
break_b08_expanding,113,ols,x3,noise,-0.004104011833869423,-0.004104011833869423,0.004926589408149706,-0.0013839817484317001,-0.0013770794575805045,0.001959782616238225,3.1661205929951914,1.9243546095339568,5,24,48,10.2,13.9
break_b08_expanding,113,ols,x4,noise,-0.007948095118451317,-0.007948095118451404,0.006060511519130472,-0.0026957662573520525,-0.0027312703175910308,0.002347625544146338,3.1661205929951914,1.9243546095339568,5,24,48,10.2,13.9
break_b08_expanding,113,enet,x1,signal,-1.5512851783576376,-1.5512851783576374,-1.0553745578332892,-0.5347258096837019,-0.53606470437733,-0.40864317681535073,3.1661205929951914,1.9243546095339568,5,24,48,10.2,13.9
break_b08_expanding,113,enet,x2,trap,-0.3661081859069185,-0.3661081859069184,0.40018332642645965,-0.12955296576240988,-0.12680148144519973,0.14835889417740608,3.1661205929951914,1.9243546095339568,5,24,48,10.2,13.9
break_b08_expanding,113,enet,x3,noise,-0.00313073029851018,-0.0031307302985102933,0.0035006730691623245,-0.001082603182408369,-0.001074567058090073,0.0014129867921382374,3.1661205929951914,1.9243546095339568,5,24,48,10.2,13.9
break_b08_expanding,113,enet,x4,noise,-0.006289401170431248,-0.006289401170431297,0.003992011756477338,-0.0021404116097760027,-0.0021771424768608424,0.0015522634697712038,3.1661205929951914,1.9243546095339568,5,24,48,10.2,13.9
break_b08_expanding,113,rf,x1,signal,-1.8166389172848152,-1.8166389172848154,-1.1004837485612515,-0.6716312560322959,-0.6743601176388849,-0.4354432860879594,3.162882656864252,1.9252531780840665,5,24,48,10.2,13.9
break_b08_expanding,113,rf,x2,trap,-0.5806934547560427,-0.5806934547560426,0.30121001820468934,-0.2364267091010034,-0.2364189780754579,0.1107237890031626,3.162882656864252,1.9252531780840665,5,24,48,10.2,13.9
break_b08_expanding,113,rf,x3,noise,-0.032350186626951674,-0.032350186626951716,0.007740923327599708,-0.015033612353605372,-0.015331845400210355,0.002631048332583881,3.162882656864252,1.9252531780840665,5,24,48,10.2,13.9
break_b08_expanding,113,rf,x4,noise,-0.039569601583050104,-0.03956960158305023,0.004927331385927175,-0.019618110947831197,-0.019493746662514053,0.0016278860901051614,3.162882656864252,1.9252531780840665,5,24,48,10.2,13.9
break_b08_expanding,114,ols,x1,signal,-0.5147854316720394,-0.5147854316720396,-0.8866903228934634,-0.21130138611689833,-0.2186501397171138,-0.3655595669972094,1.826435180885007,1.7517823901913978,5,24,48,10.8,14.1
break_b08_expanding,114,ols,x2,trap,-0.31993560058607234,-0.31993560058607245,0.3666536320215477,-0.13495808016469757,-0.13739839356488476,0.15204750825587918,1.826435180885007,1.7517823901913978,5,24,48,10.8,14.1
break_b08_expanding,114,ols,x3,noise,-0.003293284829556615,-0.0032932848295567627,0.014099404805467411,-0.0020970689331703445,-0.0016367714860918401,0.005974043620263973,1.826435180885007,1.7517823901913978,5,24,48,10.8,14.1
break_b08_expanding,114,ols,x4,noise,-0.003914757128364237,-0.003914757128364344,2.201560219714539e-05,-0.0013962506862213054,-0.0015485727294325899,0.00017302909763967692,1.826435180885007,1.7517823901913978,5,24,48,10.8,14.1
break_b08_expanding,114,enet,x1,signal,-0.5174624501834366,-0.5174624501834366,-0.8850124804090452,-0.21254840290201518,-0.2198985609826666,-0.3655174651745104,1.826435180885007,1.7517823901913978,5,24,48,10.8,14.1
break_b08_expanding,114,enet,x2,trap,-0.31951564046065845,-0.31951564046065856,0.3561328348296806,-0.13488913343490727,-0.13728571407700052,0.14801269671799835,1.826435180885007,1.7517823901913978,5,24,48,10.8,14.1
break_b08_expanding,114,enet,x3,noise,-0.0031228756134324353,-0.0031228756134324674,0.013028577735126437,-0.0019515698211051403,-0.0015440341483590008,0.005522097106090367,1.826435180885007,1.7517823901913978,5,24,48,10.8,14.1
break_b08_expanding,114,enet,x4,noise,-0.0039232144752129276,-0.0039232144752129735,-0.00025428022258504784,-0.00142893342483721,-0.001561894710829149,4.3619559270432574e-05,1.826435180885007,1.7517823901913978,5,24,48,10.8,14.1
break_b08_expanding,114,rf,x1,signal,-0.7433914158769198,-0.7433914158769198,-0.8053031669926409,-0.3298140978026622,-0.3382934280116204,-0.3341065458479487,1.8294052345029344,1.7504428750621095,5,24,48,10.8,14.1
break_b08_expanding,114,rf,x2,trap,-0.4003766602287044,-0.40037666022870444,0.2971013948701953,-0.19349912691686366,-0.19435867868045897,0.12424546832307905,1.8294052345029344,1.7504428750621095,5,24,48,10.8,14.1
break_b08_expanding,114,rf,x3,noise,-0.05520969226047669,-0.05520969226047667,-0.00727063243230897,-0.03106208298761597,-0.030816749591342316,-0.0022996324188576437,1.8294052345029344,1.7504428750621095,5,24,48,10.8,14.1
break_b08_expanding,114,rf,x4,noise,-0.04422840652267353,-0.044228406522673465,-0.0019419449794211157,-0.023161339057324978,-0.023449844463544322,-0.0004641500673658675,1.8294052345029344,1.7504428750621095,5,24,48,10.8,14.1
break_b08_expanding,115,ols,x1,signal,-0.7877200007005071,-0.7877200007005071,-0.5935183831809693,-0.30383285388400316,-0.30583362004791287,-0.24581272145789132,2.314422165550489,1.7851345948125596,5,24,48,10.5,14.1
break_b08_expanding,115,ols,x2,trap,-0.4073036927703872,-0.4073036927703873,0.21929162636055724,-0.1594998835722396,-0.15777979401699324,0.09731964783660081,2.314422165550489,1.7851345948125596,5,24,48,10.5,14.1
break_b08_expanding,115,ols,x3,noise,-0.003390748399800523,-0.003390748399800409,0.002550435802451685,-0.0010330214658159735,-0.0013886888669948176,0.0010854332847916454,2.314422165550489,1.7851345948125596,5,24,48,10.5,14.1
break_b08_expanding,115,ols,x4,noise,2.7274348065630185e-05,2.7274348065412884e-05,0.005832600227865745,0.00011366530150913392,0.0001051736842048225,0.0026582978290741696,2.314422165550489,1.7851345948125596,5,24,48,10.5,14.1
break_b08_expanding,115,enet,x1,signal,-0.7868712172876708,-0.7868712172876711,-0.5973919476237387,-0.30321599631402035,-0.30532737970386353,-0.24762068013916494,2.314422165550489,1.7851345948125596,5,24,48,10.5,14.1
break_b08_expanding,115,enet,x2,trap,-0.4061668796810628,-0.4061668796810629,0.20760757351648293,-0.1589352351577922,-0.1572918097835348,0.0926086160545365,2.314422165550489,1.7851345948125596,5,24,48,10.5,14.1
break_b08_expanding,115,enet,x3,noise,-0.003130791019898179,-0.003130791019898172,0.002358895638899438,-0.000956764838983187,-0.0012820293177864008,0.0010036832910897454,2.314422165550489,1.7851345948125596,5,24,48,10.5,14.1
break_b08_expanding,115,enet,x4,noise,0.0003585360787968773,0.000358536078796839,0.005453368685268895,0.00021785849169491043,0.0002231780346888118,0.002470685920884124,2.314422165550489,1.7851345948125596,5,24,48,10.5,14.1
break_b08_expanding,115,rf,x1,signal,-0.9615850053944761,-0.9615850053944763,-0.5525545834984729,-0.3986897633800389,-0.40016605998921384,-0.23007630918816566,2.304990754819874,1.7812939710142424,5,24,48,10.5,14.1
break_b08_expanding,115,rf,x2,trap,-0.5609555464138152,-0.5609555464138153,0.12594070866639648,-0.24347490085330858,-0.24270555067937852,0.05903897048140452,2.304990754819874,1.7812939710142424,5,24,48,10.5,14.1
break_b08_expanding,115,rf,x3,noise,-0.05261126776114451,-0.052611267761144775,0.01384697705607965,-0.02487247265244919,-0.025783335865459823,0.006008621311168659,2.304990754819874,1.7812939710142424,5,24,48,10.5,14.1
break_b08_expanding,115,rf,x4,noise,-0.05409748401099292,-0.05409748401099307,0.012742114251251047,-0.0276844040700124,-0.027529708527280195,0.00565155330976011,2.304990754819874,1.7812939710142424,5,24,48,10.5,14.1
break_b08_expanding,116,ols,x1,signal,-0.6095294751646679,-0.6095294751646678,-1.2200158754194839,-0.25615116578297414,-0.2557315716439728,-0.48358238264870507,2.130977863092811,1.9953497297801772,5,24,48,11.0,14.2
break_b08_expanding,116,ols,x2,trap,-0.6651228846564495,-0.6651228846564496,0.40019695249907433,-0.2762268829981045,-0.2786324348637966,0.1558189098720987,2.130977863092811,1.9953497297801772,5,24,48,11.0,14.2
break_b08_expanding,116,ols,x3,noise,0.0007691578518554679,0.0007691578518554549,0.0041358091821854,0.0002268518813899256,0.00021344873586838972,0.0016954864396779821,2.130977863092811,1.9953497297801772,5,24,48,11.0,14.2
break_b08_expanding,116,ols,x4,noise,-0.0023412858857291365,-0.002341285885729022,0.005782534811207186,-0.0012502267274086807,-0.001107634665950977,0.002282834707823508,2.130977863092811,1.9953497297801772,5,24,48,11.0,14.2
break_b08_expanding,116,enet,x1,signal,-0.6108320731916235,-0.6108320731916234,-1.219902454869885,-0.25662076916860527,-0.25632720517342933,-0.4844964739869439,2.130977863092811,1.9953497297801777,5,24,48,11.0,14.2
break_b08_expanding,116,enet,x2,trap,-0.6637054667314765,-0.6637054667314765,0.39197212253579455,-0.27572051901486144,-0.2781117318627117,0.15292483324341366,2.130977863092811,1.9953497297801777,5,24,48,11.0,14.2
break_b08_expanding,116,enet,x3,noise,5.81628820660564e-06,5.816288206512976e-06,0.003474785787012276,-7.003751553163345e-05,-8.708549272439779e-05,0.0014128237380320794,2.130977863092811,1.9953497297801777,5,24,48,11.0,14.2
break_b08_expanding,116,enet,x4,noise,-0.002096559866185562,-0.0020965598661854975,0.004753772802181959,-0.0010361424525063571,-0.0009505748828354336,0.0018633383208875632,2.130977863092811,1.9953497297801777,5,24,48,11.0,14.2
break_b08_expanding,116,rf,x1,signal,-0.8130219158504486,-0.8130219158504488,-1.1036043084714597,-0.3720419462753283,-0.37117746399752605,-0.43137690141743407,2.1294982806111173,1.99863573959494,5,24,48,11.0,14.2
break_b08_expanding,116,rf,x2,trap,-0.7716434198579901,-0.7716434198579902,0.408028160854179,-0.3495411004543289,-0.35236156090213383,0.15937274801296616,2.1294982806111173,1.99863573959494,5,24,48,11.0,14.2
break_b08_expanding,116,rf,x3,noise,-0.029717073115244845,-0.029717073115244807,-0.0027192123649297864,-0.017957303434570422,-0.018184772454206962,-0.0009281033490160564,2.1294982806111173,1.99863573959494,5,24,48,11.0,14.2
break_b08_expanding,116,rf,x4,noise,-0.018208470010664644,-0.01820847001066458,0.004839207492480779,-0.01291993841245333,-0.01263966615445213,0.0016456818709100786,2.1294982806111173,1.99863573959494,5,24,48,11.0,14.2
break_b08_expanding,117,ols,x1,signal,-0.6739560172621611,-0.6739560172621614,-0.7998870323150387,-0.2685203686336278,-0.26297800653127673,-0.31942966102037684,2.1231856171869983,1.803975513803006,5,24,48,10.5,13.5
break_b08_expanding,117,ols,x2,trap,-0.2691114376778566,-0.26911143767785656,0.40566946874994914,-0.10703286565714673,-0.10735761015628427,0.16427311993625354,2.1231856171869983,1.803975513803006,5,24,48,10.5,13.5
break_b08_expanding,117,ols,x3,noise,-0.013699334742671885,-0.013699334742671801,0.036060019771523046,-0.00657631787224121,-0.006711262055933066,0.014586298949785227,2.1231856171869983,1.803975513803006,5,24,48,10.5,13.5
break_b08_expanding,117,ols,x4,noise,0.0005517537871520091,0.000551753787151966,0.0056543189565604335,0.0003345606074366081,0.00019549180766795468,0.002219323772390968,2.1231856171869983,1.803975513803006,5,24,48,10.5,13.5
break_b08_expanding,117,enet,x1,signal,-0.678692275383464,-0.678692275383464,-0.7853612906261054,-0.27166837456822174,-0.2655402126882338,-0.3180775183038102,2.1231856171869983,1.803975513803006,5,24,48,10.5,13.5
break_b08_expanding,117,enet,x2,trap,-0.266790451986312,-0.26679045198631207,0.29633132282038593,-0.105952481735586,-0.10645557471412848,0.1220448294132287,2.1231856171869983,1.803975513803006,5,24,48,10.5,13.5
break_b08_expanding,117,enet,x3,noise,-0.011322414609814825,-0.011322414609814887,0.0157821632822877,-0.005135566810738521,-0.005128764535025305,0.006482851343123842,2.1231856171869983,1.803975513803006,5,24,48,10.5,13.5
break_b08_expanding,117,enet,x4,noise,1.1102230246251566e-17,0.0,6.013708050052931e-17,5.551115123125783e-18,0.0,6.013708050052931e-17,2.1231856171869983,1.803975513803006,5,24,48,10.5,13.5
break_b08_expanding,117,rf,x1,signal,-0.8666078927886403,-0.8666078927886404,-0.6855735366923458,-0.36273039259538714,-0.3609078496791402,-0.2774793956388963,2.1222436479206093,1.8012370234068575,5,24,48,10.5,13.5
break_b08_expanding,117,rf,x2,trap,-0.3873918594873125,-0.3873918594873125,0.23447613136816745,-0.16725931805411604,-0.1700665816311636,0.09747091860705522,2.1222436479206093,1.8012370234068575,5,24,48,10.5,13.5
break_b08_expanding,117,rf,x3,noise,-0.062025072643621636,-0.0620250726436218,-0.001867995917487264,-0.030002932890966734,-0.030347090466978945,-0.0005081491150287243,2.1222436479206093,1.8012370234068575,5,24,48,10.5,13.5
break_b08_expanding,117,rf,x4,noise,-0.03488957184924201,-0.034889571849242025,0.007894099602268563,-0.017300697402630343,-0.017217200914608956,0.0029601928296551483,2.1222436479206093,1.8012370234068575,5,24,48,10.5,13.5
break_b08_expanding,118,ols,x1,signal,-0.6272436640117451,-0.6272436640117451,-1.053081104967937,-0.26864939821450223,-0.2687428003852515,-0.4021193200248054,1.8035239081598808,2.0036171650047696,5,24,48,10.5,13.6
break_b08_expanding,118,ols,x2,trap,-0.23252044761247365,-0.23252044761247373,0.5455631974564666,-0.10581735471764622,-0.1058098407392909,0.2096509499488163,1.8035239081598808,2.0036171650047696,5,24,48,10.5,13.6
break_b08_expanding,118,ols,x3,noise,-0.02257067059443437,-0.022570670594434492,-0.0001709630131173067,-0.009343170064334359,-0.009659823389604198,0.00011562704102834286,1.8035239081598808,2.0036171650047696,5,24,48,10.5,13.6
break_b08_expanding,118,ols,x4,noise,-0.006893727111879201,-0.006893727111879255,-0.0006861382619929487,-0.0026422110613205764,-0.002553011260607776,-0.0003381554851004086,1.8035239081598808,2.0036171650047696,5,24,48,10.5,13.6
break_b08_expanding,118,enet,x1,signal,-0.6196214301463525,-0.6196214301463525,-1.0441382078075014,-0.26385807616460577,-0.2642558835141391,-0.4063090268938507,1.8035239081598808,2.0036171650047696,5,24,48,10.5,13.6
break_b08_expanding,118,enet,x2,trap,-0.23871035474431715,-0.23871035474431723,0.4031908062348857,-0.10560521229924173,-0.10653272189361192,0.15823416909610624,1.8035239081598808,2.0036171650047696,5,24,48,10.5,13.6
break_b08_expanding,118,enet,x3,noise,1.3877787807814457e-17,0.0,0.0008703591234445288,6.938893903907228e-18,0.0,0.0003381504147350588,1.8035239081598808,2.0036171650047696,5,24,48,10.5,13.6
break_b08_expanding,118,enet,x4,noise,-0.0004041979842197434,-0.00040419798421981293,0.0009756015061456713,-0.00015926947641374233,-0.00016280281276639363,0.0003697369675403119,1.8035239081598808,2.0036171650047696,5,24,48,10.5,13.6
break_b08_expanding,118,rf,x1,signal,-0.7575321498137062,-0.7575321498137063,-0.9329360815423211,-0.3514981175121361,-0.3525813718804966,-0.3583827926198455,1.8011626431899082,2.0013950844014827,5,24,48,10.5,13.6
break_b08_expanding,118,rf,x2,trap,-0.3685075277413468,-0.36850752774134676,0.3908217829600004,-0.18148442317918909,-0.1835381381920298,0.15097120358776508,1.8011626431899082,2.0013950844014827,5,24,48,10.5,13.6
break_b08_expanding,118,rf,x3,noise,-0.06743973620758395,-0.06743973620758394,0.002285831284400302,-0.03475663110124854,-0.03524605641456643,0.0015172325816739617,1.8011626431899082,2.0013950844014827,5,24,48,10.5,13.6
break_b08_expanding,118,rf,x4,noise,-0.06178199996102192,-0.06178199996102194,-0.0020573935356551936,-0.03215802506324653,-0.03185715110750797,-0.0007108612022575164,1.8011626431899082,2.0013950844014827,5,24,48,10.5,13.6
break_b08_expanding,119,ols,x1,signal,-0.883127735052969,-0.8831277350529687,-1.1720202182503068,-0.35425928725925787,-0.37449437038322114,-0.4546013618132825,1.892266499314077,2.197451403187792,5,24,48,10.4,14.0
break_b08_expanding,119,ols,x2,trap,-0.07341357545212282,-0.07341357545212294,0.23567471616157798,-0.020808335624371725,-0.03507675404284204,0.09505073959654364,1.892266499314077,2.197451403187792,5,24,48,10.4,14.0
break_b08_expanding,119,ols,x3,noise,0.008358782055497673,0.008358782055497843,-0.005350830973023822,0.0038235841118615986,0.0034081418349511602,-0.001761125933773607,1.892266499314077,2.197451403187792,5,24,48,10.4,14.0
break_b08_expanding,119,ols,x4,noise,-0.018474974918224647,-0.0184749749182246,0.00763572856436606,-0.008448781921075815,-0.007348043836081887,0.0029380145297695664,1.892266499314077,2.197451403187792,5,24,48,10.4,14.0
break_b08_expanding,119,enet,x1,signal,-0.8838907115704663,-0.8838907115704661,-1.1735259902895316,-0.3547977490370839,-0.37502391860390755,-0.45573826373099946,1.892266499314077,2.197451403187792,5,24,48,10.4,14.0
break_b08_expanding,119,enet,x2,trap,-0.07555346742518966,-0.0755534674251896,0.22821848107063056,-0.021614722498403516,-0.03593835317946218,0.09220922678551254,1.892266499314077,2.197451403187792,5,24,48,10.4,14.0
break_b08_expanding,119,enet,x3,noise,0.007324157655985586,0.007324157655985639,-0.004878355233690855,0.00331978544708377,0.002990880145128117,-0.0016358945117322828,1.892266499314077,2.197451403187792,5,24,48,10.4,14.0
break_b08_expanding,119,enet,x4,noise,-0.016590785664823516,-0.016590785664823558,0.006854157837853575,-0.007594786624216995,-0.006607337756226517,0.0026594723586086367,1.892266499314077,2.197451403187792,5,24,48,10.4,14.0
break_b08_expanding,119,rf,x1,signal,-1.0459693699450994,-1.0459693699450996,-1.046733795252811,-0.44801837900082775,-0.4692552605123912,-0.3993067096567517,1.8908632961731375,2.195510883557929,5,24,48,10.4,14.0
break_b08_expanding,119,rf,x2,trap,-0.17867053293610477,-0.17867053293610477,0.21061544088475345,-0.07592176196367068,-0.09342256888744761,0.08371296778399713,1.8908632961731375,2.195510883557929,5,24,48,10.4,14.0
break_b08_expanding,119,rf,x3,noise,-0.03346042313244298,-0.03346042313244294,-0.011297122982089876,-0.018204701578469738,-0.018744943972312942,-0.004213566582549709,1.8908632961731375,2.195510883557929,5,24,48,10.4,14.0
break_b08_expanding,119,rf,x4,noise,-0.023089523309478045,-0.02308952330947812,0.033992908483658164,-0.0127787404692902,-0.012847991678945458,0.013704186828613728,1.8908632961731375,2.195510883557929,5,24,48,10.4,14.0
break_b08_expanding,120,ols,x1,signal,-0.9462964085991603,-0.9462964085991605,-0.6467875416646739,-0.356104293024501,-0.35208497492946744,-0.2500260278728315,2.683711079106492,1.9678930933925853,5,24,48,10.6,14.2
break_b08_expanding,120,ols,x2,trap,-0.6510100857876592,-0.6510100857876592,0.1493182942463033,-0.242407211142066,-0.24295682553967266,0.05946258456098369,2.683711079106492,1.9678930933925853,5,24,48,10.6,14.2
break_b08_expanding,120,ols,x3,noise,0.006093909634947965,0.006093909634947954,-0.008717645336323304,0.002096755185165725,0.001955727297087357,-0.0034598180778711526,2.683711079106492,1.9678930933925853,5,24,48,10.6,14.2
break_b08_expanding,120,ols,x4,noise,0.00213268142873447,0.0021326814287343115,-0.0016392036544379586,0.0011370503523686752,0.001128690679368193,-0.0004605475937112478,2.683711079106492,1.9678930933925853,5,24,48,10.6,14.2
break_b08_expanding,120,enet,x1,signal,-0.9435369709718581,-0.9435369709718578,-0.64860992473344,-0.35481905882179304,-0.3509428383647426,-0.250918154875537,2.683711079106492,1.9678930933925853,5,24,48,10.6,14.2
break_b08_expanding,120,enet,x2,trap,-0.6506546574105643,-0.6506546574105646,0.14287335651740832,-0.24214345922349892,-0.24276597277366085,0.05697950424642653,2.683711079106492,1.9678930933925853,5,24,48,10.6,14.2
break_b08_expanding,120,enet,x3,noise,0.0052722586155484795,0.005272258615548256,-0.00810339417392599,0.0018108509794342031,0.0016746743319784642,-0.003208739174749009,2.683711079106492,1.9678930933925853,5,24,48,10.6,14.2
break_b08_expanding,120,enet,x4,noise,0.00124076832212803,0.0012407683221280243,-0.0011665431646609482,0.0007389516290325397,0.000746220855887228,-0.0003112874605345715,2.683711079106492,1.9678930933925853,5,24,48,10.6,14.2
break_b08_expanding,120,rf,x1,signal,-1.1833817424807127,-1.183381742480713,-0.6406571974032924,-0.47273407510502496,-0.47059630100506383,-0.2500710249851505,2.6799740974169044,1.9695977484149985,5,24,48,10.6,14.2
break_b08_expanding,120,rf,x2,trap,-0.7431772334450171,-0.7431772334450172,0.15149833092202084,-0.29797442589819595,-0.3031948804943314,0.06257548672070169,2.6799740974169044,1.9695977484149985,5,24,48,10.6,14.2
break_b08_expanding,120,rf,x3,noise,-0.039539682300374135,-0.03953968230037419,-0.02003525137001959,-0.02027716066465896,-0.02005923954214983,-0.008087638763518737,2.6799740974169044,1.9695977484149985,5,24,48,10.6,14.2
break_b08_expanding,120,rf,x4,noise,-0.03248874333920407,-0.03248874333920398,-0.024273378622170938,-0.017519225325050323,-0.01775071728673427,-0.00945388396404337,2.6799740974169044,1.9695977484149985,5,24,48,10.6,14.2
break_b08_expanding,121,ols,x1,signal,-1.3023826550330708,-1.3023826550330708,-1.0060190199817047,-0.4756434942367294,-0.4744644317477615,-0.3920195009524055,2.7517808590241617,2.125954129456723,5,24,48,10.4,14.1
break_b08_expanding,121,ols,x2,trap,-0.29314716801076635,-0.29314716801076623,0.22130679351464996,-0.1051181127682578,-0.10448020918276325,0.09090832676766591,2.7517808590241617,2.125954129456723,5,24,48,10.4,14.1
break_b08_expanding,121,ols,x3,noise,0.007130575467087967,0.007130575467088121,0.0018299029619752137,0.0025697610066828034,0.0026075844759763586,0.0008454490963864572,2.7517808590241617,2.125954129456723,5,24,48,10.4,14.1
break_b08_expanding,121,ols,x4,noise,0.03388805886713388,0.03388805886713381,-0.013680641159041183,0.011534378641529147,0.011685985011373391,-0.004807209887041096,2.7517808590241617,2.125954129456723,5,24,48,10.4,14.1
break_b08_expanding,121,enet,x1,signal,-1.2737660856631638,-1.2737660856631638,-0.9969113035568223,-0.46234422669283237,-0.4620819494118738,-0.3896633617695607,2.7517808590241617,2.125954129456723,5,24,48,10.4,14.1
break_b08_expanding,121,enet,x2,trap,-0.27149419896449745,-0.2714941989644973,0.1552117269002872,-0.0971682066142743,-0.0970947025934495,0.06424155318697534,2.7517808590241617,2.125954129456723,5,24,48,10.4,14.1
break_b08_expanding,121,enet,x3,noise,-1.2027416100105861e-17,0.0,0.0,-1.2027416100105861e-17,0.0,0.0,2.7517808590241617,2.125954129456723,5,24,48,10.4,14.1
break_b08_expanding,121,enet,x4,noise,0.011157761494627026,0.011157761494626934,-0.007150879530359371,0.0036768278947749504,0.0038120278134169704,-0.002553274782771798,2.7517808590241617,2.125954129456723,5,24,48,10.4,14.1
break_b08_expanding,121,rf,x1,signal,-1.4948998751316849,-1.4948998751316849,-0.9575513034873883,-0.5831348218845289,-0.5837829518021924,-0.3726721139693681,2.7518333579901215,2.1246192497033762,5,24,48,10.4,14.1
break_b08_expanding,121,rf,x2,trap,-0.44631207507783743,-0.4463120750778371,0.1445826608767975,-0.18552575767683713,-0.18560103008090492,0.060151465628267724,2.7518333579901215,2.1246192497033762,5,24,48,10.4,14.1
break_b08_expanding,121,rf,x3,noise,-0.05775213592960702,-0.057752135929607006,0.013860190472840338,-0.027974034394889446,-0.028339885430257783,0.00560230407491596,2.7518333579901215,2.1246192497033762,5,24,48,10.4,14.1
break_b08_expanding,121,rf,x4,noise,-0.06026325710447274,-0.06026325710447251,0.00214652975144061,-0.029248773228959753,-0.028911669492080464,0.0015511070774627475,2.7518333579901215,2.1246192497033762,5,24,48,10.4,14.1
break_b08_expanding,122,ols,x1,signal,-0.988901094604184,-0.988901094604184,-1.3224369351735856,-0.3930860551842027,-0.39561362873546274,-0.4887807378909185,2.2047061933830765,2.329726411925679,5,24,48,10.4,13.7
break_b08_expanding,122,ols,x2,trap,-0.1922749012351011,-0.19227490123510096,0.4287001997524806,-0.08537347171050617,-0.07867539317069565,0.16184658237889113,2.2047061933830765,2.329726411925679,5,24,48,10.4,13.7
break_b08_expanding,122,ols,x3,noise,-0.0102990695427033,-0.010299069542703142,0.01598673195122584,-0.004489924601606231,-0.00383651375580836,0.005891305105240702,2.2047061933830765,2.329726411925679,5,24,48,10.4,13.7
break_b08_expanding,122,ols,x4,noise,0.0003669971652406498,0.0003669971652407386,0.01242200402215725,-0.00025248752239735473,7.633308496074233e-05,0.00482202220230728,2.2047061933830765,2.329726411925679,5,24,48,10.4,13.7
break_b08_expanding,122,enet,x1,signal,-0.970187580514339,-0.9701875805143388,-1.2831334325978174,-0.3844824762117546,-0.3869444608757271,-0.47856311011015124,2.2047061933830765,2.329726411925679,5,24,48,10.4,13.7
break_b08_expanding,122,enet,x2,trap,-0.20691156958587617,-0.20691156958587617,0.3328129995698355,-0.09031074223580968,-0.08436003833137988,0.12693344840683943,2.2047061933830765,2.329726411925679,5,24,48,10.4,13.7
break_b08_expanding,122,enet,x3,noise,-0.0021964394769567372,-0.002196439476956744,0.002270247257502261,-0.000992362421498501,-0.0008688588189373648,0.0008435550745368332,2.2047061933830765,2.329726411925679,5,24,48,10.4,13.7
break_b08_expanding,122,enet,x4,noise,-6.198239830848551e-05,-6.198239830840686e-05,0.0020393886554279325,-6.191593025839034e-05,-5.695556632856249e-05,0.0007563938127017935,2.2047061933830765,2.329726411925679,5,24,48,10.4,13.7
break_b08_expanding,122,rf,x1,signal,-1.1971045629616857,-1.1971045629616859,-1.1755067052062143,-0.5041070113729227,-0.5105946409238854,-0.4359706425154995,2.2047419587264416,2.3305083600233516,5,24,48,10.4,13.7
break_b08_expanding,122,rf,x2,trap,-0.3027304266300541,-0.30273042663005406,0.2098903331362214,-0.14342153491711668,-0.1410275676992662,0.07841387273621213,2.2047419587264416,2.3305083600233516,5,24,48,10.4,13.7
break_b08_expanding,122,rf,x3,noise,-0.022802658004610427,-0.022802658004610583,-0.004786577966767898,-0.014036380672754931,-0.013846925078441789,-0.0015806474836024566,2.2047419587264416,2.3305083600233516,5,24,48,10.4,13.7
break_b08_expanding,122,rf,x4,noise,-0.07563092831081752,-0.07563092831081773,0.03211236700385092,-0.03872931957688084,-0.04060420752185424,0.012459939569064075,2.2047419587264416,2.3305083600233516,5,24,48,10.4,13.7
break_b08_expanding,123,ols,x1,signal,-0.7977586346371199,-0.7977586346371198,-1.1662668805176712,-0.3171125500406927,-0.3274996118641998,-0.4521963327746867,2.145771538744498,2.191377276623425,5,24,48,10.3,13.7
break_b08_expanding,123,ols,x2,trap,-0.40998930918686793,-0.409989309186868,0.2828151508740602,-0.16222513360879737,-0.16939527756501513,0.11606281622940795,2.145771538744498,2.191377276623425,5,24,48,10.3,13.7
break_b08_expanding,123,ols,x3,noise,0.0009928423299859171,0.000992842329985957,0.006252506781306548,0.00047152807868108034,0.0004763025028628072,0.0023673825995859147,2.145771538744498,2.191377276623425,5,24,48,10.3,13.7
break_b08_expanding,123,ols,x4,noise,-0.006711452642099882,-0.006711452642099751,0.0021851903527202988,-0.00296997237824158,-0.0028672245950109774,0.0007647525681353679,2.145771538744498,2.191377276623425,5,24,48,10.3,13.7
break_b08_expanding,123,enet,x1,signal,-0.8117126531456254,-0.8117126531456255,-1.1582718950787532,-0.32417974510286274,-0.33323890682321283,-0.45284254813398833,2.145771538744498,2.191377276623425,5,24,48,10.3,13.7
break_b08_expanding,123,enet,x2,trap,-0.4044781994683486,-0.40447819946834823,0.20531029805659315,-0.16125564464441916,-0.16745867259304378,0.08535368826334933,2.145771538744498,2.191377276623425,5,24,48,10.3,13.7
break_b08_expanding,123,enet,x3,noise,1.1564823173178714e-17,0.0,0.0,0.0,0.0,0.0,2.145771538744498,2.191377276623425,5,24,48,10.3,13.7
break_b08_expanding,123,enet,x4,noise,8.789265611615822e-18,0.0,0.0,0.0,0.0,0.0,2.145771538744498,2.191377276623425,5,24,48,10.3,13.7
break_b08_expanding,123,rf,x1,signal,-0.9494270630386177,-0.9494270630386176,-1.1695342514501477,-0.39669060113236426,-0.40652609478219387,-0.454088836174813,2.1465079646062475,2.1932893630962975,5,24,48,10.3,13.7
break_b08_expanding,123,rf,x2,trap,-0.45048854655153947,-0.45048854655153936,0.23472414161134206,-0.19193333795525852,-0.19961994362187632,0.09440579919852167,2.1465079646062475,2.1932893630962975,5,24,48,10.3,13.7
break_b08_expanding,123,rf,x3,noise,-0.030303200937777875,-0.03030320093777791,0.005588944478639886,-0.016686165018918953,-0.016794442987887032,0.002905940048265658,2.1465079646062475,2.1932893630962975,5,24,48,10.3,13.7
break_b08_expanding,123,rf,x4,noise,-0.04010459062087029,-0.04010459062087031,-0.005664663992440523,-0.019822327105169377,-0.01985166775781459,-0.002412849515060697,2.1465079646062475,2.1932893630962975,5,24,48,10.3,13.7
break_b08_expanding,124,ols,x1,signal,-1.693252160222628,-1.6932521602226276,-1.561453464748827,-0.58571445734326,-0.5918387171131118,-0.5807982870823435,3.188256488254111,2.356208965089032,5,24,48,10.2,13.4
break_b08_expanding,124,ols,x2,trap,-0.3495287965721377,-0.34952879657213787,0.606384063449803,-0.12407321150060042,-0.12675933138307602,0.22992667509691456,3.188256488254111,2.356208965089032,5,24,48,10.2,13.4
break_b08_expanding,124,ols,x3,noise,0.00024048941968616644,0.00024048941968625448,0.004495303514265373,2.8719615989218323e-05,8.314409965352414e-05,0.0015498143502923171,3.188256488254111,2.356208965089032,5,24,48,10.2,13.4
break_b08_expanding,124,ols,x4,noise,-0.04990805609801164,-0.04990805609801178,-0.017511054433726386,-0.017021052515587713,-0.020245583118415154,-0.007486316258166241,3.188256488254111,2.356208965089032,5,24,48,10.2,13.4
break_b08_expanding,124,enet,x1,signal,-1.6906440208465265,-1.6906440208465263,-1.5557053948911055,-0.5848013583815663,-0.5908956477006221,-0.5792703043787513,3.188256488254111,2.356208965089032,5,24,48,10.2,13.4
break_b08_expanding,124,enet,x2,trap,-0.35218332533065744,-0.35218332533065766,0.5940614119793689,-0.12496882548781763,-0.12768268163029578,0.22555637962033392,3.188256488254111,2.356208965089032,5,24,48,10.2,13.4
break_b08_expanding,124,enet,x3,noise,7.392081301264495e-08,7.392081291986614e-08,0.0037274224067171493,-4.294697033615663e-05,-8.605413313507911e-07,0.0012905006329410895,3.188256488254111,2.356208965089032,5,24,48,10.2,13.4
break_b08_expanding,124,enet,x4,noise,-0.04825352213807414,-0.04825352213807408,-0.01730802233033162,-0.016454475089248057,-0.019528216106115336,-0.007418434099703923,3.188256488254111,2.356208965089032,5,24,48,10.2,13.4
break_b08_expanding,124,rf,x1,signal,-1.9166578473106601,-1.9166578473106604,-1.3337532347866663,-0.7033892612018511,-0.7066380633212802,-0.4975687278741438,3.187616320950033,2.35814809276208,5,24,48,10.2,13.4
break_b08_expanding,124,rf,x2,trap,-0.4668355753116087,-0.46683557531160874,0.4567181473455264,-0.1868492413798219,-0.1911226756629599,0.17764478155454455,3.187616320950033,2.35814809276208,5,24,48,10.2,13.4
break_b08_expanding,124,rf,x3,noise,-0.026683713362072238,-0.026683713362072287,-0.004789461534183448,-0.013164754814355644,-0.013405884580189436,-0.00136024101923929,3.187616320950033,2.35814809276208,5,24,48,10.2,13.4
break_b08_expanding,124,rf,x4,noise,-0.0692627372220364,-0.06926273722203638,-0.0062538190117404175,-0.03222997717260969,-0.03269085721594204,-0.0018777805078947195,3.187616320950033,2.35814809276208,5,24,48,10.2,13.4
persistent_rho099_rolling20,100,ols,x1,signal,-0.8618826481966242,-0.861882648196624,-0.944623394625857,-0.3614300602547388,-0.3653768223351353,-0.3502708219551763,1.91933844899706,2.2150479041918043,10,24,48,27.1,16.0
persistent_rho099_rolling20,100,ols,x2,trap,-0.04389844150118544,-0.0438984415011854,0.15229492636892453,-0.02267722521362702,-0.021111076046138866,0.0579982926021454,1.91933844899706,2.2150479041918043,10,24,48,27.1,16.0
persistent_rho099_rolling20,100,ols,x3,noise,-0.07035088256423315,-0.07035088256423312,0.09678432726521892,-0.032062243474741764,-0.031377543373871525,0.0365705403554776,1.91933844899706,2.2150479041918043,10,24,48,27.1,16.0
persistent_rho099_rolling20,100,ols,x4,noise,-0.04893894832858266,-0.04893894832858272,0.02679339220303827,-0.02487050802196212,-0.02187927316075727,0.01090026115912234,1.91933844899706,2.2150479041918043,10,24,48,27.1,16.0
persistent_rho099_rolling20,100,enet,x1,signal,-0.8288156477857417,-0.8288156477857417,-0.9520512236608095,-0.34932944688480894,-0.35197926954707776,-0.3594425950588489,1.91933844899706,2.2150479041918043,10,24,48,27.1,16.0
persistent_rho099_rolling20,100,enet,x2,trap,-0.045852474704912674,-0.04585247470491255,0.06596881150093185,-0.021986253319881376,-0.020974818726279376,0.0262362764761513,1.91933844899706,2.2150479041918043,10,24,48,27.1,16.0
persistent_rho099_rolling20,100,enet,x3,noise,-0.07039410109439145,-0.07039410109439141,0.05104163070116558,-0.03002160837300527,-0.03037353064018283,0.019861989947526592,1.91933844899706,2.2150479041918043,10,24,48,27.1,16.0
persistent_rho099_rolling20,100,enet,x4,noise,-0.05836195660795344,-0.05836195660795335,0.020115208195024246,-0.02729339654236676,-0.025040189793036596,0.00830827812339309,1.91933844899706,2.2150479041918043,10,24,48,27.1,16.0
persistent_rho099_rolling20,100,rf,x1,signal,-0.8602597822626231,-0.8602597822626231,-0.740979199999507,-0.3691326744091382,-0.3780746993271695,-0.2737187176308821,1.9204949213506313,2.220192765930668,10,24,48,27.1,16.0
persistent_rho099_rolling20,100,rf,x2,trap,-0.09475406576483228,-0.09475406576483214,-0.01356483759752943,-0.04215415084092828,-0.042067589921313465,-0.004724394607125007,1.9204949213506313,2.220192765930668,10,24,48,27.1,16.0
persistent_rho099_rolling20,100,rf,x3,noise,-0.09451701555612599,-0.09451701555612595,0.021964911866354932,-0.044326010572256755,-0.04239159619779483,0.008343325174234027,1.9204949213506313,2.220192765930668,10,24,48,27.1,16.0
persistent_rho099_rolling20,100,rf,x4,noise,-0.09344138827645228,-0.09344138827645225,0.013224961763192567,-0.04535472391360884,-0.04151287943837146,0.005155839254498765,1.9204949213506313,2.220192765930668,10,24,48,27.1,16.0
persistent_rho099_rolling20,101,ols,x1,signal,-0.8469143339412039,-0.8469143339412039,-0.745490076334411,-0.37116435305218864,-0.3720740335980921,-0.2857023040293755,1.8378264269169884,1.9948475387346838,10,24,48,26.6,16.2
persistent_rho099_rolling20,101,ols,x2,trap,-0.048284090518475715,-0.04828409051847579,0.12479407483766251,-0.022343244607348704,-0.021387203075435898,0.04996281645270051,1.8378264269169884,1.9948475387346838,10,24,48,26.6,16.2
persistent_rho099_rolling20,101,ols,x3,noise,-0.049811838457972074,-0.04981183845797207,0.09636946606828944,-0.023410349061012005,-0.022872478297057335,0.03670418292914236,1.8378264269169884,1.9948475387346838,10,24,48,26.6,16.2
persistent_rho099_rolling20,101,ols,x4,noise,-0.07666129290458519,-0.07666129290458525,0.044486864471181366,-0.03391145472708819,-0.035917953461642976,0.017501145770099584,1.8378264269169884,1.9948475387346838,10,24,48,26.6,16.2
persistent_rho099_rolling20,101,enet,x1,signal,-0.8469011936448215,-0.8469011936448213,-0.7455268057699627,-0.37116085011773975,-0.372070064055045,-0.28572490164542164,1.8378264269169882,1.9948475387346836,10,24,48,26.6,16.2
persistent_rho099_rolling20,101,enet,x2,trap,-0.04828230343749828,-0.048282303437498265,0.12469910139143625,-0.022342200688620636,-0.02138636215990102,0.04992788250905747,1.8378264269169882,1.9948475387346836,10,24,48,26.6,16.2
persistent_rho099_rolling20,101,enet,x3,noise,-0.049816930930441775,-0.049816930930441684,0.09632490966015018,-0.023412059723802597,-0.022874069403722067,0.036688328573930236,1.8378264269169882,1.9948475387346836,10,24,48,26.6,16.2
persistent_rho099_rolling20,101,enet,x4,noise,-0.07667110239665323,-0.07667110239665331,0.044439914092346905,-0.0339142762390114,-0.03592115874866151,0.017483855850638025,1.8378264269169882,1.9948475387346836,10,24,48,26.6,16.2
persistent_rho099_rolling20,101,rf,x1,signal,-0.9004089545475065,-0.9004089545475065,-0.5918292908443336,-0.4085126159545106,-0.41065191316865945,-0.22678575836684647,1.8398882117912578,2.00653342841497,10,24,48,26.6,16.2
persistent_rho099_rolling20,101,rf,x2,trap,-0.07241188798040035,-0.07241188798040028,0.00414519183095353,-0.033168208303756254,-0.03323756447764001,0.001963776722481441,1.8398882117912578,2.00653342841497,10,24,48,26.6,16.2
persistent_rho099_rolling20,101,rf,x3,noise,-0.07141034277430493,-0.07141034277430496,0.013307089298103836,-0.031367167828908506,-0.03275830196084615,0.005114643442885876,1.8398882117912578,2.00653342841497,10,24,48,26.6,16.2
persistent_rho099_rolling20,101,rf,x4,noise,-0.10205941242391922,-0.10205941242391918,0.0046872826061425165,-0.04725209632532954,-0.04695193059866059,0.0018698975501790112,1.8398882117912578,2.00653342841497,10,24,48,26.6,16.2
persistent_rho099_rolling20,102,ols,x1,signal,-0.7743802546997949,-0.7743802546997948,-1.0963182735718318,-0.33608815885768684,-0.34424710776953066,-0.40300300915078324,1.787124070079919,2.25299472923877,10,24,48,27.0,16.9
persistent_rho099_rolling20,102,ols,x2,trap,-0.016793638227042378,-0.016793638227042433,0.23043736306693452,-0.012788898006278993,-0.010981602126912479,0.08520764015347106,1.787124070079919,2.25299472923877,10,24,48,27.0,16.9
persistent_rho099_rolling20,102,ols,x3,noise,-0.05624558656354672,-0.05624558656354663,0.09233922649300634,-0.025275009574115152,-0.025750752862945318,0.034025223379653,1.787124070079919,2.25299472923877,10,24,48,27.0,16.9
persistent_rho099_rolling20,102,ols,x4,noise,-0.1332682974525999,-0.13326829745259985,0.06868537676401294,-0.054357018097450846,-0.05783615533267189,0.02701434194606449,1.787124070079919,2.25299472923877,10,24,48,27.0,16.9
persistent_rho099_rolling20,102,enet,x1,signal,-0.7221389631045732,-0.7221389631045732,-1.0626196280032676,-0.3160985146927545,-0.32214440288810914,-0.39996377864136606,1.787124070079919,2.25299472923877,10,24,48,27.0,16.9
persistent_rho099_rolling20,102,enet,x2,trap,-0.04194525160997824,-0.04194525160997838,0.11085695675836978,-0.019221523440903616,-0.019119576566179946,0.042734750614371264,1.787124070079919,2.25299472923877,10,24,48,27.0,16.9
persistent_rho099_rolling20,102,enet,x3,noise,-0.05302189940451674,-0.05302189940451674,0.046012777514734295,-0.023032712529000205,-0.023801488254847306,0.017453396391807142,1.787124070079919,2.25299472923877,10,24,48,27.0,16.9
persistent_rho099_rolling20,102,enet,x4,noise,-0.1418348806033183,-0.14183488060331828,0.031636508984566776,-0.05805229587721113,-0.06172248613531193,0.01303550501242596,1.787124070079919,2.25299472923877,10,24,48,27.0,16.9
persistent_rho099_rolling20,102,rf,x1,signal,-0.8044970134628604,-0.8044970134628606,-0.6883510669261971,-0.37231227617152995,-0.37747836088009823,-0.2513781834631299,1.78890715626603,2.2445712429264906,10,24,48,27.0,16.9
persistent_rho099_rolling20,102,rf,x2,trap,-0.08070669351344786,-0.08070669351344777,-0.0017133803576065744,-0.03765507510789991,-0.03808051713035235,-0.0005232348294481187,1.78890715626603,2.2445712429264906,10,24,48,27.0,16.9
persistent_rho099_rolling20,102,rf,x3,noise,-0.12320033840871339,-0.12320033840871346,-0.009041101811636365,-0.05577317209817897,-0.05840092786505627,-0.003170170355795948,1.78890715626603,2.2445712429264906,10,24,48,27.0,16.9
persistent_rho099_rolling20,102,rf,x4,noise,-0.147217473727757,-0.14721747372775693,0.00558118607278064,-0.06550448001644929,-0.06774807432264046,0.002292593110068214,1.78890715626603,2.2445712429264906,10,24,48,27.0,16.9
persistent_rho099_rolling20,103,ols,x1,signal,-0.8794022090929564,-0.8794022090929564,-0.9974524345634306,-0.3709244320944068,-0.37343979503003166,-0.36306803675126303,1.9362349824535872,2.227430029857677,10,24,48,26.9,16.3
persistent_rho099_rolling20,103,ols,x2,trap,-0.06791850843983219,-0.06791850843983209,0.22076010727519702,-0.028077829617142298,-0.029094457893921687,0.0796748638144371,1.9362349824535872,2.227430029857677,10,24,48,26.9,16.3
persistent_rho099_rolling20,103,ols,x3,noise,-0.06576763086971142,-0.06576763086971145,0.062175748387341724,-0.02675278468266301,-0.02778291920846983,0.022441600166631298,1.9362349824535872,2.227430029857677,10,24,48,26.9,16.3
persistent_rho099_rolling20,103,ols,x4,noise,-0.029513318900495522,-0.029513318900495532,0.04966504729262764,-0.017941551906970415,-0.015847631586600935,0.01852525707941483,1.9362349824535872,2.227430029857677,10,24,48,26.9,16.3
persistent_rho099_rolling20,103,enet,x1,signal,-0.8458606044884194,-0.8458606044884194,-0.9881172150468082,-0.3567978157507614,-0.35944886680285687,-0.367376473184543,1.9362349824535872,2.227430029857677,10,24,48,26.9,16.3
persistent_rho099_rolling20,103,enet,x2,trap,-0.06772870372470172,-0.06772870372470173,0.13094698501670685,-0.027636263240182524,-0.028634063829198534,0.04823164223435255,1.9362349824535872,2.227430029857677,10,24,48,26.9,16.3
persistent_rho099_rolling20,103,enet,x3,noise,-0.06314441366891306,-0.06314441366891309,0.03122536358249838,-0.02589989955880977,-0.0266007980088902,0.011328307346992797,1.9362349824535872,2.227430029857677,10,24,48,26.9,16.3
persistent_rho099_rolling20,103,enet,x4,noise,-0.04424225271608882,-0.04424225271608889,0.016528011450947223,-0.021638471815302825,-0.02011118067245442,0.006162392668488473,1.9362349824535872,2.227430029857677,10,24,48,26.9,16.3
persistent_rho099_rolling20,103,rf,x1,signal,-0.9642043450008126,-0.9642043450008125,-0.7203338873514085,-0.4293216005795176,-0.43413471223277705,-0.264450237480161,1.9382280267501946,2.229928452928634,10,24,48,26.9,16.3
persistent_rho099_rolling20,103,rf,x2,trap,-0.13670592825823197,-0.136705928258232,-0.00794412764130431,-0.06086325884221795,-0.061618172424603435,-0.0026572257455050063,1.9382280267501946,2.229928452928634,10,24,48,26.9,16.3
persistent_rho099_rolling20,103,rf,x3,noise,-0.07700931025092374,-0.07700931025092367,0.02880602150792393,-0.035392769246215705,-0.035485615691126016,0.010727055015874216,1.9382280267501946,2.229928452928634,10,24,48,26.9,16.3
persistent_rho099_rolling20,103,rf,x4,noise,-0.08846458708753328,-0.08846458708753334,-0.006595834423581036,-0.04362615749949858,-0.04130326297704631,-0.0024665902942828687,1.9382280267501946,2.229928452928634,10,24,48,26.9,16.3
persistent_rho099_rolling20,104,ols,x1,signal,-1.0932558676805422,-1.093255867680542,-1.1817838945781753,-0.4455822484768925,-0.4598492747246883,-0.42264125485113285,2.079298316548975,2.3827567691416918,10,24,48,26.8,16.7
persistent_rho099_rolling20,104,ols,x2,trap,-0.042156158961918766,-0.04215615896191882,0.23107707927011836,-0.028808291997638225,-0.02248871349466955,0.08086587206355202,2.079298316548975,2.3827567691416918,10,24,48,26.8,16.7
persistent_rho099_rolling20,104,ols,x3,noise,-0.0985569983557587,-0.09855699835575882,0.06381858005986163,-0.04244782223598955,-0.04348659898676016,0.02342017314434207,2.079298316548975,2.3827567691416918,10,24,48,26.8,16.7
persistent_rho099_rolling20,104,ols,x4,noise,-0.021676657973272763,-0.021676657973272773,0.07310871956224307,-0.008441460251733073,-0.008599535146510072,0.02732535398260949,2.079298316548975,2.3827567691416918,10,24,48,26.8,16.7
persistent_rho099_rolling20,104,enet,x1,signal,-1.050162811086545,-1.0501628110865449,-1.1655833862031213,-0.4317711956830298,-0.44275693095329444,-0.42820933831184166,2.0792983165489747,2.3827567691416918,10,24,48,26.8,16.7
persistent_rho099_rolling20,104,enet,x2,trap,-0.06869887089101634,-0.06869887089101627,0.10614906801488984,-0.032761168522790235,-0.030315533309026175,0.0384212680712846,2.0792983165489747,2.3827567691416918,10,24,48,26.8,16.7
persistent_rho099_rolling20,104,enet,x3,noise,-0.09264585382261484,-0.09264585382261466,0.032844478708247776,-0.039369599026169724,-0.04046128157315027,0.012489906588399978,2.0792983165489747,2.3827567691416918,10,24,48,26.8,16.7
persistent_rho099_rolling20,104,enet,x4,noise,-0.022039008489039967,-0.02203900848903978,0.045789036537827364,-0.00858970546446845,-0.008795844026786423,0.017722300869435895,2.0792983165489747,2.3827567691416918,10,24,48,26.8,16.7
persistent_rho099_rolling20,104,rf,x1,signal,-1.1115907618123109,-1.1115907618123109,-0.8223706077869201,-0.4756848564891699,-0.4853052395590642,-0.292385808115828,2.0803040324641593,2.383794811419311,10,24,48,26.8,16.7
persistent_rho099_rolling20,104,rf,x2,trap,-0.13072766823776266,-0.1307276682377627,0.02130833178105952,-0.0580491826960837,-0.057620521981165934,0.007892430435048803,2.0803040324641593,2.383794811419311,10,24,48,26.8,16.7
persistent_rho099_rolling20,104,rf,x3,noise,-0.07512580506966841,-0.07512580506966852,0.02790803428155833,-0.03156108462974502,-0.033533017346120395,0.010287382071624681,2.0803040324641593,2.383794811419311,10,24,48,26.8,16.7
persistent_rho099_rolling20,104,rf,x4,noise,-0.05072958962027441,-0.05072958962027436,0.024534177062162335,-0.02084918020698006,-0.02198905540187962,0.008991232794856016,2.0803040324641593,2.383794811419311,10,24,48,26.8,16.7
persistent_rho099_rolling20,105,ols,x1,signal,-0.9827752620334455,-0.9827752620334455,-0.9424666768367098,-0.41244030624051764,-0.41535979768366493,-0.35812864225174446,1.9889235883634961,2.120952452522706,10,24,48,26.8,16.4
persistent_rho099_rolling20,105,ols,x2,trap,-0.02196464009800498,-0.021964640098005028,0.14197227485239153,-0.014746169796245498,-0.01411633595905787,0.05346420523493282,1.9889235883634961,2.120952452522706,10,24,48,26.8,16.4
persistent_rho099_rolling20,105,ols,x3,noise,-0.023597971065247702,-0.023597971065247806,0.06968011993299851,-0.010582093607792562,-0.010431795262587425,0.02720187831459314,1.9889235883634961,2.120952452522706,10,24,48,26.8,16.4
persistent_rho099_rolling20,105,ols,x4,noise,-0.10156754709684157,-0.10156754709684161,0.04211540868022353,-0.04249287570111134,-0.04355176339200414,0.017881516179632538,1.9889235883634961,2.120952452522706,10,24,48,26.8,16.4
persistent_rho099_rolling20,105,enet,x1,signal,-0.9521250140987234,-0.9521250140987236,-0.9400870558448157,-0.40090618270354633,-0.40279111285065783,-0.3632235272131548,1.988923588363496,2.120952452522706,10,24,48,26.8,16.4
persistent_rho099_rolling20,105,enet,x2,trap,-0.033798699531368645,-0.03379869953136859,0.07273632187494908,-0.016071487188717187,-0.01656021173650489,0.02804828429555788,1.988923588363496,2.120952452522706,10,24,48,26.8,16.4
persistent_rho099_rolling20,105,enet,x3,noise,-0.021252568880084963,-0.021252568880084945,0.042870082273304834,-0.009004001529484534,-0.009226062675812156,0.017182146467356607,1.988923588363496,2.120952452522706,10,24,48,26.8,16.4
persistent_rho099_rolling20,105,enet,x4,noise,-0.0991814648138222,-0.09918146481382221,0.021644346547438326,-0.04145846342127565,-0.042264880709549334,0.009736476746583454,1.988923588363496,2.120952452522706,10,24,48,26.8,16.4
persistent_rho099_rolling20,105,rf,x1,signal,-0.9728208866792443,-0.9728208866792442,-0.7095387176028298,-0.4244103862959646,-0.4266716293060284,-0.2654110646200761,1.989553571489369,2.1203971599106906,10,24,48,26.8,16.4
persistent_rho099_rolling20,105,rf,x2,trap,-0.08957188928036733,-0.08957188928036737,0.024350944185141762,-0.0392295441326909,-0.04059780399713381,0.00925567914970875,1.989553571489369,2.1203971599106906,10,24,48,26.8,16.4
persistent_rho099_rolling20,105,rf,x3,noise,-0.03543880658925016,-0.0354388065892502,0.022202436003980388,-0.015773721600938297,-0.015925562704853565,0.008373962567023512,1.989553571489369,2.1203971599106906,10,24,48,26.8,16.4
persistent_rho099_rolling20,105,rf,x4,noise,-0.158444588450463,-0.15844458845046308,0.030353031361299212,-0.07395959874140437,-0.07100418048264129,0.011362732589117339,1.989553571489369,2.1203971599106906,10,24,48,26.8,16.4
persistent_rho099_rolling20,106,ols,x1,signal,-0.9254418826560584,-0.9254418826560586,-0.8200086082765551,-0.40283398671117,-0.409519816727511,-0.3156514912461563,1.843272566303557,1.9516374771202927,10,24,48,27.0,16.6
persistent_rho099_rolling20,106,ols,x2,trap,-0.022118922618721375,-0.02211892261872132,0.1723697758409434,-0.014974659022220931,-0.012089041264324618,0.06687909540472767,1.843272566303557,1.9516374771202927,10,24,48,27.0,16.6
persistent_rho099_rolling20,106,ols,x3,noise,-0.10918169429179987,-0.10918169429179979,0.083292202085822,-0.051986064058701376,-0.04979069740234138,0.03200951580856013,1.843272566303557,1.9516374771202927,10,24,48,27.0,16.6
persistent_rho099_rolling20,106,ols,x4,noise,-0.013672722429939537,-0.013672722429939381,0.08421784874103477,-0.007103053202508465,-0.007149135153859301,0.03281026911381968,1.843272566303557,1.9516374771202927,10,24,48,27.0,16.6
persistent_rho099_rolling20,106,enet,x1,signal,-0.887875649034416,-0.8878756490344157,-0.7953583861716131,-0.387052396219535,-0.3932640161467271,-0.3152896626360886,1.843272566303557,1.9516374771202922,10,24,48,27.0,16.6
persistent_rho099_rolling20,106,enet,x2,trap,-0.030467950840778267,-0.030467950840778222,0.0701815680445398,-0.017189405578137258,-0.01458769706611794,0.028601824336115064,1.843272566303557,1.9516374771202922,10,24,48,27.0,16.6
persistent_rho099_rolling20,106,enet,x3,noise,-0.11165180371232268,-0.11165180371232264,0.04056612511759088,-0.05181370972700443,-0.05022067973010034,0.01638191408448193,1.843272566303557,1.9516374771202922,10,24,48,27.0,16.6
persistent_rho099_rolling20,106,enet,x4,noise,-0.018949649020939673,-0.018949649020939714,0.03439268158826075,-0.008024557373070961,-0.008348818107837592,0.014093464171031167,1.843272566303557,1.9516374771202922,10,24,48,27.0,16.6
persistent_rho099_rolling20,106,rf,x1,signal,-1.1008684594045826,-1.1008684594045826,-0.6672755852835545,-0.5093798141811925,-0.5210885004785947,-0.26318931928328493,1.8452946887473702,1.9476856573196002,10,24,48,27.0,16.6
persistent_rho099_rolling20,106,rf,x2,trap,-0.08826324917701786,-0.08826324917701789,-0.0013926552660904294,-0.04827870345228198,-0.04314486509065298,-0.0002383346903648114,1.8452946887473702,1.9476856573196002,10,24,48,27.0,16.6
persistent_rho099_rolling20,106,rf,x3,noise,-0.05817281680656604,-0.05817281680656613,0.017443963897239973,-0.02910754892059824,-0.028189807837639053,0.006707242431981557,1.8452946887473702,1.9476856573196002,10,24,48,27.0,16.6
persistent_rho099_rolling20,106,rf,x4,noise,-0.044495844816166176,-0.04449584481616616,0.0076335297865506605,-0.02173239735862385,-0.022021081668666134,0.003095071029639402,1.8452946887473702,1.9476856573196002,10,24,48,27.0,16.6
persistent_rho099_rolling20,107,ols,x1,signal,-1.0550083231120946,-1.0550083231120944,-0.9561161478138086,-0.42603083228805394,-0.4550042616165748,-0.3563297113815358,1.9926068013265539,2.124309405755488,10,24,48,26.7,15.8
persistent_rho099_rolling20,107,ols,x2,trap,-0.018928907741626304,-0.018928907741626307,0.19974502146519613,-0.009348879396931752,-0.008892310549322088,0.07369335946209617,1.9926068013265539,2.124309405755488,10,24,48,26.7,15.8
persistent_rho099_rolling20,107,ols,x3,noise,-0.042970018834912055,-0.0429700188349121,0.09699389164242757,-0.018253834087478143,-0.019279008110238968,0.03665864266399666,1.9926068013265539,2.124309405755488,10,24,48,26.7,15.8
persistent_rho099_rolling20,107,ols,x4,noise,-0.07238024322554118,-0.0723802432255412,0.06624358090660624,-0.035608007250061885,-0.032140851474291805,0.025883492636420924,1.9926068013265539,2.124309405755488,10,24,48,26.7,15.8
persistent_rho099_rolling20,107,enet,x1,signal,-1.026138459883504,-1.026138459883504,-0.933221248305756,-0.41357298988385977,-0.4421371251949446,-0.3565981905400544,1.992606801326554,2.1243094057554885,10,24,48,26.7,15.8
persistent_rho099_rolling20,107,enet,x2,trap,-0.03121466285421849,-0.031214662854218592,0.09120997133702731,-0.012698194220045981,-0.013167647281156505,0.035434497280763186,1.992606801326554,2.1243094057554885,10,24,48,26.7,15.8
persistent_rho099_rolling20,107,enet,x3,noise,-0.04168030804318389,-0.04168030804318398,0.05726693459684203,-0.017076930644530367,-0.018252248960971457,0.022216820709450094,1.992606801326554,2.1243094057554885,10,24,48,26.7,15.8
persistent_rho099_rolling20,107,enet,x4,noise,-0.07253742085873968,-0.07253742085873956,0.041359281146290915,-0.03516428732721818,-0.031929889585932215,0.01657316370546707,1.992606801326554,2.1243094057554885,10,24,48,26.7,15.8
persistent_rho099_rolling20,107,rf,x1,signal,-1.0334281554090023,-1.0334281554090026,-0.6884793903457119,-0.4338673616378005,-0.46363745916568083,-0.25770058846097216,1.993541763793465,2.1259231468723403,10,24,48,26.7,15.8
persistent_rho099_rolling20,107,rf,x2,trap,-0.1308769886942035,-0.13087698869420336,-0.004880625881811845,-0.053738655422502515,-0.05641675809741428,-0.0011933321481288894,1.993541763793465,2.1259231468723403,10,24,48,26.7,15.8
persistent_rho099_rolling20,107,rf,x3,noise,-0.0502043550283273,-0.05020435502832721,0.025434410468773015,-0.021804160141577076,-0.022835733498566935,0.0095193272157049,1.993541763793465,2.1259231468723403,10,24,48,26.7,15.8
persistent_rho099_rolling20,107,rf,x4,noise,-0.10635738077466243,-0.10635738077466239,0.0408600285916536,-0.05300994078117712,-0.04887083903512601,0.015598404637075175,1.993541763793465,2.1259231468723403,10,24,48,26.7,15.8
persistent_rho099_rolling20,108,ols,x1,signal,-1.0229715948268558,-1.022971594826856,-1.0737602631020524,-0.4306344232979211,-0.45769685472161276,-0.41075529884276546,1.9698819956461242,2.1991303693788007,10,24,48,27.1,16.6
persistent_rho099_rolling20,108,ols,x2,trap,-0.16227483995135258,-0.16227483995135253,0.04439496626095851,-0.07520507645742253,-0.07305732796298355,0.018899216384285215,1.9698819956461242,2.1991303693788007,10,24,48,27.1,16.6
persistent_rho099_rolling20,108,ols,x3,noise,-0.04069405809902325,-0.04069405809902321,0.10279314587453532,-0.02091902202658894,-0.019917970556420812,0.039784814432237074,1.9698819956461242,2.1991303693788007,10,24,48,27.1,16.6
persistent_rho099_rolling20,108,ols,x4,noise,-0.06344460907828763,-0.06344460907828753,0.04924506599780998,-0.02815138751652805,-0.027930337421959554,0.018821792277187558,1.9698819956461242,2.1991303693788007,10,24,48,27.1,16.6
persistent_rho099_rolling20,108,enet,x1,signal,-1.0029554543028973,-1.0029554543028976,-1.0440882017215514,-0.4200058493277677,-0.44725029440939307,-0.4058374439890522,1.9698819956461244,2.1991303693788007,10,24,48,27.1,16.6
persistent_rho099_rolling20,108,enet,x2,trap,-0.1651116224025938,-0.16511162240259378,-0.01919775156791889,-0.07580772200025312,-0.07365492168031013,-0.005897548242997826,1.9698819956461244,2.1991303693788007,10,24,48,27.1,16.6
persistent_rho099_rolling20,108,enet,x3,noise,-0.040537465702399814,-0.040537465702399904,0.058882832883374314,-0.020026895222457645,-0.01913444835685488,0.022949728668940832,1.9698819956461244,2.1991303693788007,10,24,48,27.1,16.6
persistent_rho099_rolling20,108,enet,x4,noise,-0.06202567455511376,-0.0620256745551138,0.021122718395632848,-0.02726005457666783,-0.027272423154755473,0.008494617416456502,1.9698819956461244,2.1991303693788007,10,24,48,27.1,16.6
persistent_rho099_rolling20,108,rf,x1,signal,-1.004537478588491,-1.004537478588491,-0.6871268311006434,-0.4259228762747802,-0.45318176006235894,-0.25568248071619903,1.9709950589112548,2.2007146352044424,10,24,48,27.1,16.6
persistent_rho099_rolling20,108,rf,x2,trap,-0.19675642969025545,-0.19675642969025553,-0.09329997745024914,-0.09229744295658078,-0.08868859967826677,-0.03455933388371933,1.9709950589112548,2.2007146352044424,10,24,48,27.1,16.6
persistent_rho099_rolling20,108,rf,x3,noise,-0.03430188796626184,-0.03430188796626199,0.030188410526633652,-0.016557640108150688,-0.01626868850584907,0.011364573964203817,1.9709950589112548,2.2007146352044424,10,24,48,27.1,16.6
persistent_rho099_rolling20,108,rf,x4,noise,-0.08554560516040985,-0.08554560516040983,0.010932118441987505,-0.04054150869292107,-0.03964725486591446,0.004283897887070534,1.9709950589112548,2.2007146352044424,10,24,48,27.1,16.6
persistent_rho099_rolling20,109,ols,x1,signal,-1.1463393911687965,-1.1463393911687962,-1.0771401452484044,-0.5263994490199775,-0.5221782250138368,-0.4107306437607267,1.8658917165196385,2.1659651821693684,10,24,48,27.0,15.8
persistent_rho099_rolling20,109,ols,x2,trap,-0.006861953820522665,-0.006861953820522671,0.1633200074154686,-0.009709955920784741,-0.007596269538637838,0.06019610546549459,1.8658917165196385,2.1659651821693684,10,24,48,27.0,15.8
persistent_rho099_rolling20,109,ols,x3,noise,-0.047002589069258416,-0.04700258906925827,0.02869747979082103,-0.02736712043901443,-0.026556006167373625,0.012732592444022079,1.8658917165196385,2.1659651821693684,10,24,48,27.0,15.8
persistent_rho099_rolling20,109,ols,x4,noise,-0.040979991772263746,-0.040979991772263774,0.04743586935872438,-0.02135751692410804,-0.019261385212605134,0.0185897098672824,1.8658917165196385,2.1659651821693684,10,24,48,27.0,15.8
persistent_rho099_rolling20,109,enet,x1,signal,-1.124463985053245,-1.124463985053245,-1.0782538903738017,-0.5164687630496994,-0.5121768340372594,-0.4213510308226806,1.8658917165196385,2.165965182169369,10,24,48,27.0,15.8
persistent_rho099_rolling20,109,enet,x2,trap,-0.012426875875499599,-0.012426875875499654,0.07314215575031584,-0.009517435572345124,-0.00789676790096231,0.02743003243570114,1.8658917165196385,2.165965182169369,10,24,48,27.0,15.8
persistent_rho099_rolling20,109,enet,x3,noise,-0.04511667505765874,-0.0451166750576587,0.012121749106441764,-0.024724840469399503,-0.024080807174466035,0.005870727481650105,1.8658917165196385,2.165965182169369,10,24,48,27.0,15.8
persistent_rho099_rolling20,109,enet,x4,noise,-0.03535170765124091,-0.03535170765124087,0.009899914487953668,-0.01799677752367406,-0.016506921997178955,0.0039290493996371354,1.8658917165196385,2.165965182169369,10,24,48,27.0,15.8
persistent_rho099_rolling20,109,rf,x1,signal,-1.1811825946296257,-1.1811825946296255,-0.8303468058391327,-0.5616765715097289,-0.5591741288876523,-0.31348092196443905,1.8666885111725116,2.1741430913949573,10,24,48,27.0,15.8
persistent_rho099_rolling20,109,rf,x2,trap,-0.0555766275412045,-0.05557662754120437,0.012112545061167357,-0.02546448380070072,-0.02621582926318823,0.004685846265466133,1.8666885111725116,2.1741430913949573,10,24,48,27.0,15.8
persistent_rho099_rolling20,109,rf,x3,noise,-0.03687092665527448,-0.036870926655274354,0.011011401695795411,-0.017239795748781473,-0.018491746587101204,0.004362117746130346,1.8666885111725116,2.1741430913949573,10,24,48,27.0,15.8
persistent_rho099_rolling20,109,rf,x4,noise,-0.04535268804037242,-0.045352688040372485,0.017391753308663136,-0.020622622668931192,-0.022314993523438714,0.006503269407005699,1.8666885111725116,2.1741430913949573,10,24,48,27.0,15.8
persistent_rho099_rolling20,110,ols,x1,signal,-0.6463395008995437,-0.6463395008995438,-0.7900287084184106,-0.3104042376924103,-0.3043102860924784,-0.3027901279040394,1.5366538197965511,1.9829406669393417,10,24,48,26.7,16.6
persistent_rho099_rolling20,110,ols,x2,trap,-0.049511228683405226,-0.04951122868340523,0.15648956678256606,-0.022287579699766413,-0.022849980159794777,0.060218995790752204,1.5366538197965511,1.9829406669393417,10,24,48,26.7,16.6
persistent_rho099_rolling20,110,ols,x3,noise,-0.04342938707275168,-0.043429387072751784,0.053108204546491976,-0.020922197888263744,-0.020819690000668446,0.021490144132617395,1.5366538197965511,1.9829406669393417,10,24,48,26.7,16.6
persistent_rho099_rolling20,110,ols,x4,noise,-0.028575951642581532,-0.02857595164258148,0.0912962876289314,-0.01782101714072575,-0.01482733429144231,0.03512530000065656,1.5366538197965511,1.9829406669393417,10,24,48,26.7,16.6
persistent_rho099_rolling20,110,enet,x1,signal,-0.6242599127170692,-0.6242599127170694,-0.7920532500381822,-0.2995796977701672,-0.29358641861262147,-0.3111189192552259,1.5366538197965514,1.9829406669393417,10,24,48,26.7,16.6
persistent_rho099_rolling20,110,enet,x2,trap,-0.05017007660338346,-0.05017007660338358,0.05865404353630699,-0.02222527944749637,-0.022984060597183234,0.02359039238432134,1.5366538197965514,1.9829406669393417,10,24,48,26.7,16.6
persistent_rho099_rolling20,110,enet,x3,noise,-0.04442989310943944,-0.04442989310943951,0.026591167210750125,-0.020378060915564458,-0.02075680891233189,0.01128307159205108,1.5366538197965514,1.9829406669393417,10,24,48,26.7,16.6
persistent_rho099_rolling20,110,enet,x4,noise,-0.029812223366482045,-0.029812223366482146,0.05522796128595687,-0.017129240444289765,-0.014607787827687705,0.021922193316954063,1.5366538197965514,1.9829406669393417,10,24,48,26.7,16.6
persistent_rho099_rolling20,110,rf,x1,signal,-0.7621138379433325,-0.7621138379433324,-0.6248579398308826,-0.37883441447681937,-0.38161500179476743,-0.24200375503107444,1.5375840888289471,1.9872452362799067,10,24,48,26.7,16.6
persistent_rho099_rolling20,110,rf,x2,trap,-0.08297913352103314,-0.08297913352103316,0.006551083948387396,-0.04047709010541898,-0.04176594847964795,0.0028763113250851804,1.5375840888289471,1.9872452362799067,10,24,48,26.7,16.6
persistent_rho099_rolling20,110,rf,x3,noise,-0.09636864990393047,-0.09636864990393056,0.005517136162497373,-0.04613201158961963,-0.048706961350439504,0.0023160966476387635,1.5375840888289471,1.9872452362799067,10,24,48,26.7,16.6
persistent_rho099_rolling20,110,rf,x4,noise,-0.030407018156952365,-0.03040701815695231,0.015490878289179113,-0.01667341821787449,-0.0157650944111869,0.006074365735234989,1.5375840888289471,1.9872452362799067,10,24,48,26.7,16.6
persistent_rho099_rolling20,111,ols,x1,signal,-0.7651880671413205,-0.7651880671413206,-0.9773744974424531,-0.32275257599912743,-0.33750503392734377,-0.37435348252478695,1.7762099522450547,2.0476529357483364,10,24,48,27.1,16.2
persistent_rho099_rolling20,111,ols,x2,trap,-0.06314169205627826,-0.0631416920562784,0.15164020688908889,-0.03227625993865836,-0.029223415763806937,0.055806830568263056,1.7762099522450547,2.0476529357483364,10,24,48,27.1,16.2
persistent_rho099_rolling20,111,ols,x3,noise,-0.0519343333641822,-0.05193433336418226,0.05391819010141894,-0.022968260341470585,-0.024314308499538254,0.021242979713694505,1.7762099522450547,2.0476529357483364,10,24,48,27.1,16.2
persistent_rho099_rolling20,111,ols,x4,noise,-0.08950656080146435,-0.08950656080146428,0.07353916128095637,-0.04614283912614762,-0.04368285693479284,0.027967875546691116,1.7762099522450547,2.0476529357483364,10,24,48,27.1,16.2
persistent_rho099_rolling20,111,enet,x1,signal,-0.7364587456005574,-0.7364587456005575,-0.9514372300622931,-0.31071886658673975,-0.32513080115805154,-0.37274515226695937,1.7762099522450547,2.0476529357483364,10,24,48,27.1,16.2
persistent_rho099_rolling20,111,enet,x2,trap,-0.06687271940861947,-0.06687271940861948,0.07561440980455275,-0.03301922226458528,-0.030351927115443763,0.02898736670600328,1.7762099522450547,2.0476529357483364,10,24,48,27.1,16.2
persistent_rho099_rolling20,111,enet,x3,noise,-0.05292721214026415,-0.05292721214026432,0.03946598545196305,-0.022309888946575582,-0.023990309777631752,0.015891835884945252,1.7762099522450547,2.0476529357483364,10,24,48,27.1,16.2
persistent_rho099_rolling20,111,enet,x4,noise,-0.08970261830064244,-0.08970261830064248,0.03321015455642839,-0.044628396733579295,-0.04209241518468193,0.012478114552354772,1.7762099522450547,2.0476529357483364,10,24,48,27.1,16.2
persistent_rho099_rolling20,111,rf,x1,signal,-0.7614872582968119,-0.7614872582968119,-0.6284787856126498,-0.3317872565244605,-0.3491765048052267,-0.23711032775086097,1.777054927853929,2.056243278462922,10,24,48,27.1,16.2
persistent_rho099_rolling20,111,rf,x2,trap,-0.15772104662292635,-0.15772104662292627,0.017975311053727388,-0.07980474613026058,-0.07307593392517225,0.007052666421103665,1.777054927853929,2.056243278462922,10,24,48,27.1,16.2
persistent_rho099_rolling20,111,rf,x3,noise,-0.07676470755938483,-0.07676470755938476,0.03748895485347966,-0.035440767525885146,-0.035884207369822486,0.014202781485015414,1.777054927853929,2.056243278462922,10,24,48,27.1,16.2
persistent_rho099_rolling20,111,rf,x4,noise,-0.08040952783551256,-0.08040952783551246,0.0020974970941514265,-0.04083152649451689,-0.03786383245400186,0.000633801310302412,1.777054927853929,2.056243278462922,10,24,48,27.1,16.2
persistent_rho099_rolling20,112,ols,x1,signal,-0.9382190479996163,-0.9382190479996165,-0.7894900421888265,-0.42597602386335776,-0.42564461349600036,-0.3090453004922343,1.8202025571997265,1.9478359894338082,10,24,48,26.6,15.3
persistent_rho099_rolling20,112,ols,x2,trap,-0.001828834294980704,-0.001828834294980531,0.1425722838495683,-0.01070353370773525,-0.007574116765848466,0.05549982996709329,1.8202025571997265,1.9478359894338082,10,24,48,26.6,15.3
persistent_rho099_rolling20,112,ols,x3,noise,-0.15186410177707285,-0.15186410177707294,0.019374434263882936,-0.06961623142479029,-0.06750768529216213,0.009492812875259334,1.8202025571997265,1.9478359894338082,10,24,48,26.6,15.3
persistent_rho099_rolling20,112,ols,x4,noise,-0.04272707668302737,-0.042727076683027276,0.08529497403707349,-0.020332623689039896,-0.02043479283979104,0.03397852235636384,1.8202025571997265,1.9478359894338082,10,24,48,26.6,15.3
persistent_rho099_rolling20,112,enet,x1,signal,-0.9099100880567166,-0.9099100880567166,-0.7985865824937708,-0.4138822934106125,-0.4129762531962555,-0.31934102301032613,1.8202025571997265,1.9478359894338082,10,24,48,26.6,15.3
persistent_rho099_rolling20,112,enet,x2,trap,-0.010329296799280716,-0.010329296799280647,0.07130988170620639,-0.010438990712960554,-0.008396714423839227,0.028855907426433833,1.8202025571997265,1.9478359894338082,10,24,48,26.6,15.3
persistent_rho099_rolling20,112,enet,x3,noise,-0.14373219780303276,-0.14373219780303279,-0.002988226748336077,-0.06573927279116118,-0.0638139174932139,0.0002644038208397745,1.8202025571997265,1.9478359894338082,10,24,48,26.6,15.3
persistent_rho099_rolling20,112,enet,x4,noise,-0.046715830001464294,-0.046715830001464224,0.04925238534899586,-0.021522904449876396,-0.021634722415869407,0.020104279739748678,1.8202025571997265,1.9478359894338082,10,24,48,26.6,15.3
persistent_rho099_rolling20,112,rf,x1,signal,-1.008180364355406,-1.0081803643554057,-0.6004149422418257,-0.4682199501119554,-0.4712411866876857,-0.2357934054750145,1.821353855639295,1.9463531628016508,10,24,48,26.6,15.3
persistent_rho099_rolling20,112,rf,x2,trap,-0.03248336789095803,-0.03248336789095801,0.013381165704821826,-0.01656724871295103,-0.016272132619917168,0.005407982881993271,1.821353855639295,1.9463531628016508,10,24,48,26.6,15.3
persistent_rho099_rolling20,112,rf,x3,noise,-0.12787745461375633,-0.1278774546137562,-0.029753966332625715,-0.0609416332034594,-0.06031411273468774,-0.011507630795039537,1.821353855639295,1.9463531628016508,10,24,48,26.6,15.3
persistent_rho099_rolling20,112,rf,x4,noise,-0.04083035691238822,-0.04083035691238806,0.00906200334510564,-0.019203932285684167,-0.01945501989161263,0.0037661128064092955,1.821353855639295,1.9463531628016508,10,24,48,26.6,15.3
persistent_rho099_rolling20,113,ols,x1,signal,-0.9947580117349359,-0.994758011734936,-0.9917622175039748,-0.4111011960458624,-0.4141956984519725,-0.3744698997933455,2.0618724013536234,2.1560710279191375,10,24,48,26.5,15.2
persistent_rho099_rolling20,113,ols,x2,trap,-0.14714262866903963,-0.14714262866903963,0.1501674635082314,-0.061435072005225654,-0.06294753235309614,0.059917692266310794,2.0618724013536234,2.1560710279191375,10,24,48,26.5,15.2
persistent_rho099_rolling20,113,ols,x3,noise,-0.01014261088055696,-0.010142610880557077,0.07571287174320988,-0.007050773243181746,-0.006288772171262616,0.029526485482815668,2.0618724013536234,2.1560710279191375,10,24,48,26.5,15.2
persistent_rho099_rolling20,113,ols,x4,noise,-0.03692350536634632,-0.03692350536634622,0.08787319598713654,-0.017736409743376386,-0.01819594421861596,0.0324250207667598,2.0618724013536234,2.1560710279191375,10,24,48,26.5,15.2
persistent_rho099_rolling20,113,enet,x1,signal,-0.9553956455873032,-0.9553956455873033,-0.9960678593322916,-0.3955251793892806,-0.39894504177836,-0.3834634678243157,2.0618724013536234,2.156071027919137,10,24,48,26.5,15.2
persistent_rho099_rolling20,113,enet,x2,trap,-0.14076670508699893,-0.14076670508699884,0.07857242211113896,-0.05749905517133839,-0.059225640113155766,0.032825470140142116,2.0618724013536234,2.156071027919137,10,24,48,26.5,15.2
persistent_rho099_rolling20,113,enet,x3,noise,-0.021505275072085123,-0.021505275072085158,0.038545753487055544,-0.009934953704631993,-0.009447468328859107,0.015562651733252447,2.0618724013536234,2.156071027919137,10,24,48,26.5,15.2
persistent_rho099_rolling20,113,enet,x4,noise,-0.044742683959457435,-0.04474268395945735,0.050538553056373454,-0.01905604023616286,-0.019904239904187677,0.018960021701089305,2.0618724013536234,2.156071027919137,10,24,48,26.5,15.2
persistent_rho099_rolling20,113,rf,x1,signal,-1.1794940409010999,-1.1794940409011,-0.8288017411267399,-0.5150825972114923,-0.5189768794725546,-0.31555532307661255,2.0636855723344785,2.1593582101769306,10,24,48,26.5,15.2
persistent_rho099_rolling20,113,rf,x2,trap,-0.09451573840484065,-0.09451573840484061,-0.0022712477393875114,-0.03912062519692104,-0.041296044032611265,-0.0005856384496289979,2.0636855723344785,2.1593582101769306,10,24,48,26.5,15.2
persistent_rho099_rolling20,113,rf,x3,noise,-0.054865302487307865,-0.05486530248730795,-0.0014180324616665265,-0.023531267652934708,-0.02417512790691,-0.0004284621832293968,2.0636855723344785,2.1593582101769306,10,24,48,26.5,15.2
persistent_rho099_rolling20,113,rf,x4,noise,-0.03833642649444283,-0.03833642649444294,0.017718022720605377,-0.017411891942101815,-0.01755509761713141,0.006656444286830395,2.0636855723344785,2.1593582101769306,10,24,48,26.5,15.2
persistent_rho099_rolling20,114,ols,x1,signal,-0.7163862235565913,-0.7163862235565913,-0.7580822143656505,-0.34888666382176925,-0.35513313977357414,-0.29555575393082073,1.4559976834487867,1.912322697280483,10,24,48,26.5,15.8
persistent_rho099_rolling20,114,ols,x2,trap,-0.05506450923287809,-0.05506450923287811,0.0926339070797302,-0.03166484404310993,-0.02845284355853962,0.03753505344448296,1.4559976834487867,1.912322697280483,10,24,48,26.5,15.8
persistent_rho099_rolling20,114,ols,x3,noise,-0.041992518751859255,-0.04199251875185938,0.1289441005687895,-0.025252378241916285,-0.02360522146295402,0.05023874745926731,1.4559976834487867,1.912322697280483,10,24,48,26.5,15.8
persistent_rho099_rolling20,114,ols,x4,noise,-0.02915372512532518,-0.02915372512532523,0.08491439075317954,-0.01586050205618403,-0.016257064429778346,0.033522217609890034,1.4559976834487867,1.912322697280483,10,24,48,26.5,15.8
persistent_rho099_rolling20,114,enet,x1,signal,-0.7016172736617297,-0.7016172736617298,-0.7759480718650641,-0.342137798557414,-0.34756553343490126,-0.3083632508953795,1.4559976834487867,1.912322697280483,10,24,48,26.5,15.8
persistent_rho099_rolling20,114,enet,x2,trap,-0.05040002388208172,-0.05040002388208179,0.03238472685503572,-0.028440259833033766,-0.025628510897452092,0.014017040925008403,1.4559976834487867,1.912322697280483,10,24,48,26.5,15.8
persistent_rho099_rolling20,114,enet,x3,noise,-0.04244946038523255,-0.042449460385232556,0.09498611212413098,-0.023504121688217205,-0.022677490402237478,0.037718593543848315,1.4559976834487867,1.912322697280483,10,24,48,26.5,15.8
persistent_rho099_rolling20,114,enet,x4,noise,-0.02934373577369989,-0.029343735773699944,0.05695115831207458,-0.015205344761993122,-0.015673756087090474,0.022975708691161,1.4559976834487867,1.912322697280483,10,24,48,26.5,15.8
persistent_rho099_rolling20,114,rf,x1,signal,-0.8255938610429927,-0.8255938610429928,-0.6095275666807439,-0.42310877120795054,-0.4325374106162707,-0.23773056771005394,1.4567895910257858,1.9094092899052617,10,24,48,26.5,15.8
persistent_rho099_rolling20,114,rf,x2,trap,-0.05857463146368671,-0.05857463146368672,0.0023955476316354037,-0.034548093846314895,-0.031674847399835594,0.0009723203906437106,1.4567895910257858,1.9094092899052617,10,24,48,26.5,15.8
persistent_rho099_rolling20,114,rf,x3,noise,-0.05287991563958207,-0.052879915639582116,0.08097947399781578,-0.029585660296273342,-0.028723353474188435,0.031700712253493114,1.4567895910257858,1.9094092899052617,10,24,48,26.5,15.8
persistent_rho099_rolling20,114,rf,x4,noise,-0.04185550461586541,-0.04185550461586542,0.021200781038890105,-0.024776911256984828,-0.022747019355350936,0.008341875025335371,1.4567895910257858,1.9094092899052617,10,24,48,26.5,15.8
persistent_rho099_rolling20,115,ols,x1,signal,-0.7895637832556168,-0.7895637832556167,-0.8189212542172561,-0.36003676463140477,-0.3717932638065649,-0.30905021618153394,1.5881306028547015,1.9469655415835463,10,24,48,29.0,16.3
persistent_rho099_rolling20,115,ols,x2,trap,-0.030228464569704,-0.030228464569704,0.26538548431938125,-0.02074014472351365,-0.019016131736385715,0.09824759078198997,1.5881306028547015,1.9469655415835463,10,24,48,29.0,16.3
persistent_rho099_rolling20,115,ols,x3,noise,-0.034659881930692485,-0.034659881930692554,0.0951952058848,-0.02761201410891656,-0.020728818681407326,0.03672316478708809,1.5881306028547015,1.9469655415835463,10,24,48,29.0,16.3
persistent_rho099_rolling20,115,ols,x4,noise,-0.06942452393668909,-0.06942452393668903,0.06132481738925847,-0.03593394304167041,-0.03365456484547367,0.02371218646286695,1.5881306028547015,1.9469655415835463,10,24,48,29.0,16.3
persistent_rho099_rolling20,115,enet,x1,signal,-0.7861755801226937,-0.7861755801226936,-0.8163485681399462,-0.3593646436324443,-0.3708303670713571,-0.30955635357952527,1.5881306028547015,1.9469655415835463,10,24,48,29.0,16.3
persistent_rho099_rolling20,115,enet,x2,trap,-0.03185685472858934,-0.03185685472858926,0.24481012784278733,-0.021214464547392585,-0.019406369832751257,0.09106427360618895,1.5881306028547015,1.9469655415835463,10,24,48,29.0,16.3
persistent_rho099_rolling20,115,enet,x3,noise,-0.036426183901249506,-0.036426183901249604,0.08944942696956559,-0.027767609375825047,-0.021247410813819475,0.03469282492312456,1.5881306028547015,1.9469655415835463,10,24,48,29.0,16.3
persistent_rho099_rolling20,115,enet,x4,noise,-0.06909069897456142,-0.06909069897456144,0.05810202072648082,-0.03576615309782459,-0.03350784085086524,0.022552354617782683,1.5881306028547015,1.9469655415835463,10,24,48,29.0,16.3
persistent_rho099_rolling20,115,rf,x1,signal,-0.7779186755349784,-0.7779186755349784,-0.5377752247777149,-0.37003645404924573,-0.37980880545099377,-0.20661995871520103,1.5891543065109928,1.9419219536721344,10,24,48,29.0,16.3
persistent_rho099_rolling20,115,rf,x2,trap,-0.08274652265894822,-0.0827465226589482,0.023218936380940015,-0.04184711642231091,-0.0406851537773825,0.009113254411065948,1.5891543065109928,1.9419219536721344,10,24,48,29.0,16.3
persistent_rho099_rolling20,115,rf,x3,noise,-0.045441000477606505,-0.04544100047760641,0.011868916985735225,-0.024203829383083776,-0.02257872096125386,0.0046557684905030915,1.5891543065109928,1.9419219536721344,10,24,48,29.0,16.3
persistent_rho099_rolling20,115,rf,x4,noise,-0.07271865218392795,-0.07271865218392798,0.03470799620952749,-0.039309426892798906,-0.03630810572739696,0.013382706276310207,1.5891543065109928,1.9419219536721344,10,24,48,29.0,16.3
persistent_rho099_rolling20,116,ols,x1,signal,-0.8314873211120617,-0.8314873211120615,-1.0538946414396873,-0.3855573931518252,-0.38735413924000567,-0.41386844840467957,1.763488973214894,2.022614440534723,10,24,48,28.1,12.0
persistent_rho099_rolling20,116,ols,x2,trap,-0.07786805357856283,-0.07786805357856268,0.15689814642500466,-0.03576255966470164,-0.036664749559577166,0.06257766915384283,1.763488973214894,2.022614440534723,10,24,48,28.1,12.0
persistent_rho099_rolling20,116,ols,x3,noise,-0.08984455810659961,-0.08984455810659948,0.06784785343140905,-0.038616848289591846,-0.0405364881074723,0.028074179705709922,1.763488973214894,2.022614440534723,10,24,48,28.1,12.0
persistent_rho099_rolling20,116,ols,x4,noise,-0.07980698522398344,-0.07980698522398333,0.10310056099126226,-0.03696418850256493,-0.03607453766272547,0.03969877837180525,1.763488973214894,2.022614440534723,10,24,48,28.1,12.0
persistent_rho099_rolling20,116,enet,x1,signal,-0.8204350552868551,-0.820435055286855,-1.0162071964516939,-0.3780833383920084,-0.38033036237640166,-0.4093420902568841,1.7634889732148944,2.0226144405347224,10,24,48,28.1,12.0
persistent_rho099_rolling20,116,enet,x2,trap,-0.07289570450378924,-0.0728957045037892,0.07337237655887793,-0.03299049510356113,-0.03416238537029472,0.031042507740327532,1.7634889732148944,2.0226144405347224,10,24,48,28.1,12.0
persistent_rho099_rolling20,116,enet,x3,noise,-0.08927323655936462,-0.08927323655936469,0.02644963782743806,-0.0384969636786385,-0.040313106620854,0.01176577623362264,1.7634889732148944,2.0226144405347224,10,24,48,28.1,12.0
persistent_rho099_rolling20,116,enet,x4,noise,-0.08023737517958891,-0.08023737517958883,0.05459728624265875,-0.03713985347181736,-0.03611141389863234,0.021763913218025153,1.7634889732148944,2.0226144405347224,10,24,48,28.1,12.0
persistent_rho099_rolling20,116,rf,x1,signal,-0.9430430713286558,-0.9430430713286558,-0.7850164838770413,-0.4358114315584728,-0.45071966611720776,-0.30907794586740167,1.7661912656534025,2.0223302402738383,10,24,48,28.1,12.0
persistent_rho099_rolling20,116,rf,x2,trap,-0.05716128848621147,-0.057161288486211576,0.014473502070632515,-0.031137763229403887,-0.02774720849692741,0.0059792730437009415,1.7661912656534025,2.0223302402738383,10,24,48,28.1,12.0
persistent_rho099_rolling20,116,rf,x3,noise,-0.06948952627997076,-0.06948952627997075,-0.008615808162941692,-0.02985242865996677,-0.03329178483779923,-0.003199567393116889,1.7661912656534025,2.0223302402738383,10,24,48,28.1,12.0
persistent_rho099_rolling20,116,rf,x4,noise,-0.11828235148187569,-0.11828235148187577,0.014381606399428292,-0.06312675015841106,-0.05681811314379607,0.005618391643570951,1.7661912656534025,2.0223302402738383,10,24,48,28.1,12.0
persistent_rho099_rolling20,117,ols,x1,signal,-1.0522908536369535,-1.0522908536369533,-0.9246162532930088,-0.47335682963832815,-0.48032260597283516,-0.361342786439022,1.8612178853221355,1.997173568403962,10,24,48,18.6,11.3
persistent_rho099_rolling20,117,ols,x2,trap,-0.019335746037638303,-0.019335746037638175,0.12433289166612012,-0.008231692276500143,-0.00915581340712066,0.05074133982035204,1.8612178853221355,1.997173568403962,10,24,48,18.6,11.3
persistent_rho099_rolling20,117,ols,x3,noise,-0.07812138739467404,-0.07812138739467402,0.08045189041596686,-0.03524993298140221,-0.03773117611463572,0.03054859985313833,1.8612178853221355,1.997173568403962,10,24,48,18.6,11.3
persistent_rho099_rolling20,117,ols,x4,noise,-0.0507322907643276,-0.05073229076432759,0.06359985500704643,-0.023579893021216915,-0.024197319835588964,0.02482941235630377,1.8612178853221355,1.997173568403962,10,24,48,18.6,11.3
persistent_rho099_rolling20,117,enet,x1,signal,-1.0275100001009716,-1.0275100001009718,-0.9399533739434837,-0.460973180216463,-0.468252801806255,-0.37477113386726163,1.8612178853221355,1.997173568403962,10,24,48,18.6,11.3
persistent_rho099_rolling20,117,enet,x2,trap,-0.025374103272937515,-0.025374103272937504,0.07628668312312323,-0.010375770260276368,-0.011077829957165213,0.03219292675861934,1.8612178853221355,1.997173568403962,10,24,48,18.6,11.3
persistent_rho099_rolling20,117,enet,x3,noise,-0.08080176675241584,-0.08080176675241592,0.04850191186814364,-0.03489691659270849,-0.037748362812362365,0.018863875692746945,1.8612178853221355,1.997173568403962,10,24,48,18.6,11.3
persistent_rho099_rolling20,117,enet,x4,noise,-0.04551851357067554,-0.04551851357067557,0.03719115634253104,-0.020657909153128196,-0.021344513087584355,0.014674291622789026,1.8612178853221355,1.997173568403962,10,24,48,18.6,11.3
persistent_rho099_rolling20,117,rf,x1,signal,-1.0893155068680958,-1.0893155068680958,-0.7391915806181858,-0.5003426691352503,-0.5069672867589171,-0.2874203013753762,1.8625180083953914,2.0009767923395665,10,24,48,18.6,11.3
persistent_rho099_rolling20,117,rf,x2,trap,-0.03877285077702682,-0.03877285077702681,0.005994554222564556,-0.01737446794316596,-0.018445712336691154,0.00261959408148379,1.8625180083953914,2.0009767923395665,10,24,48,18.6,11.3
persistent_rho099_rolling20,117,rf,x3,noise,-0.08820047431680973,-0.08820047431680982,0.03485562441068553,-0.038824406899044935,-0.04157976047313044,0.013403487195135733,1.8625180083953914,2.0009767923395665,10,24,48,18.6,11.3
persistent_rho099_rolling20,117,rf,x4,noise,-0.04028923460860065,-0.04028923460860055,0.03968382923454006,-0.01750854997529596,-0.01932680228136576,0.015423359132195766,1.8625180083953914,2.0009767923395665,10,24,48,18.6,11.3
persistent_rho099_rolling20,118,ols,x1,signal,-1.0622755242549877,-1.0622755242549875,-0.8604950812847486,-0.47350721580408894,-0.4808578777692046,-0.3296783575564304,1.8545965009531127,1.9938945382554993,10,24,48,26.2,16.6
persistent_rho099_rolling20,118,ols,x2,trap,-0.009072281708141172,-0.009072281708141174,0.19043060551462507,-0.008218449858636115,-0.006747196375929128,0.07367150952312404,1.8545965009531127,1.9938945382554993,10,24,48,26.2,16.6
persistent_rho099_rolling20,118,ols,x3,noise,-0.054614435227450686,-0.0546144352274506,0.08736468336321346,-0.023226313102796086,-0.024900354567761324,0.03328898904057925,1.8545965009531127,1.9938945382554993,10,24,48,26.2,16.6
persistent_rho099_rolling20,118,ols,x4,noise,-0.052522978165663814,-0.05252297816566375,0.057107244758717625,-0.02771492471114278,-0.027070418686466813,0.022399668945786013,1.8545965009531127,1.9938945382554993,10,24,48,26.2,16.6
persistent_rho099_rolling20,118,enet,x1,signal,-1.020384954657801,-1.0203849546578008,-0.853368967677282,-0.4563804168678609,-0.46288026634865326,-0.3349586058006766,1.8545965009531127,1.9938945382554993,10,24,48,26.2,16.6
persistent_rho099_rolling20,118,enet,x2,trap,-0.030764182795322188,-0.03076418279532211,0.09780560439158133,-0.01421983551707858,-0.014090588860880543,0.03919454698975538,1.8545965009531127,1.9938945382554993,10,24,48,26.2,16.6
persistent_rho099_rolling20,118,enet,x3,noise,-0.053346000610743426,-0.053346000610743426,0.045832873032885135,-0.022438256500385924,-0.023962419483912655,0.01776853634937019,1.8545965009531127,1.9938945382554993,10,24,48,26.2,16.6
persistent_rho099_rolling20,118,enet,x4,noise,-0.050573528249548284,-0.050573528249548354,0.031169585197371535,-0.025263271620637545,-0.02452462911627788,0.012822172600375296,1.8545965009531127,1.9938945382554993,10,24,48,26.2,16.6
persistent_rho099_rolling20,118,rf,x1,signal,-1.151102794886551,-1.151102794886551,-0.6782753047820108,-0.5361342975001618,-0.5397044410983726,-0.26304939196191096,1.8554954929659329,1.9860738955199118,10,24,48,26.2,16.6
persistent_rho099_rolling20,118,rf,x2,trap,-0.04543294024351695,-0.04543294024351691,0.012108274330625722,-0.020098547015193726,-0.021110946952707866,0.004919216251430857,1.8554954929659329,1.9860738955199118,10,24,48,26.2,16.6
persistent_rho099_rolling20,118,rf,x3,noise,-0.035596051201106364,-0.035596051201106406,0.022416373586386346,-0.016912618163149012,-0.01691329357477803,0.008562780466200182,1.8554954929659329,1.9860738955199118,10,24,48,26.2,16.6
persistent_rho099_rolling20,118,rf,x4,noise,-0.03253973919229393,-0.03253973919229393,0.02667989913157549,-0.017105766254595763,-0.01578630983213344,0.010330130303345503,1.8554954929659329,1.9860738955199118,10,24,48,26.2,16.6
persistent_rho099_rolling20,119,ols,x1,signal,-0.7519137491596429,-0.7519137491596432,-1.045203500251336,-0.3595722048048643,-0.3573215511866124,-0.4045382468558338,1.5847527237017993,2.0830674971527086,10,24,48,26.8,15.6
persistent_rho099_rolling20,119,ols,x2,trap,-0.053651518754360694,-0.05365151875436077,0.17946666985778226,-0.023928889046761763,-0.02479382661332567,0.06870985156845295,1.5847527237017993,2.0830674971527086,10,24,48,26.8,15.6
persistent_rho099_rolling20,119,ols,x3,noise,-0.04257070438557457,-0.042570704385574455,0.03317848544619426,-0.023177897272642307,-0.020330944180091588,0.014282484952812388,1.5847527237017993,2.0830674971527086,10,24,48,26.8,15.6
persistent_rho099_rolling20,119,ols,x4,noise,-0.02503438537052899,-0.025034385370529034,0.073424899249115,-0.013653797058038144,-0.012869883198082847,0.02888566035350131,1.5847527237017993,2.0830674971527086,10,24,48,26.8,15.6
persistent_rho099_rolling20,119,enet,x1,signal,-0.736208087909067,-0.7362080879090671,-1.0265630661983913,-0.35104376175093027,-0.34885077661427494,-0.4064820121403474,1.5847527237018,2.083067497152709,10,24,48,26.8,15.6
persistent_rho099_rolling20,119,enet,x2,trap,-0.052770493749325284,-0.052770493749325374,0.09464806186462782,-0.023128832477136076,-0.024247516567106067,0.03782435371600295,1.5847527237018,2.083067497152709,10,24,48,26.8,15.6
persistent_rho099_rolling20,119,enet,x3,noise,-0.040981656979636336,-0.040981656979636356,0.0028040864561549423,-0.022021235544768383,-0.01946132514266734,0.0022175187293007603,1.5847527237018,2.083067497152709,10,24,48,26.8,15.6
persistent_rho099_rolling20,119,enet,x4,noise,-0.02682844139639991,-0.02682844139640007,0.0450829271302639,-0.01377285690360415,-0.013101913771145923,0.018163181922438206,1.5847527237018,2.083067497152709,10,24,48,26.8,15.6
persistent_rho099_rolling20,119,rf,x1,signal,-0.8597515610068024,-0.8597515610068024,-0.6879819985513199,-0.42125944727373776,-0.427676009267131,-0.260868693686175,1.5855837903955967,2.0937098572894324,10,24,48,26.8,15.6
persistent_rho099_rolling20,119,rf,x2,trap,-0.06229270555865618,-0.0622927055586562,0.022695637587697843,-0.030090739786658105,-0.031220349115629972,0.0089122438232922,1.5855837903955967,2.0937098572894324,10,24,48,26.8,15.6
persistent_rho099_rolling20,119,rf,x3,noise,-0.061915256251376505,-0.06191525625137648,-0.010424162656153016,-0.033340563054677266,-0.03144072270093207,-0.003863391708368293,1.5855837903955967,2.0937098572894324,10,24,48,26.8,15.6
persistent_rho099_rolling20,119,rf,x4,noise,-0.04127431271997644,-0.04127431271997651,0.010593207216744664,-0.020218575146799523,-0.020297317296030848,0.004091541213796922,1.5855837903955967,2.0937098572894324,10,24,48,26.8,15.6
persistent_rho099_rolling20,120,ols,x1,signal,-0.7269946190524388,-0.7269946190524387,-0.831388392664528,-0.3231113235677752,-0.31951546620507737,-0.3049817332567283,1.7529924514300648,2.107131669497615,10,24,48,27.8,15.7
persistent_rho099_rolling20,120,ols,x2,trap,-0.056560255307969654,-0.05656025530796957,0.17031022298894763,-0.022812037268144077,-0.026045176977977636,0.061894202254143244,1.7529924514300648,2.107131669497615,10,24,48,27.8,15.7
persistent_rho099_rolling20,120,ols,x3,noise,-0.10118188595667188,-0.10118188595667177,0.07624633791414649,-0.045524582797249365,-0.045275025977879024,0.028743667813337676,1.7529924514300648,2.107131669497615,10,24,48,27.8,15.7
persistent_rho099_rolling20,120,ols,x4,noise,-0.017744391378088326,-0.017744391378088212,0.11090068705114482,-0.010796332112820675,-0.01093884834411739,0.040714955449276495,1.7529924514300648,2.107131669497615,10,24,48,27.8,15.7
persistent_rho099_rolling20,120,enet,x1,signal,-0.7024535481347061,-0.7024535481347062,-0.8102299034822874,-0.31288029688572516,-0.30918723015652866,-0.3039558487993092,1.7529924514300648,2.107131669497615,10,24,48,27.8,15.7
persistent_rho099_rolling20,120,enet,x2,trap,-0.04940728974329297,-0.04940728974329287,0.08680607343539887,-0.019422115723607622,-0.022302397587364315,0.0322649627476428,1.7529924514300648,2.107131669497615,10,24,48,27.8,15.7
persistent_rho099_rolling20,120,enet,x3,noise,-0.10545014500813601,-0.10545014500813599,0.04086830671778272,-0.04629799813914781,-0.04649178693942111,0.015877154144298813,1.7529924514300648,2.107131669497615,10,24,48,27.8,15.7
persistent_rho099_rolling20,120,enet,x4,noise,-0.020512920984519505,-0.020512920984519335,0.05748860057452956,-0.010321412106493687,-0.010520363262344548,0.02161829909624848,1.7529924514300648,2.107131669497615,10,24,48,27.8,15.7
persistent_rho099_rolling20,120,rf,x1,signal,-0.8408984286423669,-0.8408984286423671,-0.6120584813091875,-0.39864563588426905,-0.3891317575404121,-0.22598469913614425,1.7543497736388352,2.1163412492708775,10,24,48,27.8,15.7
persistent_rho099_rolling20,120,rf,x2,trap,-0.07844368033306184,-0.0784436803330618,0.022963916878476626,-0.034481548387455624,-0.0379452962635935,0.008295304697827313,1.7543497736388352,2.1163412492708775,10,24,48,27.8,15.7
persistent_rho099_rolling20,120,rf,x3,noise,-0.11741281261123468,-0.11741281261123455,0.025324211256657295,-0.054421220661259886,-0.055342399543331776,0.009261756662249881,1.7543497736388352,2.1163412492708775,10,24,48,27.8,15.7
persistent_rho099_rolling20,120,rf,x4,noise,-0.04028266189123366,-0.04028266189123362,0.012756650486139337,-0.01894215736580727,-0.019109454343405722,0.004793130051961303,1.7543497736388352,2.1163412492708775,10,24,48,27.8,15.7
persistent_rho099_rolling20,121,ols,x1,signal,-1.1293352084766195,-1.1293352084766195,-0.9437715429993757,-0.457979110577694,-0.4618683435931444,-0.3541762504417553,2.0805260647884922,2.092171312829012,10,24,48,25.8,11.4
persistent_rho099_rolling20,121,ols,x2,trap,-0.06770902382845416,-0.06770902382845428,0.21491658757945922,-0.031627360493041975,-0.03236477726192042,0.08237546667707374,2.0805260647884922,2.092171312829012,10,24,48,25.8,11.4
persistent_rho099_rolling20,121,ols,x3,noise,-0.025280783774627346,-0.02528078377462736,0.0847220339200951,-0.018031541780427977,-0.01652278495664255,0.031152772057289235,2.0805260647884922,2.092171312829012,10,24,48,25.8,11.4
persistent_rho099_rolling20,121,ols,x4,noise,-0.001727859042008767,-0.0017278590420087246,0.0771831900574199,-0.006798166650029573,-0.006188605661454904,0.029212628871814136,2.0805260647884922,2.092171312829012,10,24,48,25.8,11.4
persistent_rho099_rolling20,121,enet,x1,signal,-1.0691042647571263,-1.069104264757126,-0.9203464693633588,-0.43847014955722746,-0.442041880818928,-0.35258881462388736,2.0805260647884922,2.0921713128290125,10,24,48,25.8,11.4
persistent_rho099_rolling20,121,enet,x2,trap,-0.0681764663867119,-0.06817646638671189,0.12433651423581549,-0.029789921632281658,-0.029890359980624354,0.04886988709456999,2.0805260647884922,2.0921713128290125,10,24,48,25.8,11.4
persistent_rho099_rolling20,121,enet,x3,noise,-0.04072472771946385,-0.04072472771946405,0.05105656141426157,-0.019869865231720928,-0.0193514189066506,0.019252716547694053,2.0805260647884922,2.0921713128290125,10,24,48,25.8,11.4
persistent_rho099_rolling20,121,enet,x4,noise,-0.011414611568507602,-0.011414611568507649,0.03576328188593312,-0.0073142057887042545,-0.007135112053363135,0.014034423508976318,2.0805260647884922,2.0921713128290125,10,24,48,25.8,11.4
persistent_rho099_rolling20,121,rf,x1,signal,-1.0494645621203402,-1.0494645621203402,-0.6229741748126307,-0.4471680669640678,-0.45134181711631105,-0.234678582706225,2.0811732210510834,2.094177697800449,10,24,48,25.8,11.4
persistent_rho099_rolling20,121,rf,x2,trap,-0.12083913521646647,-0.12083913521646657,0.031077840090081146,-0.051185426502141654,-0.05113747572386218,0.012185973584487425,2.0811732210510834,2.094177697800449,10,24,48,25.8,11.4
persistent_rho099_rolling20,121,rf,x3,noise,-0.08498565117142037,-0.08498565117142039,-0.007678274772045128,-0.03702014588688678,-0.036922682628015034,-0.002700748950889946,2.0811732210510834,2.094177697800449,10,24,48,25.8,11.4
persistent_rho099_rolling20,121,rf,x4,noise,-0.05063247364163981,-0.05063247364163972,-0.013871082497972973,-0.024043122884109033,-0.02274160210861782,-0.005080715677400892,2.0811732210510834,2.094177697800449,10,24,48,25.8,11.4
persistent_rho099_rolling20,122,ols,x1,signal,-0.90022487723875,-0.9002248772387499,-0.843498563701222,-0.36831603866436435,-0.3790772263368103,-0.3198895748259865,1.9412366220891335,2.0490272981964277,10,24,48,24.9,15.9
persistent_rho099_rolling20,122,ols,x2,trap,-0.02514515586304079,-0.02514515586304088,0.09826004386782672,-0.011167549318628452,-0.01187449416605372,0.037595078616536264,1.9412366220891335,2.0490272981964277,10,24,48,24.9,15.9
persistent_rho099_rolling20,122,ols,x3,noise,-0.05697623770458475,-0.0569762377045847,0.08776144378363841,-0.028097088112253393,-0.025409713922020224,0.03417617483826084,1.9412366220891335,2.0490272981964277,10,24,48,24.9,15.9
persistent_rho099_rolling20,122,ols,x4,noise,-0.026798440374984106,-0.02679844037498416,0.0888338611176049,-0.011270447327058397,-0.011472171886306212,0.033386290619722335,1.9412366220891335,2.0490272981964277,10,24,48,24.9,15.9
persistent_rho099_rolling20,122,enet,x1,signal,-0.8720920702272557,-0.8720920702272554,-0.848607368560636,-0.3566889391455951,-0.3675233147107962,-0.3281878088630262,1.9412366220891335,2.0490272981964277,10,24,48,24.9,15.9
persistent_rho099_rolling20,122,enet,x2,trap,-0.027142986374296647,-0.027142986374296685,0.05276093202697624,-0.011548803646985368,-0.011811604622809273,0.02066800385634618,1.9412366220891335,2.0490272981964277,10,24,48,24.9,15.9
persistent_rho099_rolling20,122,enet,x3,noise,-0.058832807989046144,-0.05883280798904614,0.04509977355818087,-0.02737346823080931,-0.025376044412057944,0.018026073758180796,1.9412366220891335,2.0490272981964277,10,24,48,24.9,15.9
persistent_rho099_rolling20,122,enet,x4,noise,-0.03200577788495733,-0.032005777884957405,0.044689827345246125,-0.012816161222209207,-0.01329586675189745,0.01691737185327238,1.9412366220891335,2.0490272981964277,10,24,48,24.9,15.9
persistent_rho099_rolling20,122,rf,x1,signal,-0.9951949623912857,-0.9951949623912856,-0.6236842282362939,-0.43442290477697637,-0.45176601297320956,-0.2351272487979116,1.943060481109274,2.055602244258087,10,24,48,24.9,15.9
persistent_rho099_rolling20,122,rf,x2,trap,-0.09956435898256391,-0.09956435898256392,0.000842828514960083,-0.04587897780946285,-0.04619102307385777,0.00023848956382295736,1.943060481109274,2.055602244258087,10,24,48,24.9,15.9
persistent_rho099_rolling20,122,rf,x3,noise,-0.11337357374592898,-0.11337357374592899,0.016670793031123742,-0.0538606204621747,-0.0523917480785446,0.006284014197098914,1.943060481109274,2.055602244258087,10,24,48,24.9,15.9
persistent_rho099_rolling20,122,rf,x4,noise,-0.09352507432192068,-0.09352507432192066,0.0353412464459834,-0.04235086559726159,-0.04271216924336385,0.013380155248990352,1.943060481109274,2.055602244258087,10,24,48,24.9,15.9
persistent_rho099_rolling20,123,ols,x1,signal,-1.0177126293640124,-1.0177126293640122,-0.9893383969683812,-0.42722545165816656,-0.4383636619180263,-0.38516479552099187,2.068477552105526,2.0553880348252243,10,24,48,27.9,16.6
persistent_rho099_rolling20,123,ols,x2,trap,-0.18831873813681346,-0.18831873813681335,0.1178018642612963,-0.08176268606989806,-0.07836246456540935,0.04664443108435128,2.068477552105526,2.0553880348252243,10,24,48,27.9,16.6
persistent_rho099_rolling20,123,ols,x3,noise,-0.07112389040972047,-0.0711238904097204,0.04737218355896644,-0.029177828140455074,-0.03291057948554644,0.020107613281581945,2.068477552105526,2.0553880348252243,10,24,48,27.9,16.6
persistent_rho099_rolling20,123,ols,x4,noise,-0.028097879055449422,-0.0280978790554494,0.10677721356748578,-0.016050265120144534,-0.014956406230283423,0.04147018415131199,2.068477552105526,2.0553880348252243,10,24,48,27.9,16.6
persistent_rho099_rolling20,123,enet,x1,signal,-0.9896000969512435,-0.9896000969512434,-0.9615639480876214,-0.4146852846337771,-0.4259247796776506,-0.3804478743376473,2.068477552105526,2.0553880348252243,10,24,48,27.9,16.6
persistent_rho099_rolling20,123,enet,x2,trap,-0.18037359644422185,-0.1803735964442216,0.057803940134586035,-0.07844857123169546,-0.07532197055564459,0.023883344113790436,2.068477552105526,2.0553880348252243,10,24,48,27.9,16.6
persistent_rho099_rolling20,123,enet,x3,noise,-0.06931236666234886,-0.06931236666234875,0.017866033080522887,-0.027425549717968473,-0.03042522325706502,0.008363447750120179,2.068477552105526,2.0553880348252243,10,24,48,27.9,16.6
persistent_rho099_rolling20,123,enet,x4,noise,-0.04440487786961112,-0.04440487786961106,0.06641588334520655,-0.021239395918141425,-0.020666470403388416,0.026253493497294906,2.068477552105526,2.0553880348252243,10,24,48,27.9,16.6
persistent_rho099_rolling20,123,rf,x1,signal,-0.9929012447403801,-0.9929012447403802,-0.6855083254811992,-0.4270744942607195,-0.43739255121363446,-0.26158993168171635,2.071331306268649,2.052644120938209,10,24,48,27.9,16.6
persistent_rho099_rolling20,123,rf,x2,trap,-0.1301484397173416,-0.13014843971734155,0.016854042369714134,-0.06286638238210789,-0.057220648016107246,0.006867867480838547,2.071331306268649,2.052644120938209,10,24,48,27.9,16.6
persistent_rho099_rolling20,123,rf,x3,noise,-0.10846382510075481,-0.1084638251007547,0.027882425811796827,-0.04684110528570224,-0.04819951145034492,0.010872311577492716,2.071331306268649,2.052644120938209,10,24,48,27.9,16.6
persistent_rho099_rolling20,123,rf,x4,noise,-0.15261400736970965,-0.1526140073697095,0.017509500406070074,-0.06473274295029438,-0.06742177626288647,0.006712125688486906,2.071331306268649,2.052644120938209,10,24,48,27.9,16.6
persistent_rho099_rolling20,124,ols,x1,signal,-0.9802798724880374,-0.9802798724880374,-1.0928665998497253,-0.42590549119611376,-0.43599059928324424,-0.41874740193138704,1.850343337375298,2.095199019082667,10,24,48,25.0,14.9
persistent_rho099_rolling20,124,ols,x2,trap,-0.034982806098934935,-0.03498280609893487,0.18387558184938388,-0.019330566657432314,-0.017646780183326896,0.0700357351503527,1.850343337375298,2.095199019082667,10,24,48,25.0,14.9
persistent_rho099_rolling20,124,ols,x3,noise,-0.07370806538265309,-0.07370806538265307,0.09843995421734562,-0.037829258375693536,-0.03423657642481459,0.038232255259782376,1.850343337375298,2.095199019082667,10,24,48,25.0,14.9
persistent_rho099_rolling20,124,ols,x4,noise,-0.023062720731305962,-0.023062720731305903,0.055489003723668474,-0.014188913291216701,-0.013149703867681268,0.020642026595050572,1.850343337375298,2.095199019082667,10,24,48,25.0,14.9
persistent_rho099_rolling20,124,enet,x1,signal,-0.9467719956192824,-0.9467719956192825,-1.056802054483054,-0.4120404452452161,-0.4220131822292688,-0.4153975785975945,1.850343337375298,2.095199019082667,10,24,48,25.0,14.9
persistent_rho099_rolling20,124,enet,x2,trap,-0.037197667366311214,-0.037197667366311166,0.09019761803055436,-0.018138519775188922,-0.01707425844399715,0.03565951223684811,1.850343337375298,2.095199019082667,10,24,48,25.0,14.9
persistent_rho099_rolling20,124,enet,x3,noise,-0.07295878366305197,-0.0729587836630519,0.05776533918235368,-0.03567828933263048,-0.0329855272462683,0.023011734484490263,1.850343337375298,2.095199019082667,10,24,48,25.0,14.9
persistent_rho099_rolling20,124,enet,x4,noise,-0.03156717471295085,-0.03156717471295085,0.02037617101591795,-0.016621284633022475,-0.015361407234899843,0.007761504896050706,1.850343337375298,2.095199019082667,10,24,48,25.0,14.9
persistent_rho099_rolling20,124,rf,x1,signal,-0.9684250400991921,-0.968425040099192,-0.7128045072783213,-0.43505757056189137,-0.44781152945738195,-0.2713883306684738,1.8507401855304022,2.096623579485219,10,24,48,25.0,14.9
persistent_rho099_rolling20,124,rf,x2,trap,-0.0770408466127292,-0.07704084661272928,0.005603464544680865,-0.036773144493131765,-0.036082608791764906,0.0022926726853602294,1.8507401855304022,2.096623579485219,10,24,48,25.0,14.9
persistent_rho099_rolling20,124,rf,x3,noise,-0.10378994500735346,-0.1037899450073535,-0.0010202884176363503,-0.051918413241076725,-0.0492730481125539,-0.00019707681735235913,1.8507401855304022,2.096623579485219,10,24,48,25.0,14.9
persistent_rho099_rolling20,124,rf,x4,noise,-0.07070422993345199,-0.07070422993345199,0.0077209357914366505,-0.031815516881138,-0.03303526178321699,0.0028970717685077424,1.8507401855304022,2.096623579485219,10,24,48,25.0,14.9
proxy_break_reverse_noisyx1_expanding,100,ols,x1,signal,-0.28829944909126515,-0.2882994490912653,-0.4958723888350933,-0.11937025807278892,-0.12167090999982566,-0.19143364322737702,1.6750408626209343,1.6506918877230476,5,24,48,10.6,13.5
proxy_break_reverse_noisyx1_expanding,100,ols,x2,trap,-0.21407914587529167,-0.21407914587529167,0.4381703139193398,-0.08841186818262887,-0.08968159857138787,0.1688354295180863,1.6750408626209343,1.6506918877230476,5,24,48,10.6,13.5
proxy_break_reverse_noisyx1_expanding,100,ols,x3,noise,-0.006000111760481608,-0.006000111760481627,8.70907757466478e-05,-0.0026560103825615505,-0.002417959761175379,-1.8064963586410243e-05,1.6750408626209343,1.6506918877230476,5,24,48,10.6,13.5
proxy_break_reverse_noisyx1_expanding,100,ols,x4,noise,0.008047533614196536,0.00804753361419644,0.0001771936511008182,0.0036965988620588875,0.003377022183586297,6.542735499531771e-05,1.6750408626209343,1.6506918877230476,5,24,48,10.6,13.5
proxy_break_reverse_noisyx1_expanding,100,enet,x1,signal,-0.2982921363124345,-0.29829213631243445,-0.4615944306230276,-0.12402026824002274,-0.12608253072562645,-0.17947912603226288,1.6750408626209345,1.6506918877230476,5,24,48,10.6,13.5
proxy_break_reverse_noisyx1_expanding,100,enet,x2,trap,-0.21333714102817578,-0.21333714102817594,0.38229734842168134,-0.08850592263993552,-0.08956087021924335,0.14824287925446508,1.6750408626209345,1.6506918877230476,5,24,48,10.6,13.5
proxy_break_reverse_noisyx1_expanding,100,enet,x3,noise,-0.000745680894918251,-0.0007456808949184296,0.0004687140740916723,-0.0003403537326014679,-0.00030212297122364273,0.0001823751443645281,1.6750408626209345,1.6506918877230476,5,24,48,10.6,13.5
proxy_break_reverse_noisyx1_expanding,100,enet,x4,noise,0.00035656664663878934,0.0003565666466387544,-0.00014447182493610342,0.00016650362231110868,0.00014702241457631438,-5.647925471658858e-05,1.6750408626209345,1.6506918877230476,5,24,48,10.6,13.5
proxy_break_reverse_noisyx1_expanding,100,rf,x1,signal,-0.4346306193944923,-0.43463061939449243,-0.45473741327728945,-0.1995114434816381,-0.1982925989441402,-0.18118079204467052,1.673686076350304,1.6516390424481238,5,24,48,10.6,13.5
proxy_break_reverse_noisyx1_expanding,100,rf,x2,trap,-0.3750688211908781,-0.3750688211908781,0.25065169695662043,-0.16733719123517934,-0.17207267973651688,0.09903461093793305,1.673686076350304,1.6516390424481238,5,24,48,10.6,13.5
proxy_break_reverse_noisyx1_expanding,100,rf,x3,noise,-0.06834270754169527,-0.0683427075416954,-0.014729011065768197,-0.03229629962630121,-0.033673386487972586,-0.005767464416303508,1.673686076350304,1.6516390424481238,5,24,48,10.6,13.5
proxy_break_reverse_noisyx1_expanding,100,rf,x4,noise,-0.045604415301996146,-0.045604415301996076,0.021248499180059655,-0.02341616419044221,-0.023623316528912735,0.00860196568234422,1.673686076350304,1.6516390424481238,5,24,48,10.6,13.5
proxy_break_reverse_noisyx1_expanding,101,ols,x1,signal,-0.7289657997311966,-0.7289657997311965,-0.801361156992113,-0.2722934717958433,-0.27739221282379795,-0.25848028668011536,2.276496330181125,2.3969392175080553,5,24,48,10.4,12.4
proxy_break_reverse_noisyx1_expanding,101,ols,x2,trap,-0.3039939048649051,-0.303993904864905,0.7034283111477304,-0.11742954297687987,-0.11519446671701232,0.22663237110278436,2.276496330181125,2.3969392175080553,5,24,48,10.4,12.4
proxy_break_reverse_noisyx1_expanding,101,ols,x3,noise,-0.002197753426630868,-0.002197753426630762,0.006076032738320944,-0.0008815750712098423,-0.000807628603776441,0.001999037165114917,2.276496330181125,2.3969392175080553,5,24,48,10.4,12.4
proxy_break_reverse_noisyx1_expanding,101,ols,x4,noise,0.015863738813692966,0.015863738813692973,0.029744748064977584,0.005008584966713068,0.005838515701857808,0.009657838900076883,2.276496330181125,2.3969392175080553,5,24,48,10.4,12.4
proxy_break_reverse_noisyx1_expanding,101,enet,x1,signal,-0.7286502808859742,-0.728650280885974,-0.7999726700087489,-0.27183147804832714,-0.277250017175987,-0.25836278803630985,2.276496330181125,2.3969392175080553,5,24,48,10.4,12.4
proxy_break_reverse_noisyx1_expanding,101,enet,x2,trap,-0.29931497653394257,-0.2993149765339426,0.6926156423877874,-0.11570859372631578,-0.11320513442780784,0.2234146252001208,2.276496330181125,2.3969392175080553,5,24,48,10.4,12.4
proxy_break_reverse_noisyx1_expanding,101,enet,x3,noise,-0.002150545437840424,-0.0021505454378404737,0.005094030552701428,-0.0008696482743210504,-0.0008038499902621477,0.0016737590068264762,2.276496330181125,2.3969392175080553,5,24,48,10.4,12.4
proxy_break_reverse_noisyx1_expanding,101,enet,x4,noise,0.014440969746775497,0.014440969746775612,0.028100852194384743,0.004535541376906914,0.00531582189169207,0.009135211095099233,2.276496330181125,2.3969392175080553,5,24,48,10.4,12.4
proxy_break_reverse_noisyx1_expanding,101,rf,x1,signal,-0.7880672874486127,-0.7880672874486123,-0.8395162969598813,-0.3220544152413811,-0.33032481354457427,-0.27074488028113564,2.273781179779499,2.3987446775840984,5,24,48,10.4,12.4
proxy_break_reverse_noisyx1_expanding,101,rf,x2,trap,-0.6711129247298028,-0.6711129247298029,0.4821536014618468,-0.28592419661846785,-0.2840279088672623,0.15050245951206992,2.273781179779499,2.3987446775840984,5,24,48,10.4,12.4
proxy_break_reverse_noisyx1_expanding,101,rf,x3,noise,-0.07374485426299987,-0.07374485426299987,-0.0357430385979897,-0.03699837703290977,-0.035488771910314694,-0.011646731613122468,2.273781179779499,2.3987446775840984,5,24,48,10.4,12.4
proxy_break_reverse_noisyx1_expanding,101,rf,x4,noise,-0.03335126478065565,-0.03335126478065555,0.03192017546439894,-0.017960659145812664,-0.01693165525308994,0.010531971137292893,2.273781179779499,2.3987446775840984,5,24,48,10.4,12.4
proxy_break_reverse_noisyx1_expanding,102,ols,x1,signal,-0.42501183170721896,-0.42501183170721896,-0.8020132071701042,-0.1632262341956365,-0.168761206848699,-0.2958123227557142,1.9543659584549045,2.001946608033811,5,24,48,10.2,13.3
proxy_break_reverse_noisyx1_expanding,102,ols,x2,trap,-0.2518197430218223,-0.2518197430218223,0.42509644261734464,-0.09816429009242031,-0.09875258613777116,0.15436387729234893,1.9543659584549045,2.001946608033811,5,24,48,10.2,13.3
proxy_break_reverse_noisyx1_expanding,102,ols,x3,noise,0.012254941114645361,0.01225494111464532,-0.038722153995799,0.0027452641669407757,0.004717866788777551,-0.014037895203106741,1.9543659584549045,2.001946608033811,5,24,48,10.2,13.3
proxy_break_reverse_noisyx1_expanding,102,ols,x4,noise,-0.011744803603408011,-0.01174480360340794,-0.0003734807325533977,-0.004286648571027396,-0.004684156137096757,-7.648595430362105e-05,1.9543659584549045,2.001946608033811,5,24,48,10.2,13.3
proxy_break_reverse_noisyx1_expanding,102,enet,x1,signal,-0.43080680231414126,-0.43080680231414137,-0.758698242769842,-0.16584527973210855,-0.17067792914592803,-0.2809459252396112,1.9543659584549045,2.001946608033811,5,24,48,10.2,13.3
proxy_break_reverse_noisyx1_expanding,102,enet,x2,trap,-0.23607653764862815,-0.23607653764862824,0.3587632202075868,-0.0923821860536669,-0.09247074281876727,0.13114391124497074,1.9543659584549045,2.001946608033811,5,24,48,10.2,13.3
proxy_break_reverse_noisyx1_expanding,102,enet,x3,noise,0.0044826216855959255,0.004482621685595986,-0.02000131519503124,0.0007891894790542288,0.0017148289752468363,-0.007298354111651519,1.9543659584549045,2.001946608033811,5,24,48,10.2,13.3
proxy_break_reverse_noisyx1_expanding,102,enet,x4,noise,-0.002278687485448755,-0.0022786874854488306,0.0012269162715938993,-0.0007808609410590537,-0.0009088779476991692,0.00046627701883404416,1.9543659584549045,2.001946608033811,5,24,48,10.2,13.3
proxy_break_reverse_noisyx1_expanding,102,rf,x1,signal,-0.6609614593830276,-0.6609614593830275,-0.7542544461467396,-0.2774928007805949,-0.28930574637489465,-0.2783214738899864,1.9553490537347638,2.0003415786116547,5,24,48,10.2,13.3
proxy_break_reverse_noisyx1_expanding,102,rf,x2,trap,-0.44804690404027514,-0.4480469040402751,0.2585756780484098,-0.19852944057749716,-0.19949546857496583,0.0882780481043423,1.9553490537347638,2.0003415786116547,5,24,48,10.2,13.3
proxy_break_reverse_noisyx1_expanding,102,rf,x3,noise,-0.06625177241759028,-0.06625177241759032,-0.04052739303335134,-0.034031707192451334,-0.032971409820421564,-0.014613334625682492,1.9553490537347638,2.0003415786116547,5,24,48,10.2,13.3
proxy_break_reverse_noisyx1_expanding,102,rf,x4,noise,-0.06272320685637657,-0.06272320685637651,-0.00047138962682707664,-0.029683428902694337,-0.029590891103054257,0.00014226972487926584,1.9553490537347638,2.0003415786116547,5,24,48,10.2,13.3
proxy_break_reverse_noisyx1_expanding,103,ols,x1,signal,-0.3519102107380821,-0.3519102107380821,-0.739947384710223,-0.13495481471108553,-0.1481875109868763,-0.27214193260358227,1.7757216244903347,1.9698043022500693,5,24,48,10.0,13.5
proxy_break_reverse_noisyx1_expanding,103,ols,x2,trap,-0.32039358315504624,-0.32039358315504624,0.4441666494174335,-0.1341997365532454,-0.13457442907148873,0.16197075698608,1.7757216244903347,1.9698043022500693,5,24,48,10.0,13.5
proxy_break_reverse_noisyx1_expanding,103,ols,x3,noise,-0.002984475028385508,-0.0029844750283855074,-0.028481899319271697,-0.0012908897578803422,-0.0010068363572759698,-0.010256750701420425,1.7757216244903347,1.9698043022500693,5,24,48,10.0,13.5
proxy_break_reverse_noisyx1_expanding,103,ols,x4,noise,-0.006634798582664923,-0.006634798582664948,0.010564379849672125,-0.0021769920544388345,-0.002945028767701467,0.003828596517450031,1.7757216244903347,1.9698043022500693,5,24,48,10.0,13.5
proxy_break_reverse_noisyx1_expanding,103,enet,x1,signal,-0.3700898343266889,-0.3700898343266889,-0.7103612472385435,-0.1438586978689757,-0.15606009876542168,-0.2620740314628128,1.7757216244903347,1.969804302250069,5,24,48,10.0,13.5
proxy_break_reverse_noisyx1_expanding,103,enet,x2,trap,-0.3129585048273248,-0.3129585048273247,0.3985688428644716,-0.1307988656495127,-0.13143944222442383,0.14592062902829264,1.7757216244903347,1.969804302250069,5,24,48,10.0,13.5
proxy_break_reverse_noisyx1_expanding,103,enet,x3,noise,-0.0024019663666284196,-0.0024019663666281547,-0.010236407818260919,-0.0009510698459845349,-0.0009019307565126649,-0.003676520451078654,1.7757216244903347,1.969804302250069,5,24,48,10.0,13.5
proxy_break_reverse_noisyx1_expanding,103,enet,x4,noise,-1.1102230246251566e-17,1.1102230246251565e-16,0.0005059456119276851,0.0,5.551115123125783e-17,0.00018688762250726465,1.7757216244903347,1.969804302250069,5,24,48,10.0,13.5
proxy_break_reverse_noisyx1_expanding,103,rf,x1,signal,-0.6683171731784742,-0.6683171731784743,-0.7034798769275472,-0.28931568626271875,-0.30863699408207407,-0.26346360444026823,1.774682105967185,1.9724445869102611,5,24,48,10.0,13.5
proxy_break_reverse_noisyx1_expanding,103,rf,x2,trap,-0.39542001676896327,-0.39542001676896316,0.2625875822553831,-0.18675405613427104,-0.1857829847178362,0.09699007261404312,1.774682105967185,1.9724445869102611,5,24,48,10.0,13.5
proxy_break_reverse_noisyx1_expanding,103,rf,x3,noise,-0.032547617939693074,-0.032547617939693026,0.03953717273137758,-0.01830218989351518,-0.017857680816420154,0.015298060338502275,1.774682105967185,1.9724445869102611,5,24,48,10.0,13.5
proxy_break_reverse_noisyx1_expanding,103,rf,x4,noise,-0.0383656539287192,-0.0383656539287191,-0.0019489149936822436,-0.02020060613390912,-0.019874513634216266,-0.0006085875405069247,1.774682105967185,1.9724445869102611,5,24,48,10.0,13.5
proxy_break_reverse_noisyx1_expanding,104,ols,x1,signal,-0.37615005570808957,-0.3761500557080894,-0.89346506630439,-0.14894541942095363,-0.15109189171922754,-0.31879649628481627,1.9566880028873497,2.108602205172745,5,24,48,11.2,13.3
proxy_break_reverse_noisyx1_expanding,104,ols,x2,trap,-0.400092519813884,-0.4000925198138841,0.5100130168937564,-0.1555806181813724,-0.16084003606626845,0.17987003264204224,1.9566880028873497,2.108602205172745,5,24,48,11.2,13.3
proxy_break_reverse_noisyx1_expanding,104,ols,x3,noise,-0.001241177366600351,-0.0012411773666003735,-0.014215430520903542,-0.00022521698293938644,-0.0004386815724998633,-0.005099279002422676,1.9566880028873497,2.108602205172745,5,24,48,11.2,13.3
proxy_break_reverse_noisyx1_expanding,104,ols,x4,noise,0.007235014645632164,0.007235014645632244,0.0033098188156488115,0.0025142599675359732,0.0027918939787072695,0.0012146777251120788,1.9566880028873497,2.108602205172745,5,24,48,11.2,13.3
proxy_break_reverse_noisyx1_expanding,104,enet,x1,signal,-0.4137765470945795,-0.4137765470945796,-0.8775908489285001,-0.16259662731227484,-0.16675558800626486,-0.31563571275152874,1.9566880028873497,2.108602205172745,5,24,48,11.2,13.3
proxy_break_reverse_noisyx1_expanding,104,enet,x2,trap,-0.36614976780647995,-0.36614976780648,0.446300535181168,-0.14356765438529728,-0.1472006018339053,0.15861895872322804,1.9566880028873497,2.108602205172745,5,24,48,11.2,13.3
proxy_break_reverse_noisyx1_expanding,104,enet,x3,noise,-0.0008255872501319566,-0.0008255872501319849,-0.0007943204591695554,-0.00036546405551041926,-0.00036423172024816625,-0.00028586278896636924,1.9566880028873497,2.108602205172745,5,24,48,11.2,13.3
proxy_break_reverse_noisyx1_expanding,104,enet,x4,noise,0.0012502353357209,0.001250235335720935,-0.00025323587045186086,0.00044921618433398206,0.00048596016594372693,-9.379360760981142e-05,1.9566880028873497,2.108602205172745,5,24,48,11.2,13.3
proxy_break_reverse_noisyx1_expanding,104,rf,x1,signal,-0.6399943112547871,-0.6399943112547871,-0.931026460458131,-0.27930700142092035,-0.2835179188739157,-0.33684212972800465,1.955604897772523,2.1079384114303488,5,24,48,11.2,13.3
proxy_break_reverse_noisyx1_expanding,104,rf,x2,trap,-0.5431016904780677,-0.5431016904780676,0.3642308054121069,-0.23600784620405357,-0.24136095880963512,0.12677821876451084,1.955604897772523,2.1079384114303488,5,24,48,11.2,13.3
proxy_break_reverse_noisyx1_expanding,104,rf,x3,noise,-0.05119050924393241,-0.051190509243932335,-0.00962437153576638,-0.02771056293866019,-0.026974837633411592,-0.0037572841080493143,1.955604897772523,2.1079384114303488,5,24,48,11.2,13.3
proxy_break_reverse_noisyx1_expanding,104,rf,x4,noise,-0.033244087817331416,-0.03324408781733148,0.01146402705658875,-0.01802305201470124,-0.01707328375590954,0.004115523285479636,1.955604897772523,2.1079384114303488,5,24,48,11.2,13.3
proxy_break_reverse_noisyx1_expanding,105,ols,x1,signal,-0.3049193832314657,-0.30491938323146567,-0.719701816093601,-0.13843855660853682,-0.14590050867624108,-0.26811831050104235,1.3409865708148578,1.9562251784584823,5,24,48,8.2,13.7
proxy_break_reverse_noisyx1_expanding,105,ols,x2,trap,-0.14367210300625988,-0.14367210300626002,0.35385042597540006,-0.07622150320311041,-0.06806298880058743,0.13060648166751826,1.3409865708148578,1.9562251784584823,5,24,48,8.2,13.7
proxy_break_reverse_noisyx1_expanding,105,ols,x3,noise,-0.005277330269286963,-0.005277330269286946,0.0014733310324854577,-0.0038740694142056927,-0.0027641640608393817,0.0006316527338405287,1.3409865708148578,1.9562251784584823,5,24,48,8.2,13.7
proxy_break_reverse_noisyx1_expanding,105,ols,x4,noise,-0.013650360657657085,-0.013650360657657179,0.005277780099177912,-0.006695406825407371,-0.006687308920400784,0.00200304617608373,1.3409865708148578,1.9562251784584823,5,24,48,8.2,13.7
proxy_break_reverse_noisyx1_expanding,105,enet,x1,signal,-0.31075300109351395,-0.310753001093514,-0.6819759226150829,-0.13985898096993138,-0.14803587961952266,-0.2557037476739204,1.3409865708148578,1.9562251784584823,5,24,48,8.2,13.7
proxy_break_reverse_noisyx1_expanding,105,enet,x2,trap,-0.12924122922960696,-0.12924122922960699,0.2966573119188536,-0.0682706101732667,-0.0610259104887295,0.11045268032372084,1.3409865708148578,1.9562251784584823,5,24,48,8.2,13.7
proxy_break_reverse_noisyx1_expanding,105,enet,x3,noise,-0.005846316359655296,-0.005846316359655279,-0.00011710136312667596,-0.0035105374893498716,-0.0028449892607416323,-5.374956579826581e-05,1.3409865708148578,1.9562251784584823,5,24,48,8.2,13.7
proxy_break_reverse_noisyx1_expanding,105,enet,x4,noise,-0.00047869003348509863,-0.00047869003348516526,0.0019249273882028725,-0.00023850597748246023,-0.00023440550394665297,0.0007327190890978099,1.3409865708148578,1.9562251784584823,5,24,48,8.2,13.7
proxy_break_reverse_noisyx1_expanding,105,rf,x1,signal,-0.4401887994705854,-0.4401887994705853,-0.6016871848512473,-0.21531200174122733,-0.22688668186052777,-0.22483398227495452,1.3408830195349692,1.957579387730643,5,24,48,8.2,13.7
proxy_break_reverse_noisyx1_expanding,105,rf,x2,trap,-0.28692402184749766,-0.28692402184749777,0.2129238175047479,-0.15658385201624075,-0.15075780931833271,0.07732182918429932,1.3408830195349692,1.957579387730643,5,24,48,8.2,13.7
proxy_break_reverse_noisyx1_expanding,105,rf,x3,noise,-0.02012995906413066,-0.0201299590641307,-0.00729422072740053,-0.013516903291088683,-0.012438038525591319,-0.002846433548716776,1.3408830195349692,1.957579387730643,5,24,48,8.2,13.7
proxy_break_reverse_noisyx1_expanding,105,rf,x4,noise,-0.029176505421461447,-0.029176505421461607,-0.01813511686407971,-0.017211836961257353,-0.01657448889084277,-0.006445493292310582,1.3408830195349692,1.957579387730643,5,24,48,8.2,13.7
proxy_break_reverse_noisyx1_expanding,106,ols,x1,signal,-0.4374855513850845,-0.4374855513850846,-0.5686072887161159,-0.16957294810373927,-0.17912691938780348,-0.22522311321521674,1.9203018696547922,1.6568035922432565,5,24,48,10.8,14.5
proxy_break_reverse_noisyx1_expanding,106,ols,x2,trap,-0.3343615016623501,-0.3343615016623503,0.34683766695496443,-0.13644091831570906,-0.13563772982164543,0.13548463581322392,1.9203018696547922,1.6568035922432565,5,24,48,10.8,14.5
proxy_break_reverse_noisyx1_expanding,106,ols,x3,noise,-0.014477652431773924,-0.014477652431774056,-0.003336121595435481,-0.006566839509328038,-0.0062045576409674565,-0.0013746370537137096,1.9203018696547922,1.6568035922432565,5,24,48,10.8,14.5
proxy_break_reverse_noisyx1_expanding,106,ols,x4,noise,-0.0021135894703860764,-0.0021135894703862104,-0.013280003563205902,-0.00034309764620046315,-0.000889590772076343,-0.005082227319640624,1.9203018696547922,1.6568035922432565,5,24,48,10.8,14.5
proxy_break_reverse_noisyx1_expanding,106,enet,x1,signal,-0.43717493967916743,-0.43717493967916754,-0.5663457944801601,-0.1694356490371596,-0.17894034783141724,-0.2244212553308248,1.9203018696547922,1.6568035922432565,5,24,48,10.8,14.5
proxy_break_reverse_noisyx1_expanding,106,enet,x2,trap,-0.33348644412800477,-0.33348644412800477,0.3432887677094249,-0.13605028259137175,-0.13525888903119113,0.13418370340816746,1.9203018696547922,1.6568035922432565,5,24,48,10.8,14.5
proxy_break_reverse_noisyx1_expanding,106,enet,x3,noise,-0.013452998990537141,-0.013452998990537132,-0.0034394640547811112,-0.0061083252920073995,-0.005751897995013441,-0.0014128119095579011,1.9203018696547922,1.6568035922432565,5,24,48,10.8,14.5
proxy_break_reverse_noisyx1_expanding,106,enet,x4,noise,-0.0023567056486792823,-0.002356705648679342,-0.012121564564976048,-0.0004823291607584483,-0.0009835300748592911,-0.004642510753895671,1.9203018696547922,1.6568035922432565,5,24,48,10.8,14.5
proxy_break_reverse_noisyx1_expanding,106,rf,x1,signal,-0.6498921994719533,-0.6498921994719532,-0.5011803679561314,-0.2793358861502717,-0.28682862765488304,-0.19524907118708393,1.9183904389460977,1.6583313972739275,5,24,48,10.8,14.5
proxy_break_reverse_noisyx1_expanding,106,rf,x2,trap,-0.4578725020318827,-0.4578725020318828,0.39300784298069585,-0.21074065114509938,-0.20413765426689837,0.15216336456642354,1.9183904389460977,1.6583313972739275,5,24,48,10.8,14.5
proxy_break_reverse_noisyx1_expanding,106,rf,x3,noise,-0.05985127100072608,-0.05985127100072598,0.028362810899635105,-0.030801259478078536,-0.029457135389417854,0.011165635925945988,1.9183904389460977,1.6583313972739275,5,24,48,10.8,14.5
proxy_break_reverse_noisyx1_expanding,106,rf,x4,noise,-0.0478798955893566,-0.047879895589356604,-0.017842190024212147,-0.02478622715921295,-0.026248227746101638,-0.006570510695411547,1.9183904389460977,1.6583313972739275,5,24,48,10.8,14.5
proxy_break_reverse_noisyx1_expanding,107,ols,x1,signal,-1.08143843057111,-1.0814384305711098,-1.1747691386037813,-0.4263780180038439,-0.44148548107551316,-0.3735057864535641,2.280446720046877,2.7556498140049626,5,24,48,11.5,14.6
proxy_break_reverse_noisyx1_expanding,107,ols,x2,trap,-0.366394215301947,-0.3663942153019468,0.6153938284268846,-0.16361938679787236,-0.15358407169520025,0.19468540563919426,2.280446720046877,2.7556498140049626,5,24,48,11.5,14.6
proxy_break_reverse_noisyx1_expanding,107,ols,x3,noise,0.007177808796150336,0.007177808796150349,0.0031719351045656047,0.0030541539566256498,0.003197707088449691,0.0010318198359880089,2.280446720046877,2.7556498140049626,5,24,48,11.5,14.6
proxy_break_reverse_noisyx1_expanding,107,ols,x4,noise,0.010294790913424843,0.01029479091342515,-0.020180017620752413,0.0022811466330346793,0.0037584921280010403,-0.005992579141177889,2.280446720046877,2.7556498140049626,5,24,48,11.5,14.6
proxy_break_reverse_noisyx1_expanding,107,enet,x1,signal,-1.1063772789822865,-1.1063772789822863,-1.1615410426707946,-0.4317055386338839,-0.4517724896663428,-0.3725673614653158,2.280446720046877,2.7556498140049626,5,24,48,11.5,14.6
proxy_break_reverse_noisyx1_expanding,107,enet,x2,trap,-0.3086408489480533,-0.30864084894805316,0.5128202277865475,-0.14431892061986512,-0.12726298179671683,0.16348566605633136,2.280446720046877,2.7556498140049626,5,24,48,11.5,14.6
proxy_break_reverse_noisyx1_expanding,107,enet,x3,noise,0.0,-6.707597440443654e-17,3.275843151026118e-05,0.0,-3.353798720221827e-17,1.0552987538126982e-05,2.280446720046877,2.7556498140049626,5,24,48,11.5,14.6
proxy_break_reverse_noisyx1_expanding,107,enet,x4,noise,0.0048734921553428125,0.004873492155342941,-0.01620898444758783,0.001184627913329285,0.001820493286434267,-0.005000303665848231,2.280446720046877,2.7556498140049626,5,24,48,11.5,14.6
proxy_break_reverse_noisyx1_expanding,107,rf,x1,signal,-1.13655925896771,-1.1365592589677103,-1.3134205660295517,-0.47824427322613144,-0.5007852907171585,-0.42769197987033736,2.2797718823360222,2.760554826858173,5,24,48,11.5,14.6
proxy_break_reverse_noisyx1_expanding,107,rf,x2,trap,-0.562419831986386,-0.5624198319863861,0.38364277545191544,-0.275412161507235,-0.2600552025099329,0.11746010807459978,2.2797718823360222,2.760554826858173,5,24,48,11.5,14.6
proxy_break_reverse_noisyx1_expanding,107,rf,x3,noise,-0.03407508368064378,-0.03407508368064385,-0.01354173114553013,-0.018057636443147958,-0.01824525325109955,-0.004774901371300019,2.2797718823360222,2.760554826858173,5,24,48,11.5,14.6
proxy_break_reverse_noisyx1_expanding,107,rf,x4,noise,-0.06764571449479075,-0.06764571449479097,-0.0061406089926246575,-0.03851154775244068,-0.0386553335862568,-0.0007157904586075209,2.2797718823360222,2.760554826858173,5,24,48,11.5,14.6
proxy_break_reverse_noisyx1_expanding,108,ols,x1,signal,-0.6469914799818857,-0.6469914799818858,-0.7933598619667078,-0.27036869312920164,-0.27160379849546695,-0.3064267515772931,2.02361817216346,1.7850617294193172,5,24,48,10.5,13.7
proxy_break_reverse_noisyx1_expanding,108,ols,x2,trap,-0.4432761667608758,-0.4432761667608757,0.4881974566087864,-0.1823608979462928,-0.18502960222787057,0.18650727998365677,2.02361817216346,1.7850617294193172,5,24,48,10.5,13.7
proxy_break_reverse_noisyx1_expanding,108,ols,x3,noise,0.005618597519017809,0.005618597519017911,-0.018740055173750565,0.0031592950323097967,0.002733086105174906,-0.0072191726962138394,2.02361817216346,1.7850617294193172,5,24,48,10.5,13.7
proxy_break_reverse_noisyx1_expanding,108,ols,x4,noise,-0.0027835618873449483,-0.002783561887344936,0.007008570871652828,-0.0010213994685433262,-0.001072199680431331,0.0027563808194362347,2.02361817216346,1.7850617294193172,5,24,48,10.5,13.7
proxy_break_reverse_noisyx1_expanding,108,enet,x1,signal,-0.6537006357063553,-0.6537006357063553,-0.762720681063926,-0.2714336032891095,-0.2733213999496565,-0.2962113210318036,2.02361817216346,1.7850617294193172,5,24,48,10.5,13.7
proxy_break_reverse_noisyx1_expanding,108,enet,x2,trap,-0.41799435177327693,-0.417994351773277,0.43094856268101284,-0.1719888796454704,-0.17360468308726165,0.16554906489040863,2.02361817216346,1.7850617294193172,5,24,48,10.5,13.7
proxy_break_reverse_noisyx1_expanding,108,enet,x3,noise,0.0003397193116524732,0.0003397193116524584,-0.004095688351185564,0.00035894976324028495,0.00022633290340741638,-0.0015705561150926677,2.02361817216346,1.7850617294193172,5,24,48,10.5,13.7
proxy_break_reverse_noisyx1_expanding,108,enet,x4,noise,-1.2027416100105861e-17,-3.0068540250264654e-17,0.00019039017954482207,0.0,-3.0068540250264654e-17,7.4569780420831e-05,2.02361817216346,1.7850617294193172,5,24,48,10.5,13.7
proxy_break_reverse_noisyx1_expanding,108,rf,x1,signal,-0.8192979693632694,-0.819297969363269,-0.7508862293631765,-0.37156129655310965,-0.3722556101512035,-0.293638081604596,2.0245549579195985,1.7870657551298337,5,24,48,10.5,13.7
proxy_break_reverse_noisyx1_expanding,108,rf,x2,trap,-0.548688368221138,-0.548688368221138,0.36910956581044757,-0.24851018632092173,-0.2536728824108672,0.1425858972163879,2.0245549579195985,1.7870657551298337,5,24,48,10.5,13.7
proxy_break_reverse_noisyx1_expanding,108,rf,x3,noise,-0.05823401722922633,-0.0582340172292263,0.0017467190904154075,-0.030647475121930657,-0.03155228191053574,0.0007593244811370595,2.0245549579195985,1.7870657551298337,5,24,48,10.5,13.7
proxy_break_reverse_noisyx1_expanding,108,rf,x4,noise,-0.05763166969484116,-0.05763166969484126,0.022663305547477874,-0.029899824517895985,-0.030062739270635647,0.009181334294143867,2.0245549579195985,1.7870657551298337,5,24,48,10.5,13.7
proxy_break_reverse_noisyx1_expanding,109,ols,x1,signal,-0.4716839580444997,-0.4716839580444998,-0.746341206896527,-0.2029069382073671,-0.2136805957958661,-0.2781115415270515,1.5457758403782962,1.9234596758971663,5,24,48,10.5,13.9
proxy_break_reverse_noisyx1_expanding,109,ols,x2,trap,-0.12918418124915584,-0.12918418124915584,0.4306466732635304,-0.06900750864653557,-0.0574377741542329,0.15924003718797883,1.5457758403782962,1.9234596758971663,5,24,48,10.5,13.9
proxy_break_reverse_noisyx1_expanding,109,ols,x3,noise,-0.0061570960364420455,-0.006157096036442066,0.0035997384135191546,-0.0025947175504469414,-0.002768426672335627,0.001334804034850377,1.5457758403782962,1.9234596758971663,5,24,48,10.5,13.9
proxy_break_reverse_noisyx1_expanding,109,ols,x4,noise,0.006520605032034596,0.006520605032034565,-0.0038465901699419208,0.002467063959526258,0.002845047724281283,-0.0014723405224848403,1.5457758403782962,1.9234596758971663,5,24,48,10.5,13.9
proxy_break_reverse_noisyx1_expanding,109,enet,x1,signal,-0.46626174281592,-0.46626174281592,-0.697903780135098,-0.1995167912797302,-0.21059606719412946,-0.2610789708247986,1.5457758403782962,1.9234596758971663,5,24,48,10.5,13.9
proxy_break_reverse_noisyx1_expanding,109,enet,x2,trap,-0.12375791207723305,-0.12375791207723308,0.37553336078802424,-0.06717445132730239,-0.05497969307193087,0.13954614093397755,1.5457758403782962,1.9234596758971663,5,24,48,10.5,13.9
proxy_break_reverse_noisyx1_expanding,109,enet,x3,noise,1.0177044392397268e-17,0.0,0.0,5.088522196198634e-18,0.0,0.0,1.5457758403782962,1.9234596758971663,5,24,48,10.5,13.9
proxy_break_reverse_noisyx1_expanding,109,enet,x4,noise,0.0011986756251248828,0.0011986756251247978,-0.00042796183853418407,0.00045079164424647244,0.0005241181206956091,-0.00018322054824516237,1.5457758403782962,1.9234596758971663,5,24,48,10.5,13.9
proxy_break_reverse_noisyx1_expanding,109,rf,x1,signal,-0.6397072045906784,-0.6397072045906783,-0.7549219228196993,-0.2927529933312635,-0.31238626406917636,-0.28617358943219506,1.5445366416700803,1.925207830389085,5,24,48,10.5,13.9
proxy_break_reverse_noisyx1_expanding,109,rf,x2,trap,-0.2762439815875851,-0.27624398158758506,0.2699945113117482,-0.15165707028601064,-0.14127138690595983,0.09943248623709261,1.5445366416700803,1.925207830389085,5,24,48,10.5,13.9
proxy_break_reverse_noisyx1_expanding,109,rf,x3,noise,-0.03470171666030707,-0.034701716660307004,0.011082003520864192,-0.021061987257343047,-0.01990456583164743,0.004395684375808308,1.5445366416700803,1.925207830389085,5,24,48,10.5,13.9
proxy_break_reverse_noisyx1_expanding,109,rf,x4,noise,-0.02940626229313161,-0.029406262293131643,0.02068625878108422,-0.018717804738579324,-0.017914507543015937,0.008106964437043744,1.5445366416700803,1.925207830389085,5,24,48,10.5,13.9
proxy_break_reverse_noisyx1_expanding,110,ols,x1,signal,-0.5171395924230652,-0.5171395924230651,-0.8562138465033134,-0.1902962931481788,-0.19875371933577743,-0.31787075619715743,2.1126953393516907,2.0381845169234665,5,24,48,9.9,15.2
proxy_break_reverse_noisyx1_expanding,110,ols,x2,trap,-0.2664600605155722,-0.26646006051557225,0.3437986871957868,-0.11200390293063398,-0.1022088971289266,0.1257876097039126,2.1126953393516907,2.0381845169234665,5,24,48,9.9,15.2
proxy_break_reverse_noisyx1_expanding,110,ols,x3,noise,-0.01860720395775333,-0.018607203957753417,0.006871229131674141,-0.008101940594197578,-0.007319229356565013,0.0028721258008861127,2.1126953393516907,2.0381845169234665,5,24,48,9.9,15.2
proxy_break_reverse_noisyx1_expanding,110,ols,x4,noise,0.007733568931428024,0.007733568931427959,0.015773151355430882,0.0026740808146827762,0.002908978986516861,0.0059137612621709065,2.1126953393516907,2.0381845169234665,5,24,48,9.9,15.2
proxy_break_reverse_noisyx1_expanding,110,enet,x1,signal,-0.5045340939275471,-0.504534093927547,-0.8068683414263947,-0.18531021059349195,-0.19280359116117132,-0.301647255010255,2.1126953393516907,2.0381845169234665,5,24,48,9.9,15.2
proxy_break_reverse_noisyx1_expanding,110,enet,x2,trap,-0.24045336368085374,-0.24045336368085377,0.28754129224160313,-0.09989470983605052,-0.0917247724816791,0.10636767951781763,2.1126953393516907,2.0381845169234665,5,24,48,9.9,15.2
proxy_break_reverse_noisyx1_expanding,110,enet,x3,noise,-0.013507997551941542,-0.013507997551941299,0.001985903440347258,-0.005653235305120923,-0.00525186777702821,0.0008774446392472204,2.1126953393516907,2.0381845169234665,5,24,48,9.9,15.2
proxy_break_reverse_noisyx1_expanding,110,enet,x4,noise,0.0003391475786555053,0.0003391475786552976,0.0008455566827219435,0.00011013707361514959,0.00011550184890196195,0.0003196939319919818,2.1126953393516907,2.0381845169234665,5,24,48,9.9,15.2
proxy_break_reverse_noisyx1_expanding,110,rf,x1,signal,-0.6827334949464062,-0.6827334949464063,-0.8073146568169585,-0.2763359720829134,-0.286734458640083,-0.29416836387886885,2.1102109927081654,2.03813294818244,5,24,48,9.9,15.2
proxy_break_reverse_noisyx1_expanding,110,rf,x2,trap,-0.5090486616860406,-0.5090486616860405,0.39534024738500384,-0.22103895413642186,-0.2158045537999076,0.14133844694152772,2.1102109927081654,2.03813294818244,5,24,48,9.9,15.2
proxy_break_reverse_noisyx1_expanding,110,rf,x3,noise,-0.047372813955136074,-0.04737281395513617,-0.007121759173441144,-0.02108655384347112,-0.022269768604691098,-0.002314968382495256,2.1102109927081654,2.03813294818244,5,24,48,9.9,15.2
proxy_break_reverse_noisyx1_expanding,110,rf,x4,noise,-0.0829262219021738,-0.08292622190217373,0.02219121989369489,-0.039360664337493516,-0.04008099969030753,0.008617159106908077,2.1102109927081654,2.03813294818244,5,24,48,9.9,15.2
proxy_break_reverse_noisyx1_expanding,111,ols,x1,signal,-0.290406740563793,-0.29040674056379295,-0.3089131554578924,-0.13842514442923193,-0.1278895347293731,-0.13599027746039163,1.4964234899370163,1.3245337353494695,5,24,48,10.1,12.4
proxy_break_reverse_noisyx1_expanding,111,ols,x2,trap,-0.06254121632108782,-0.0625412163210879,0.18491749416114958,-0.027583273185943426,-0.026147800384848065,0.08104844140122089,1.4964234899370163,1.3245337353494695,5,24,48,10.1,12.4
proxy_break_reverse_noisyx1_expanding,111,ols,x3,noise,0.00264309168744943,0.0026430916874494634,0.008994705433649412,0.0012440032472399905,0.0011075357216245908,0.0039625390375408395,1.4964234899370163,1.3245337353494695,5,24,48,10.1,12.4
proxy_break_reverse_noisyx1_expanding,111,ols,x4,noise,-0.009315035029187547,-0.00931503502918754,0.012767726491898857,-0.003985697579669305,-0.0041441782747654145,0.005672405321327137,1.4964234899370163,1.3245337353494695,5,24,48,10.1,12.4
proxy_break_reverse_noisyx1_expanding,111,enet,x1,signal,-0.28094474175418543,-0.2809447417541855,-0.28270317814946105,-0.13268191437482407,-0.12335338651873366,-0.12513263196486002,1.4964234899370163,1.3245337353494695,5,24,48,10.1,12.4
proxy_break_reverse_noisyx1_expanding,111,enet,x2,trap,-0.07096546241874371,-0.07096546241874369,0.15847336606324436,-0.03084314216796382,-0.0301471321017797,0.06987083326501503,1.4964234899370163,1.3245337353494695,5,24,48,10.1,12.4
proxy_break_reverse_noisyx1_expanding,111,enet,x3,noise,3.8857805861880476e-17,0.0,0.0,1.295260195396016e-17,0.0,0.0,1.4964234899370163,1.3245337353494695,5,24,48,10.1,12.4
proxy_break_reverse_noisyx1_expanding,111,enet,x4,noise,-0.0016247951581699685,-0.0016247951581700448,0.0035279456126442454,-0.0006857091139638065,-0.0007237481505773339,0.0015706274683516264,1.4964234899370163,1.3245337353494695,5,24,48,10.1,12.4
proxy_break_reverse_noisyx1_expanding,111,rf,x1,signal,-0.39457624200406977,-0.3945762420040699,-0.21983330713278038,-0.19520774684252995,-0.18732515099872646,-0.09749487231381661,1.4956090968168332,1.3272756619563302,5,24,48,10.1,12.4
proxy_break_reverse_noisyx1_expanding,111,rf,x2,trap,-0.2594251278591273,-0.25942512785912725,0.07362804224127632,-0.12008603658674304,-0.12267589156303078,0.032636428512210575,1.4956090968168332,1.3272756619563302,5,24,48,10.1,12.4
proxy_break_reverse_noisyx1_expanding,111,rf,x3,noise,-0.03810396024078257,-0.038103960240782525,0.024780637393683608,-0.019627390403254837,-0.020336332960142988,0.011073463927088674,1.4956090968168332,1.3272756619563302,5,24,48,10.1,12.4
proxy_break_reverse_noisyx1_expanding,111,rf,x4,noise,-0.07099465138186664,-0.07099465138186649,0.020305100673921772,-0.03649632928533934,-0.036746139740221014,0.00902982272594,1.4956090968168332,1.3272756619563302,5,24,48,10.1,12.4
proxy_break_reverse_noisyx1_expanding,112,ols,x1,signal,-0.5297473343272234,-0.5297473343272233,-0.7518274257720335,-0.2391552834627826,-0.23488279094357023,-0.2846066581036606,1.763774870505532,1.9392441494524633,5,24,48,10.1,13.9
proxy_break_reverse_noisyx1_expanding,112,ols,x2,trap,-0.2923495360997615,-0.29234953609976166,0.3595810637059686,-0.13207368779570058,-0.126776882723365,0.1347937054230296,1.763774870505532,1.9392441494524633,5,24,48,10.1,13.9
proxy_break_reverse_noisyx1_expanding,112,ols,x3,noise,0.004959217381297928,0.004959217381297843,0.00231517635242146,0.0012930347791542437,0.0023892540186340495,0.0007589451577288316,1.763774870505532,1.9392441494524633,5,24,48,10.1,13.9
proxy_break_reverse_noisyx1_expanding,112,ols,x4,noise,-0.048440669615352136,-0.048440669615352205,-0.046068841054969584,-0.01942972397698564,-0.021069123636281478,-0.017444895613246456,1.763774870505532,1.9392441494524633,5,24,48,10.1,13.9
proxy_break_reverse_noisyx1_expanding,112,enet,x1,signal,-0.5352545509037124,-0.5352545509037125,-0.710296773766728,-0.23965084738798134,-0.23624683709159702,-0.26791867164734556,1.763774870505532,1.9392441494524633,5,24,48,10.1,13.9
proxy_break_reverse_noisyx1_expanding,112,enet,x2,trap,-0.2856914709768706,-0.2856914709768705,0.3355585965263563,-0.12887706921304998,-0.12371282252635347,0.12552738473330918,1.763774870505532,1.9392441494524633,5,24,48,10.1,13.9
proxy_break_reverse_noisyx1_expanding,112,enet,x3,noise,0.003503047399786674,0.0035030473997866886,0.0036622905574961056,0.0013729657064282894,0.0016486160166811065,0.0013348326994101257,1.763774870505532,1.9392441494524633,5,24,48,10.1,13.9
proxy_break_reverse_noisyx1_expanding,112,enet,x4,noise,-0.03629423373262289,-0.03629423373262294,-0.0322980812423774,-0.014591994150164178,-0.015801876731986728,-0.012208716271272443,1.763774870505532,1.9392441494524633,5,24,48,10.1,13.9
proxy_break_reverse_noisyx1_expanding,112,rf,x1,signal,-0.6512628765382811,-0.651262876538281,-0.6328965240741492,-0.30859999656836545,-0.3093516570519755,-0.24526764446533275,1.7661968162305874,1.9378523422771972,5,24,48,10.1,13.9
proxy_break_reverse_noisyx1_expanding,112,rf,x2,trap,-0.4554340721227346,-0.4554340721227345,0.09578209093777446,-0.2258302305951978,-0.22121146520285007,0.035610970054129366,1.7661968162305874,1.9378523422771972,5,24,48,10.1,13.9
proxy_break_reverse_noisyx1_expanding,112,rf,x3,noise,-0.018206678325267584,-0.01820667832526753,0.003831733730709571,-0.012907800740866485,-0.012151278219679302,0.0015148195796125922,1.7661968162305874,1.9378523422771972,5,24,48,10.1,13.9
proxy_break_reverse_noisyx1_expanding,112,rf,x4,noise,-0.10252723618542137,-0.10252723618542138,-0.03436540230578023,-0.049379681916458834,-0.05226219650190695,-0.013368560138401472,1.7661968162305874,1.9378523422771972,5,24,48,10.1,13.9
proxy_break_reverse_noisyx1_expanding,113,ols,x1,signal,-0.4385756147001219,-0.4385756147001217,-0.9497755038913507,-0.19386861867090036,-0.2007694281240648,-0.3453344362111898,1.534989760594037,2.14375112061846,5,24,48,10.4,13.7
proxy_break_reverse_noisyx1_expanding,113,ols,x2,trap,-0.18183346024730856,-0.1818334602473084,0.3941305001242877,-0.09383888334166778,-0.08228436347007662,0.14218679216407515,1.534989760594037,2.14375112061846,5,24,48,10.4,13.7
proxy_break_reverse_noisyx1_expanding,113,ols,x3,noise,-0.011202122982481407,-0.011202122982481431,0.00710126173471227,-0.0050295619094270615,-0.005172138728565807,0.0024969433370651017,1.534989760594037,2.14375112061846,5,24,48,10.4,13.7
proxy_break_reverse_noisyx1_expanding,113,ols,x4,noise,0.0028306490501144206,0.002830649050114488,0.02319764459015054,0.0013985118570800635,0.0012291082158663463,0.008660757357904702,1.534989760594037,2.14375112061846,5,24,48,10.4,13.7
proxy_break_reverse_noisyx1_expanding,113,enet,x1,signal,-0.4399298885778603,-0.43992988857786025,-0.9434500936800033,-0.19455154305011418,-0.20142351439442027,-0.34322995367803594,1.534989760594037,2.14375112061846,5,24,48,10.4,13.7
proxy_break_reverse_noisyx1_expanding,113,enet,x2,trap,-0.18115402795951638,-0.18115402795951643,0.38703123955959845,-0.09351411011747071,-0.08199844398508094,0.1397287128752556,1.534989760594037,2.14375112061846,5,24,48,10.4,13.7
proxy_break_reverse_noisyx1_expanding,113,enet,x3,noise,-0.010466578232402919,-0.010466578232402825,0.006548002358617387,-0.0046914905537176095,-0.0048314692120040815,0.002314446940339538,1.534989760594037,2.14375112061846,5,24,48,10.4,13.7
proxy_break_reverse_noisyx1_expanding,113,enet,x4,noise,0.0018979829396302884,0.001897982939630366,0.021950926882727345,0.0009137393183839153,0.0007985075766213124,0.008184854979595762,1.534989760594037,2.14375112061846,5,24,48,10.4,13.7
proxy_break_reverse_noisyx1_expanding,113,rf,x1,signal,-0.6294573322413235,-0.6294573322413234,-0.9186037351163091,-0.3034176868151025,-0.315990553166909,-0.3425672700245119,1.5353881992011997,2.1400117367877645,5,24,48,10.4,13.7
proxy_break_reverse_noisyx1_expanding,113,rf,x2,trap,-0.31218388459860635,-0.31218388459860624,0.09407648769328607,-0.1728440599168815,-0.16290396321758158,0.026412085943424327,1.5353881992011997,2.1400117367877645,5,24,48,10.4,13.7
proxy_break_reverse_noisyx1_expanding,113,rf,x3,noise,-0.05559019784188379,-0.05559019784188374,-0.000171695277675366,-0.031047920022267812,-0.030371544790487325,0.00022015165566311815,1.5353881992011997,2.1400117367877645,5,24,48,10.4,13.7
proxy_break_reverse_noisyx1_expanding,113,rf,x4,noise,-0.03685070823657709,-0.036850708236577136,0.0037565896715935445,-0.022861875161410677,-0.021812048439806275,0.0015645962121154076,1.5353881992011997,2.1400117367877645,5,24,48,10.4,13.7
proxy_break_reverse_noisyx1_expanding,114,ols,x1,signal,-0.35625742068004823,-0.35625742068004823,-0.9504688744603538,-0.1401601903071247,-0.15031068710473935,-0.3270791804287741,1.7225889365789981,2.2516590395688523,5,24,48,10.4,13.3
proxy_break_reverse_noisyx1_expanding,114,ols,x2,trap,-0.22516100779871132,-0.22516100779871126,0.5586505515312147,-0.0987158466220516,-0.09366363010163309,0.19051340460895502,1.7225889365789981,2.2516590395688523,5,24,48,10.4,13.3
proxy_break_reverse_noisyx1_expanding,114,ols,x3,noise,-0.0007057781774705677,-0.0007057781774705493,0.010192603675030379,-0.00036163857684452864,-0.00033905838424325613,0.003549818513820547,1.7225889365789981,2.2516590395688523,5,24,48,10.4,13.3
proxy_break_reverse_noisyx1_expanding,114,ols,x4,noise,0.0031375080756464216,0.0031375080756464494,0.003906169545758488,0.002146964912232002,0.0012324162600933775,0.0013821414600966818,1.7225889365789981,2.2516590395688523,5,24,48,10.4,13.3
proxy_break_reverse_noisyx1_expanding,114,enet,x1,signal,-0.3723773477745612,-0.37237734777456116,-0.8881786867159421,-0.14729794807761395,-0.15761407672580172,-0.3073192393481876,1.7225889365789981,2.2516590395688523,5,24,48,10.4,13.3
proxy_break_reverse_noisyx1_expanding,114,enet,x2,trap,-0.22228246746412728,-0.2222824674641272,0.4915832449156403,-0.09880071107096065,-0.0928590151651363,0.16878817939050958,1.7225889365789981,2.2516590395688523,5,24,48,10.4,13.3
proxy_break_reverse_noisyx1_expanding,114,enet,x3,noise,-9.251858538542972e-18,0.0,0.0004282160974867129,-4.625929269271486e-18,0.0,0.00014598828574387732,1.7225889365789981,2.2516590395688523,5,24,48,10.4,13.3
proxy_break_reverse_noisyx1_expanding,114,enet,x4,noise,-0.0007935349331752101,-0.0007935349331751421,0.0003613871461415341,-0.0002775649750724712,-0.0003348450972468035,0.00012919151101624857,1.7225889365789981,2.2516590395688523,5,24,48,10.4,13.3
proxy_break_reverse_noisyx1_expanding,114,rf,x1,signal,-0.5127439631577206,-0.5127439631577205,-0.9314234327289355,-0.22542458727401726,-0.23588989293148552,-0.3207444929838912,1.722356150881226,2.253101404352897,5,24,48,10.4,13.3
proxy_break_reverse_noisyx1_expanding,114,rf,x2,trap,-0.43339588285763575,-0.4333958828576356,0.46611633428786164,-0.21083806976441935,-0.2014940874597387,0.15712491963787953,1.722356150881226,2.253101404352897,5,24,48,10.4,13.3
proxy_break_reverse_noisyx1_expanding,114,rf,x3,noise,-0.055464455438338056,-0.055464455438338056,0.02614748351339267,-0.02857987072065321,-0.02906837242785079,0.009267839416346785,1.722356150881226,2.253101404352897,5,24,48,10.4,13.3
proxy_break_reverse_noisyx1_expanding,114,rf,x4,noise,-0.0388198060054112,-0.03881980600541112,0.009171886917881072,-0.020763883875059543,-0.020141551136042272,0.003545556886370827,1.722356150881226,2.253101404352897,5,24,48,10.4,13.3
proxy_break_reverse_noisyx1_expanding,115,ols,x1,signal,-0.3045080338012582,-0.30450803380125824,-0.6569461975883429,-0.13420959102804364,-0.13497381948653991,-0.26749663087239794,1.5953587792293493,1.6549094344430486,5,24,48,10.7,13.5
proxy_break_reverse_noisyx1_expanding,115,ols,x2,trap,-0.2787595330329452,-0.2787595330329451,0.2824272670273466,-0.11995573202269387,-0.12328358678898377,0.11293400235218987,1.5953587792293493,1.6549094344430486,5,24,48,10.7,13.5
proxy_break_reverse_noisyx1_expanding,115,ols,x3,noise,-0.022050999839624153,-0.0220509998396242,0.009490042709121523,-0.009229679069422968,-0.009894687830273323,0.004112026775567888,1.5953587792293493,1.6549094344430486,5,24,48,10.7,13.5
proxy_break_reverse_noisyx1_expanding,115,ols,x4,noise,-0.0009807774635782337,-0.0009807774635781977,0.0072623269267469105,-0.0006190259138964869,-0.0004083608553969627,0.0029395715768952718,1.5953587792293493,1.6549094344430486,5,24,48,10.7,13.5
proxy_break_reverse_noisyx1_expanding,115,enet,x1,signal,-0.30913895554376747,-0.3091389555437676,-0.6214816383418529,-0.13566098979471497,-0.13643767533360515,-0.2542530620041617,1.5953587792293495,1.6549094344430486,5,24,48,10.7,13.5
proxy_break_reverse_noisyx1_expanding,115,enet,x2,trap,-0.2630493179916744,-0.26304931799167436,0.249724316218225,-0.11243154832685276,-0.1157506301774089,0.10064268232621028,1.5953587792293495,1.6549094344430486,5,24,48,10.7,13.5
proxy_break_reverse_noisyx1_expanding,115,enet,x3,noise,-0.012402217988598252,-0.012402217988598164,0.003984265578689941,-0.0051205899613236665,-0.005517095721445274,0.0016982533837354846,1.5953587792293495,1.6549094344430486,5,24,48,10.7,13.5
proxy_break_reverse_noisyx1_expanding,115,enet,x4,noise,5.319818659662209e-18,0.0,1.3411578821007538e-05,0.0,0.0,5.533152868456015e-06,1.5953587792293495,1.6549094344430486,5,24,48,10.7,13.5
proxy_break_reverse_noisyx1_expanding,115,rf,x1,signal,-0.4217997710694771,-0.421799771069477,-0.5150241059399274,-0.2031740099401917,-0.2033554842086969,-0.20883823014297323,1.595536105951696,1.6532225653308417,5,24,48,10.7,13.5
proxy_break_reverse_noisyx1_expanding,115,rf,x2,trap,-0.4513410788982912,-0.4513410788982912,0.1907272204971917,-0.21421230748116776,-0.2185143435807145,0.07581137576541708,1.595536105951696,1.6532225653308417,5,24,48,10.7,13.5
proxy_break_reverse_noisyx1_expanding,115,rf,x3,noise,-0.08732473210698441,-0.0873247321069844,0.012581909488017377,-0.04543659201222454,-0.04611704463522711,0.005559736406406071,1.595536105951696,1.6532225653308417,5,24,48,10.7,13.5
proxy_break_reverse_noisyx1_expanding,115,rf,x4,noise,-0.02327547254431801,-0.023275472544317995,0.011893947951887538,-0.013036269726046453,-0.012985162874899092,0.005047961690527361,1.595536105951696,1.6532225653308417,5,24,48,10.7,13.5
proxy_break_reverse_noisyx1_expanding,116,ols,x1,signal,-0.2791907522862599,-0.27919075228625984,-1.1338402585702236,-0.10342872084965224,-0.11022136951878818,-0.39119068476619906,1.8839324353713611,2.4488316465868145,5,24,48,10.7,13.4
proxy_break_reverse_noisyx1_expanding,116,ols,x2,trap,-0.23197691632291023,-0.23197691632291026,0.3739817440502837,-0.09684802652420754,-0.09141929595473587,0.12702709365482487,1.8839324353713611,2.4488316465868145,5,24,48,10.7,13.4
proxy_break_reverse_noisyx1_expanding,116,ols,x3,noise,-0.01168268536989505,-0.011682685369894913,0.03084964360264163,-0.004890950495611229,-0.004541931723798788,0.010623729099448894,1.8839324353713611,2.4488316465868145,5,24,48,10.7,13.4
proxy_break_reverse_noisyx1_expanding,116,ols,x4,noise,-0.008627599924886454,-0.008627599924886563,-0.0001993774209133048,-0.003306744834755056,-0.003430820557174886,9.658003746445635e-06,1.8839324353713611,2.4488316465868145,5,24,48,10.7,13.4
proxy_break_reverse_noisyx1_expanding,116,enet,x1,signal,-0.28180054073511107,-0.2818005407351112,-1.1275198347590365,-0.10449824900934794,-0.11124815061019573,-0.38927618417290316,1.883932435371361,2.4488316465868145,5,24,48,10.7,13.4
proxy_break_reverse_noisyx1_expanding,116,enet,x2,trap,-0.22940187110149712,-0.22940187110149704,0.3677780689079584,-0.09573612644743026,-0.09038473757180253,0.12506135665910453,1.883932435371361,2.4488316465868145,5,24,48,10.7,13.4
proxy_break_reverse_noisyx1_expanding,116,enet,x3,noise,-0.010973750126133278,-0.010973750126133353,0.02798937718373386,-0.004578589547992997,-0.004270061501554852,0.009631329673372503,1.883932435371361,2.4488316465868145,5,24,48,10.7,13.4
proxy_break_reverse_noisyx1_expanding,116,enet,x4,noise,-0.008827010755865717,-0.00882701075586548,-0.0003379844263531144,-0.0033984425252179783,-0.0035063581727262047,-4.608708244259694e-05,1.883932435371361,2.4488316465868145,5,24,48,10.7,13.4
proxy_break_reverse_noisyx1_expanding,116,rf,x1,signal,-0.48253148981238514,-0.48253148981238514,-0.9699091847703896,-0.20323741634917009,-0.20961882432733184,-0.32707196843710834,1.8848593832823315,2.449433373658133,5,24,48,10.7,13.4
proxy_break_reverse_noisyx1_expanding,116,rf,x2,trap,-0.4363018602724498,-0.4363018602724498,0.34618161528460584,-0.19765512852787254,-0.1892285389163211,0.1131938089467946,1.8848593832823315,2.449433373658133,5,24,48,10.7,13.4
proxy_break_reverse_noisyx1_expanding,116,rf,x3,noise,-0.07180776531879644,-0.07180776531879647,-0.0009470436897572829,-0.03422912276623682,-0.03359076732736393,-0.00013006850691176428,1.8848593832823315,2.449433373658133,5,24,48,10.7,13.4
proxy_break_reverse_noisyx1_expanding,116,rf,x4,noise,-0.0747115498073932,-0.07471154980739315,-0.005227371173158794,-0.03604174487490315,-0.03519757720163167,-0.0021582771755295355,1.8848593832823315,2.449433373658133,5,24,48,10.7,13.4
proxy_break_reverse_noisyx1_expanding,117,ols,x1,signal,-0.5386106353886622,-0.538610635388662,-0.6210987300420748,-0.20163259542910178,-0.20321520694930487,-0.2362243907440298,2.271316361428694,1.7695146775635617,5,24,48,10.6,14.9
proxy_break_reverse_noisyx1_expanding,117,ols,x2,trap,-0.43561950354245405,-0.43561950354245393,0.4987240505129386,-0.17313155510891798,-0.16366065263157342,0.18906967475476677,2.271316361428694,1.7695146775635617,5,24,48,10.6,14.9
proxy_break_reverse_noisyx1_expanding,117,ols,x3,noise,-0.0030338511215413045,-0.0030338511215413527,-0.018900184381763312,-0.002062488388922211,-0.0013231712527875018,-0.007129564930524801,2.271316361428694,1.7695146775635617,5,24,48,10.6,14.9
proxy_break_reverse_noisyx1_expanding,117,ols,x4,noise,0.0025574627550386223,0.0025574627550386947,0.01322778824191872,0.0013508681781121855,-0.00020190456842005913,0.00525094082424313,2.271316361428694,1.7695146775635617,5,24,48,10.6,14.9
proxy_break_reverse_noisyx1_expanding,117,enet,x1,signal,-0.5418462039805704,-0.5418462039805703,-0.6198112417413757,-0.20270897324215537,-0.20449629114549786,-0.2359161167942743,2.271316361428694,1.7695146775635615,5,24,48,10.6,14.9
proxy_break_reverse_noisyx1_expanding,117,enet,x2,trap,-0.43207492894954813,-0.432074928949548,0.49001516886841384,-0.1722589675743895,-0.16226976102812748,0.18589033626068177,2.271316361428694,1.7695146775635615,5,24,48,10.6,14.9
proxy_break_reverse_noisyx1_expanding,117,enet,x3,noise,-0.0016650290257441982,-0.0016650290257440765,-0.016671076722722996,-0.0014363495387922343,-0.0007890043683702006,-0.0062898741125160555,2.271316361428694,1.7695146775635615,5,24,48,10.6,14.9
proxy_break_reverse_noisyx1_expanding,117,enet,x4,noise,0.002056944029645483,0.0020569440296456013,0.011747512430407593,0.0012406552677019806,-0.00032903733478336267,0.004675630122676931,2.271316361428694,1.7695146775635615,5,24,48,10.6,14.9
proxy_break_reverse_noisyx1_expanding,117,rf,x1,signal,-0.7231922983914782,-0.7231922983914784,-0.47826477639191506,-0.2935659292983406,-0.29863328250256965,-0.186313352318793,2.2710445308485046,1.7668391222697672,5,24,48,10.6,14.9
proxy_break_reverse_noisyx1_expanding,117,rf,x2,trap,-0.6611335603743217,-0.6611335603743216,0.1963334628203631,-0.28608515255514666,-0.27414121486007326,0.07568829520351167,2.2710445308485046,1.7668391222697672,5,24,48,10.6,14.9
proxy_break_reverse_noisyx1_expanding,117,rf,x3,noise,-0.030407875651329297,-0.030407875651329297,-0.014431477479179744,-0.01581972012244822,-0.014601311438790949,-0.005760230290757909,2.2710445308485046,1.7668391222697672,5,24,48,10.6,14.9
proxy_break_reverse_noisyx1_expanding,117,rf,x4,noise,-0.07340233328809939,-0.07340233328809943,0.021196727575018573,-0.030566578042476672,-0.03480156085515267,0.008500960153020246,2.2710445308485046,1.7668391222697672,5,24,48,10.6,14.9
proxy_break_reverse_noisyx1_expanding,118,ols,x1,signal,-0.5880197951378673,-0.5880197951378673,-1.1204766181942747,-0.2505180769623833,-0.2620094144439596,-0.410127970512612,1.6381827361528631,2.3058702630606254,5,24,48,11.1,13.4
proxy_break_reverse_noisyx1_expanding,118,ols,x2,trap,-0.06381920085261797,-0.06381920085261805,0.23677558934969914,-0.030612173616879523,-0.025694644668616973,0.08519531338581332,1.6381827361528631,2.3058702630606254,5,24,48,11.1,13.4
proxy_break_reverse_noisyx1_expanding,118,ols,x3,noise,-0.003408580304211855,-0.003408580304212048,0.00934088716691297,-0.001751490077921667,-0.001488852618453299,0.0033854860256468298,1.6381827361528631,2.3058702630606254,5,24,48,11.1,13.4
proxy_break_reverse_noisyx1_expanding,118,ols,x4,noise,-0.007354852605210613,-0.007354852605210725,0.014001385586614354,-0.001561343279949257,-0.003007527569244874,0.005332215247252706,1.6381827361528631,2.3058702630606254,5,24,48,11.1,13.4
proxy_break_reverse_noisyx1_expanding,118,enet,x1,signal,-0.5920630523856228,-0.5920630523856232,-1.0715834135376439,-0.25233057123159264,-0.26309848897422805,-0.3922388621354412,1.6381827361528631,2.3058702630606254,5,24,48,11.1,13.4
proxy_break_reverse_noisyx1_expanding,118,enet,x2,trap,-0.06857090899468085,-0.06857090899468088,0.2100582659919766,-0.03306213760930991,-0.028243801126911963,0.07580061741257622,1.6381827361528631,2.3058702630606254,5,24,48,11.1,13.4
proxy_break_reverse_noisyx1_expanding,118,enet,x3,noise,2.7755575615628914e-17,0.0,3.932039878880763e-17,1.3877787807814457e-17,0.0,3.932039878880763e-17,1.6381827361528631,2.3058702630606254,5,24,48,11.1,13.4
proxy_break_reverse_noisyx1_expanding,118,enet,x4,noise,-0.0010800193930976033,-0.0010800193930978648,0.007035207274340871,0.0001433188998186466,-0.0004085021736449264,0.002661490210257573,1.6381827361528631,2.3058702630606254,5,24,48,11.1,13.4
proxy_break_reverse_noisyx1_expanding,118,rf,x1,signal,-0.7217816796698235,-0.7217816796698237,-0.8663398714826815,-0.33906621734962655,-0.3481628619130137,-0.31584974349378325,1.637854944480812,2.3044623192883353,5,24,48,11.1,13.4
proxy_break_reverse_noisyx1_expanding,118,rf,x2,trap,-0.27999809466750347,-0.2799980946675035,-0.0350583842656899,-0.1461147335262935,-0.1423216929544432,-0.0171847892421691,1.637854944480812,2.3044623192883353,5,24,48,11.1,13.4
proxy_break_reverse_noisyx1_expanding,118,rf,x3,noise,-0.06334218715067712,-0.06334218715067712,0.0037087865497443923,-0.037398748502552114,-0.03646114777402567,0.0019736723308121165,1.637854944480812,2.3044623192883353,5,24,48,11.1,13.4
proxy_break_reverse_noisyx1_expanding,118,rf,x4,noise,-0.03701260525444723,-0.03701260525444727,0.022072042200818588,-0.02104564302496156,-0.02091215099142596,0.008358303317424891,1.637854944480812,2.3044623192883353,5,24,48,11.1,13.4
proxy_break_reverse_noisyx1_expanding,119,ols,x1,signal,-0.5111850500204079,-0.511185050020408,-1.3685834383964828,-0.18923583430087015,-0.19234472500714386,-0.4521036395093767,2.2117136666350405,2.7942781740883955,5,24,48,10.8,13.7
proxy_break_reverse_noisyx1_expanding,119,ols,x2,trap,-0.2769759952768834,-0.2769759952768833,0.4182921532588737,-0.10910380094715308,-0.10419755767019988,0.13875040481583203,2.2117136666350405,2.7942781740883955,5,24,48,10.8,13.7
proxy_break_reverse_noisyx1_expanding,119,ols,x3,noise,-0.030781353510211034,-0.030781353510211325,0.003305340264143484,-0.011787385038396731,-0.01168366606942893,0.0008773581869922567,2.2117136666350405,2.7942781740883955,5,24,48,10.8,13.7
proxy_break_reverse_noisyx1_expanding,119,ols,x4,noise,-0.022066763071263866,-0.022066763071264,-0.005065067835207456,-0.0082333397969564,-0.008186280850137817,-0.0018468887712824386,2.2117136666350405,2.7942781740883955,5,24,48,10.8,13.7
proxy_break_reverse_noisyx1_expanding,119,enet,x1,signal,-0.5142567753872299,-0.51425677538723,-1.2840716505229546,-0.1882227975814402,-0.1915725855694527,-0.4234254367145467,2.2117136666350405,2.7942781740883955,5,24,48,10.8,13.7
proxy_break_reverse_noisyx1_expanding,119,enet,x2,trap,-0.25150479633340844,-0.2515047963334085,0.3451582765975812,-0.09779204628941178,-0.0935170652187854,0.11417366995176613,2.2117136666350405,2.7942781740883955,5,24,48,10.8,13.7
proxy_break_reverse_noisyx1_expanding,119,enet,x3,noise,-0.005612995615377351,-0.005612995615377314,0.0034841473140782933,-0.002044908234699226,-0.002099766207906334,0.0011434802124827375,2.2117136666350405,2.7942781740883955,5,24,48,10.8,13.7
proxy_break_reverse_noisyx1_expanding,119,enet,x4,noise,-0.003341191346503976,-0.0033411913465041013,0.0009417816524940545,-0.0012250076725819569,-0.0012452388264502835,0.00024027545790816554,2.2117136666350405,2.7942781740883955,5,24,48,10.8,13.7
proxy_break_reverse_noisyx1_expanding,119,rf,x1,signal,-0.8231201714605085,-0.8231201714605084,-1.2846650044988788,-0.33163887621280236,-0.339516597231031,-0.41685713660040585,2.211307870882165,2.78620409693002,5,24,48,10.8,13.7
proxy_break_reverse_noisyx1_expanding,119,rf,x2,trap,-0.4600599464537091,-0.4600599464537092,0.2018228733224571,-0.20885330262262297,-0.19832736635907208,0.05332181846156847,2.211307870882165,2.78620409693002,5,24,48,10.8,13.7
proxy_break_reverse_noisyx1_expanding,119,rf,x3,noise,-0.0630667681065108,-0.06306676810651084,0.0030081141986490942,-0.02922070745354563,-0.028878940077504144,0.00133994568441675,2.211307870882165,2.78620409693002,5,24,48,10.8,13.7
proxy_break_reverse_noisyx1_expanding,119,rf,x4,noise,-0.09275541493987002,-0.09275541493987007,0.012971055307905141,-0.04149190337008736,-0.041514613388503846,0.004239215190318492,2.211307870882165,2.78620409693002,5,24,48,10.8,13.7
proxy_break_reverse_noisyx1_expanding,120,ols,x1,signal,-0.38618000303348043,-0.3861800030334804,-0.5993051210368233,-0.1579957146957139,-0.16482512282863596,-0.21803124516449576,1.7141815925141948,1.9298138569262184,5,24,48,11.1,13.6
proxy_break_reverse_noisyx1_expanding,120,ols,x2,trap,-0.2203282308904908,-0.22032823089049072,0.42519899943845435,-0.09499839498723163,-0.09272742819984058,0.15415330325735913,1.7141815925141948,1.9298138569262184,5,24,48,11.1,13.6
proxy_break_reverse_noisyx1_expanding,120,ols,x3,noise,-0.01968905971999546,-0.019689059719995503,-0.00485057462968648,-0.008447934774327991,-0.008387550355592898,-0.001781080375892465,1.7141815925141948,1.9298138569262184,5,24,48,11.1,13.6
proxy_break_reverse_noisyx1_expanding,120,ols,x4,noise,0.004865829934045681,0.004865829934045604,0.029549800446138186,0.0019966798992347365,0.0020672466523416985,0.010800532144854505,1.7141815925141948,1.9298138569262184,5,24,48,11.1,13.6
proxy_break_reverse_noisyx1_expanding,120,enet,x1,signal,-0.38672214477926703,-0.3867221447792672,-0.5952205667549503,-0.15816363628164262,-0.1650385557276367,-0.21663967702510897,1.7141815925141948,1.9298138569262184,5,24,48,11.1,13.6
proxy_break_reverse_noisyx1_expanding,120,enet,x2,trap,-0.2201944834312652,-0.22019448343126521,0.4205697677151745,-0.0950176343575273,-0.09267503700018476,0.15254662001316507,1.7141815925141948,1.9298138569262184,5,24,48,11.1,13.6
proxy_break_reverse_noisyx1_expanding,120,enet,x3,noise,-0.018384975120650786,-0.01838497512065076,-0.0038223480227272907,-0.007884218061006245,-0.007839033401530785,-0.0014019743319615048,1.7141815925141948,1.9298138569262184,5,24,48,11.1,13.6
proxy_break_reverse_noisyx1_expanding,120,enet,x4,noise,0.003981206517981062,0.003981206517981129,0.02770697220076977,0.0016213920106798306,0.0016850645507505378,0.010127090801312993,1.7141815925141948,1.9298138569262184,5,24,48,11.1,13.6
proxy_break_reverse_noisyx1_expanding,120,rf,x1,signal,-0.44661881476427967,-0.44661881476427956,-0.4856418758929073,-0.20152341862776316,-0.2081773146415656,-0.1763793919092401,1.7133269547284267,1.9319666918333491,5,24,48,11.1,13.6
proxy_break_reverse_noisyx1_expanding,120,rf,x2,trap,-0.45211162090982215,-0.4521116209098221,0.2851560976038654,-0.21382668259193713,-0.21099540027774688,0.10236012654673428,1.7133269547284267,1.9319666918333491,5,24,48,11.1,13.6
proxy_break_reverse_noisyx1_expanding,120,rf,x3,noise,-0.08721128659379684,-0.08721128659379677,-0.027240670493282302,-0.044018325778993506,-0.04452225370381269,-0.010146946843051985,1.7133269547284267,1.9319666918333491,5,24,48,11.1,13.6
proxy_break_reverse_noisyx1_expanding,120,rf,x4,noise,-0.0951505225545343,-0.0951505225545342,0.038851344039718856,-0.05170587860889135,-0.05011430714878389,0.014476104428385475,1.7133269547284267,1.9319666918333491,5,24,48,11.1,13.6
proxy_break_reverse_noisyx1_expanding,121,ols,x1,signal,-0.17603941329107003,-0.17603941329107006,-0.29043944374679526,-0.06993890679902053,-0.07392196276115802,-0.11893713212065754,1.6125180339605734,1.4425394760299293,5,24,48,9.3,11.6
proxy_break_reverse_noisyx1_expanding,121,ols,x2,trap,-0.28573506485212186,-0.2857350648521218,0.3009051360843318,-0.13124741004759402,-0.12239667841555557,0.12332743725136817,1.6125180339605734,1.4425394760299293,5,24,48,9.3,11.6
proxy_break_reverse_noisyx1_expanding,121,ols,x3,noise,0.029320026135285532,0.029320026135285424,0.009594923096941642,0.012562091841368866,0.01268333110107499,0.0039386707035999795,1.6125180339605734,1.4425394760299293,5,24,48,9.3,11.6
proxy_break_reverse_noisyx1_expanding,121,ols,x4,noise,-0.004471732744278821,-0.004471732744278772,0.011830647112821863,-0.002713784591857025,-0.001967165941974778,0.004874771558909229,1.6125180339605734,1.4425394760299293,5,24,48,9.3,11.6
proxy_break_reverse_noisyx1_expanding,121,enet,x1,signal,-0.17609904330765455,-0.17609904330765455,-0.2904574115758793,-0.06996480134985411,-0.07394841754781085,-0.11894757273177248,1.6125180339605734,1.4425394760299293,5,24,48,9.3,11.6
proxy_break_reverse_noisyx1_expanding,121,enet,x2,trap,-0.2856927461623582,-0.2856927461623581,0.30080500615542843,-0.13123053154716083,-0.12237932196060604,0.12328901454224661,1.6125180339605734,1.4425394760299293,5,24,48,9.3,11.6
proxy_break_reverse_noisyx1_expanding,121,enet,x3,noise,0.029290391585739067,0.029290391585739053,0.009584517817509028,0.012549767432223458,0.012670685844740842,0.0039345034733899815,1.6125180339605734,1.4425394760299293,5,24,48,9.3,11.6
proxy_break_reverse_noisyx1_expanding,121,enet,x4,noise,-0.004473930704214551,-0.004473930704214493,0.011808859088222573,-0.002713659356408456,-0.0019680852452351183,0.0048659147379370715,1.6125180339605734,1.4425394760299293,5,24,48,9.3,11.6
proxy_break_reverse_noisyx1_expanding,121,rf,x1,signal,-0.2556475534812382,-0.2556475534812381,-0.17113494341993343,-0.11559303973024163,-0.12425612533877761,-0.07157411628557482,1.614893492316308,1.442102256732285,5,24,48,9.3,11.6
proxy_break_reverse_noisyx1_expanding,121,rf,x2,trap,-0.6682031471572363,-0.6682031471572363,0.10851743902604931,-0.3314242652343817,-0.3182646447452951,0.045287083294283714,1.614893492316308,1.442102256732285,5,24,48,9.3,11.6
proxy_break_reverse_noisyx1_expanding,121,rf,x3,noise,-0.022377860737458795,-0.02237786073745886,0.004134972098976265,-0.013583913691504032,-0.013343934877985445,0.001755613288206381,1.614893492316308,1.442102256732285,5,24,48,9.3,11.6
proxy_break_reverse_noisyx1_expanding,121,rf,x4,noise,-0.06036196885939018,-0.060361968859390214,0.009706975648283031,-0.036554268037101954,-0.03498209844800121,0.004048403076321175,1.614893492316308,1.442102256732285,5,24,48,9.3,11.6
proxy_break_reverse_noisyx1_expanding,122,ols,x1,signal,-0.4910949528663031,-0.49109495286630306,-1.259882495132061,-0.20544245630437957,-0.211667866760358,-0.4197020539418565,1.62053072660688,2.8363252012612894,5,24,48,11.0,12.9
proxy_break_reverse_noisyx1_expanding,122,ols,x2,trap,-0.0254604619896792,-0.025460461989679103,0.19064517173784667,-0.012387478901408086,-0.010253669596561146,0.06315888975547662,1.62053072660688,2.8363252012612894,5,24,48,11.0,12.9
proxy_break_reverse_noisyx1_expanding,122,ols,x3,noise,0.007376499802699931,0.007376499802699964,0.00029630539617780255,0.0032716904631948313,0.0030303112717403394,0.00027076955975687683,1.62053072660688,2.8363252012612894,5,24,48,11.0,12.9
proxy_break_reverse_noisyx1_expanding,122,ols,x4,noise,0.006131198257166548,0.006131198257166626,-0.026686415663845636,0.0021627653884878505,0.0030012363998336636,-0.00851185370724314,1.62053072660688,2.8363252012612894,5,24,48,11.0,12.9
proxy_break_reverse_noisyx1_expanding,122,enet,x1,signal,-0.49078808923904493,-0.49078808923904466,-1.2053423611235978,-0.20583953160427115,-0.21217798209208535,-0.3988835910706367,1.62053072660688,2.83632520126129,5,24,48,11.0,12.9
proxy_break_reverse_noisyx1_expanding,122,enet,x2,trap,-0.03129414380442465,-0.03129414380442471,0.16776622513177597,-0.015131747676233768,-0.0128078736412858,0.055309999015585615,1.62053072660688,2.83632520126129,5,24,48,11.0,12.9
proxy_break_reverse_noisyx1_expanding,122,enet,x3,noise,0.0011052703603237398,0.0011052703603237392,4.6885601084967664e-05,0.00048446034092941196,0.0004676606085212374,3.8665181763299084e-05,1.62053072660688,2.83632520126129,5,24,48,11.0,12.9
proxy_break_reverse_noisyx1_expanding,122,enet,x4,noise,0.001151379699522914,0.001151379699522966,-0.011354494572211521,0.0002584803633636435,0.0006624753067093642,-0.0036520774734302985,1.62053072660688,2.83632520126129,5,24,48,11.0,12.9
proxy_break_reverse_noisyx1_expanding,122,rf,x1,signal,-0.633608484805541,-0.633608484805541,-1.1918893941581004,-0.2880559136405577,-0.294539932982885,-0.3991605314355741,1.621139034821722,2.8376630079264356,5,24,48,11.0,12.9
proxy_break_reverse_noisyx1_expanding,122,rf,x2,trap,-0.18439064092146945,-0.1843906409214696,-0.043921926516752634,-0.09391419973511324,-0.0900069533509396,-0.020304195461529482,1.621139034821722,2.8376630079264356,5,24,48,11.0,12.9
proxy_break_reverse_noisyx1_expanding,122,rf,x3,noise,-0.06571484392516472,-0.06571484392516473,0.006072266385743763,-0.03278936894220848,-0.03302442766238298,0.002356366050329075,1.621139034821722,2.8376630079264356,5,24,48,11.0,12.9
proxy_break_reverse_noisyx1_expanding,122,rf,x4,noise,-0.049347986377377216,-0.04934798637737719,0.010064603180285623,-0.027011304284435923,-0.026164152452165173,0.004573714944771071,1.621139034821722,2.8376630079264356,5,24,48,11.0,12.9
proxy_break_reverse_noisyx1_expanding,123,ols,x1,signal,-0.5385485164622634,-0.5385485164622635,-1.0435506667776338,-0.2046681913323579,-0.2138152609741736,-0.36004134156617545,1.9838031052748055,2.42757256223225,5,24,48,10.1,13.9
proxy_break_reverse_noisyx1_expanding,123,ols,x2,trap,-0.19362974828802232,-0.19362974828802235,0.35562278901525257,-0.08052780086816101,-0.07525795553323285,0.1214119025635987,1.9838031052748055,2.42757256223225,5,24,48,10.1,13.9
proxy_break_reverse_noisyx1_expanding,123,ols,x3,noise,0.002587055711088459,0.0025870557110883687,0.00956766138782751,0.0007128228520880361,0.0007884013452544095,0.0031793999432441675,1.9838031052748055,2.42757256223225,5,24,48,10.1,13.9
proxy_break_reverse_noisyx1_expanding,123,ols,x4,noise,0.006968192599474207,0.006968192599474207,0.0013473521132103515,0.002675327629322476,0.0028321072513198264,0.0004702923856360665,1.9838031052748055,2.42757256223225,5,24,48,10.1,13.9
proxy_break_reverse_noisyx1_expanding,123,enet,x1,signal,-0.5389823866210206,-0.5389823866210204,-1.0386409138404626,-0.20491689093156004,-0.21403889743122329,-0.35844359799145914,1.983803105274805,2.427572562232251,5,24,48,10.1,13.9
proxy_break_reverse_noisyx1_expanding,123,enet,x2,trap,-0.1934246365283889,-0.19342463652838884,0.3512009806180502,-0.08051122623228499,-0.07521545014359114,0.1199572346717096,1.983803105274805,2.427572562232251,5,24,48,10.1,13.9
proxy_break_reverse_noisyx1_expanding,123,enet,x3,noise,0.0023453713918543456,0.002345371391854504,0.009115743022427595,0.0006305359472112396,0.0007113152411748503,0.00303212830610837,1.983803105274805,2.427572562232251,5,24,48,10.1,13.9
proxy_break_reverse_noisyx1_expanding,123,enet,x4,noise,0.005654497890026158,0.005654497890026232,0.0006738058058583171,0.0021758856777694202,0.002295697214232973,0.0002335449637521451,1.983803105274805,2.427572562232251,5,24,48,10.1,13.9
proxy_break_reverse_noisyx1_expanding,123,rf,x1,signal,-0.8676981868027465,-0.8676981868027465,-0.9527691191794053,-0.36206237999131374,-0.3773698504263449,-0.3395682576287376,1.9848937570668155,2.429341307987058,5,24,48,10.1,13.9
proxy_break_reverse_noisyx1_expanding,123,rf,x2,trap,-0.34349584951913514,-0.3434958495191349,0.04101751126806686,-0.16613396927996482,-0.1589474100106529,0.01351390032722457,1.9848937570668155,2.429341307987058,5,24,48,10.1,13.9
proxy_break_reverse_noisyx1_expanding,123,rf,x3,noise,-0.058193194329301555,-0.058193194329301444,0.01836347569721279,-0.03097017040551483,-0.030045239559288155,0.006584908934215425,1.9848937570668155,2.429341307987058,5,24,48,10.1,13.9
proxy_break_reverse_noisyx1_expanding,123,rf,x4,noise,-0.03540217222561296,-0.03540217222561289,-0.00858643586683039,-0.018592104729457624,-0.017815678935662233,-0.0032981915721225405,1.9848937570668155,2.429341307987058,5,24,48,10.1,13.9
proxy_break_reverse_noisyx1_expanding,124,ols,x1,signal,-0.993955779984948,-0.9939557799849478,-0.9724884188037084,-0.40045080134269745,-0.40063635611552234,-0.3787885118616014,2.373481357852388,1.9379842401545044,5,24,48,10.9,13.5
proxy_break_reverse_noisyx1_expanding,124,ols,x2,trap,-0.44976960086439777,-0.4497696008643976,0.3105479451566513,-0.1816876785998633,-0.17385804537576144,0.11683299793816831,2.373481357852388,1.9379842401545044,5,24,48,10.9,13.5
proxy_break_reverse_noisyx1_expanding,124,ols,x3,noise,0.01579765319549014,0.01579765319549008,0.011196241122198471,0.006189535782299195,0.006254133148131939,0.004131705023117893,2.373481357852388,1.9379842401545044,5,24,48,10.9,13.5
proxy_break_reverse_noisyx1_expanding,124,ols,x4,noise,-0.0010240738038873758,-0.0010240738038873713,-0.002829656674459382,-0.0005279406152860989,-0.0005013364774209909,-0.0009729231502092714,2.373481357852388,1.9379842401545044,5,24,48,10.9,13.5
proxy_break_reverse_noisyx1_expanding,124,enet,x1,signal,-0.9899182503710975,-0.9899182503710975,-0.9408027993407142,-0.39740074406727754,-0.39818648634224213,-0.36705663444354214,2.373481357852388,1.9379842401545047,5,24,48,10.9,13.5
proxy_break_reverse_noisyx1_expanding,124,enet,x2,trap,-0.4393945255701925,-0.4393945255701926,0.29418181492933215,-0.1775733535207932,-0.1706711740253902,0.11142508785077683,2.373481357852388,1.9379842401545047,5,24,48,10.9,13.5
proxy_break_reverse_noisyx1_expanding,124,enet,x3,noise,0.0005424518665547723,0.0005424518665549058,0.00111229954706944,0.00023867268765933358,0.00020941619920130522,0.000423854416200418,2.373481357852388,1.9379842401545047,5,24,48,10.9,13.5
proxy_break_reverse_noisyx1_expanding,124,enet,x4,noise,-5.088522196198634e-18,0.0,0.0008677873504100408,-5.088522196198634e-18,0.0,0.00034520941460809235,2.373481357852388,1.9379842401545047,5,24,48,10.9,13.5
proxy_break_reverse_noisyx1_expanding,124,rf,x1,signal,-1.1159840265299592,-1.115984026529959,-0.7820333687202102,-0.4686672035237325,-0.47263144175891947,-0.30700772119877834,2.374637471329186,1.933551624650644,5,24,48,10.9,13.5
proxy_break_reverse_noisyx1_expanding,124,rf,x2,trap,-0.587812669462498,-0.587812669462498,0.18460794142581513,-0.26655594403495775,-0.25491197568273954,0.07136122691967538,2.374637471329186,1.933551624650644,5,24,48,10.9,13.5
proxy_break_reverse_noisyx1_expanding,124,rf,x3,noise,-0.024333865591022998,-0.024333865591023074,0.011497445807817003,-0.013686545295723185,-0.013262145983648076,0.005117629983045574,2.374637471329186,1.933551624650644,5,24,48,10.9,13.5
proxy_break_reverse_noisyx1_expanding,124,rf,x4,noise,-0.03706408033972138,-0.037064080339721174,-0.012010284577501563,-0.019477044370022824,-0.01951211881465097,-0.004305808234492073,2.374637471329186,1.933551624650644,5,24,48,10.9,13.5
