dgp,window,model,predictor,M,replicate,pbsv
polynomial,rolling,enet,x1,3,0,0.00848077506183483
polynomial,rolling,enet,x2,3,0,0.028397749034806557
polynomial,rolling,enet,x3,3,0,-1.0319891132140635
polynomial,rolling,enet,x4,3,0,0.003440591503275877
polynomial,rolling,enet,x5,3,0,0.003345604595249204
polynomial,rolling,enet,x6,3,0,0.010725493476250106
polynomial,rolling,rf,x1,3,0,-0.5632412053853231
polynomial,rolling,rf,x2,3,0,-0.3704122043722376
polynomial,rolling,rf,x3,3,0,-1.0186605204411834
polynomial,rolling,rf,x4,3,0,-0.00013486685772331106
polynomial,rolling,rf,x5,3,0,-0.0021420079408873693
polynomial,rolling,rf,x6,3,0,0.0012333451248800475
polynomial,rolling,xgboost,x1,3,0,-0.8858130803370626
polynomial,rolling,xgboost,x2,3,0,-0.5698489391993741
polynomial,rolling,xgboost,x3,3,0,-1.3477511673991678
polynomial,rolling,xgboost,x4,3,0,-5.568367427155607e-05
polynomial,rolling,xgboost,x5,3,0,0.0005810483205767417
polynomial,rolling,xgboost,x6,3,0,0.005074454830663229
polynomial,rolling,enet,x1,3,1,0.008727055265712602
polynomial,rolling,enet,x2,3,1,0.028368635714085322
polynomial,rolling,enet,x3,3,1,-1.0317949616332271
polynomial,rolling,enet,x4,3,1,0.003093509905171136
polynomial,rolling,enet,x5,3,1,0.0032565839287359566
polynomial,rolling,enet,x6,3,1,0.01075027727687535
polynomial,rolling,rf,x1,3,1,-0.5637732306974308
polynomial,rolling,rf,x2,3,1,-0.3656656357325108
polynomial,rolling,rf,x3,3,1,-1.0237653591917928
polynomial,rolling,rf,x4,3,1,0.00047039527256420577
polynomial,rolling,rf,x5,3,1,-0.0020356153565910993
polynomial,rolling,rf,x6,3,1,0.001411985833286537
polynomial,rolling,xgboost,x1,3,1,-0.8864678125368363
polynomial,rolling,xgboost,x2,3,1,-0.5384369309179887
polynomial,rolling,xgboost,x3,3,1,-1.3767549077677153
polynomial,rolling,xgboost,x4,3,1,-0.0021618786642523258
polynomial,rolling,xgboost,x5,3,1,-0.00023335921811229454
polynomial,rolling,xgboost,x6,3,1,0.006241521646268493
polynomial,rolling,enet,x1,3,2,0.008587242287834437
polynomial,rolling,enet,x2,3,2,0.028414714122906453
polynomial,rolling,enet,x3,3,2,-1.0320532461085838
polynomial,rolling,enet,x4,3,2,0.0034328021427308584
polynomial,rolling,enet,x5,3,2,0.003329856955387308
polynomial,rolling,enet,x6,3,2,0.010689731057077712
polynomial,rolling,rf,x1,3,2,-0.5536591921208528
polynomial,rolling,rf,x2,3,2,-0.3703896731491994
polynomial,rolling,rf,x3,3,2,-1.027764705813242
polynomial,rolling,rf,x4,3,2,-0.000541193885749062
polynomial,rolling,rf,x5,3,2,-0.002163161250941551
polynomial,rolling,rf,x6,3,2,0.0011604663475099919
polynomial,rolling,xgboost,x1,3,2,-0.8277444587002895
polynomial,rolling,xgboost,x2,3,2,-0.5734149987951411
polynomial,rolling,xgboost,x3,3,2,-1.405468131283427
polynomial,rolling,xgboost,x4,3,2,-0.0019203201044481293
polynomial,rolling,xgboost,x5,3,2,0.001828585309413766
polynomial,rolling,xgboost,x6,3,2,0.008905956115256094
polynomial,rolling,enet,x1,3,3,0.008697506288139886
polynomial,rolling,enet,x2,3,3,0.02839838898880287
polynomial,rolling,enet,x3,3,3,-1.0322400953390847
polynomial,rolling,enet,x4,3,3,0.0034643421046104037
polynomial,rolling,enet,x5,3,3,0.00335857691180097
polynomial,rolling,enet,x6,3,3,0.010722381503083541
polynomial,rolling,rf,x1,3,3,-0.558940604341067
polynomial,rolling,rf,x2,3,3,-0.36093331802600476
polynomial,rolling,rf,x3,3,3,-1.0320348521622278
polynomial,rolling,rf,x4,3,3,-0.0006728243947140555
polynomial,rolling,rf,x5,3,3,-0.0020126203463165884
polynomial,rolling,rf,x6,3,3,0.0012367593978553544
polynomial,rolling,xgboost,x1,3,3,-0.8560823761835601
polynomial,rolling,xgboost,x2,3,3,-0.5128724097130472
polynomial,rolling,xgboost,x3,3,3,-1.4362120301740322
polynomial,rolling,xgboost,x4,3,3,-0.0016856048036006932
polynomial,rolling,xgboost,x5,3,3,0.001498538864136793
polynomial,rolling,xgboost,x6,3,3,0.007540514551467241
polynomial,rolling,enet,x1,3,4,0.008731706559774288
polynomial,rolling,enet,x2,3,4,0.02837919397567057
polynomial,rolling,enet,x3,3,4,-1.0321839413815563
polynomial,rolling,enet,x4,3,4,0.0033102903177000265
polynomial,rolling,enet,x5,3,4,0.003440291348625705
polynomial,rolling,enet,x6,3,4,0.010723559637138743
polynomial,rolling,rf,x1,3,4,-0.5587567672054052
polynomial,rolling,rf,x2,3,4,-0.3656394942763328
polynomial,rolling,rf,x3,3,4,-1.028112223385155
polynomial,rolling,rf,x4,3,4,6.283666967643597e-05
polynomial,rolling,rf,x5,3,4,-0.0021213793632288702
polynomial,rolling,rf,x6,3,4,0.0012095676879706474
polynomial,rolling,xgboost,x1,3,4,-0.8596507529291474
polynomial,rolling,xgboost,x2,3,4,-0.5402000352741816
polynomial,rolling,xgboost,x3,3,4,-1.4052607269291248
polynomial,rolling,xgboost,x4,3,4,-8.004435083323418e-05
polynomial,rolling,xgboost,x5,3,4,1.4447756585322935e-05
polynomial,rolling,xgboost,x6,3,4,0.007363744268065779
polynomial,rolling,enet,x1,3,5,0.008734358265443923
polynomial,rolling,enet,x2,3,5,0.028380905404208345
polynomial,rolling,enet,x3,3,5,-1.0317879971662711
polynomial,rolling,enet,x4,3,5,0.0030681352837595246
polynomial,rolling,enet,x5,3,5,0.0032565839287359566
polynomial,rolling,enet,x6,3,5,0.01074911474147644
polynomial,rolling,rf,x1,3,5,-0.5543609135262894
polynomial,rolling,rf,x2,3,5,-0.3656054016062749
polynomial,rolling,rf,x3,3,5,-1.0332704899156335
polynomial,rolling,rf,x4,3,5,0.0005382072710728991
polynomial,rolling,rf,x5,3,5,-0.0020356153565910993
polynomial,rolling,rf,x6,3,5,0.0013767532612414257
polynomial,rolling,xgboost,x1,3,5,-0.8281793876904086
polynomial,rolling,xgboost,x2,3,5,-0.5397600604903462
polynomial,rolling,xgboost,x3,3,5,-1.4345309411863203
polynomial,rolling,xgboost,x4,3,5,-0.0009077299994135016
polynomial,rolling,xgboost,x5,3,5,-0.00023335921811229454
polynomial,rolling,xgboost,x6,3,5,0.005798111125964771
polynomial,rolling,enet,x1,3,6,0.008767416510896556
polynomial,rolling,enet,x2,3,6,0.028414714122906453
polynomial,rolling,enet,x3,3,6,-1.032233822838364
polynomial,rolling,enet,x4,3,6,0.0034541322538288455
polynomial,rolling,enet,x5,3,6,0.003306309940230623
polynomial,rolling,enet,x6,3,6,0.010692350467854661
polynomial,rolling,rf,x1,3,6,-0.5542811075154775
polynomial,rolling,rf,x2,3,6,-0.3703896731491994
polynomial,rolling,rf,x3,3,6,-1.0277333890956606
polynomial,rolling,rf,x4,3,6,-4.723611573731468e-05
polynomial,rolling,rf,x5,3,6,-0.0019964029337537306
polynomial,rolling,rf,x6,3,6,0.0010903489373537134
polynomial,rolling,xgboost,x1,3,6,-0.8272322481347412
polynomial,rolling,xgboost,x2,3,6,-0.5734149987951411
polynomial,rolling,xgboost,x3,3,6,-1.4066671323466842
polynomial,rolling,xgboost,x4,3,6,-4.2491164520264135e-05
polynomial,rolling,xgboost,x5,3,6,0.0007367406081005464
polynomial,rolling,xgboost,x6,3,6,0.008806762374350185
polynomial,rolling,enet,x1,3,7,0.0086111798279734
polynomial,rolling,enet,x2,3,7,0.028370126912508137
polynomial,rolling,enet,x3,3,7,-1.0321474487340243
polynomial,rolling,enet,x4,3,7,0.003480212987172049
polynomial,rolling,enet,x5,3,7,0.003375252537476244
polynomial,rolling,enet,x6,3,7,0.010711776926247474
polynomial,rolling,rf,x1,3,7,-0.5629142323034372
polynomial,rolling,rf,x2,3,7,-0.3562081513962097
polynomial,rolling,rf,x3,3,7,-1.0328847514866009
polynomial,rolling,rf,x4,3,7,-0.0006596271361301772
polynomial,rolling,rf,x5,3,7,-0.0021007251289491733
polynomial,rolling,rf,x6,3,7,0.0014100275788520762
polynomial,rolling,xgboost,x1,3,7,-0.8896605507750696
polynomial,rolling,xgboost,x2,3,7,-0.4808642114023589
polynomial,rolling,xgboost,x3,3,7,-1.4336323125526305
polynomial,rolling,xgboost,x4,3,7,-0.0014604130077030912
polynomial,rolling,xgboost,x5,3,7,0.0002556777538670711
polynomial,rolling,xgboost,x6,3,7,0.0075484425252587695
polynomial,rolling,enet,x1,6,0,0.008609995429667413
polynomial,rolling,enet,x2,6,0,0.028378161794059758
polynomial,rolling,enet,x3,6,0,-1.0323040450039325
polynomial,rolling,enet,x4,6,0,0.0036528754947389532
polynomial,rolling,enet,x5,6,0,0.003326694162944658
polynomial,rolling,enet,x6,6,0,0.010737418579874758
polynomial,rolling,rf,x1,6,0,-0.5585198456719664
polynomial,rolling,rf,x2,6,0,-0.36292944131892885
polynomial,rolling,rf,x3,6,0,-1.0300166459510338
polynomial,rolling,rf,x4,6,0,-0.001164674419898426
polynomial,rolling,rf,x5,6,0,-0.0021521925134190267
polynomial,rolling,rf,x6,6,0,0.0014253400027717615
polynomial,rolling,xgboost,x1,6,0,-0.8588742508233785
polynomial,rolling,xgboost,x2,6,0,-0.5245126836673998
polynomial,rolling,xgboost,x3,6,0,-1.4212562597284357
polynomial,rolling,xgboost,x4,6,0,-0.0013308169793938562
polynomial,rolling,xgboost,x5,6,0,0.0010176000632703779
polynomial,rolling,xgboost,x6,6,0,0.007143043676701229
polynomial,rolling,enet,x1,6,1,0.008326426489088027
polynomial,rolling,enet,x2,6,1,0.028360359578730177
polynomial,rolling,enet,x3,6,1,-1.0319325859015989
polynomial,rolling,enet,x4,6,1,0.0035446236484515023
polynomial,rolling,enet,x5,6,1,0.0033733185474842755
polynomial,rolling,enet,x6,6,1,0.01072895809519799
polynomial,rolling,rf,x1,6,1,-0.5604645743953989
polynomial,rolling,rf,x2,6,1,-0.3630851310035574
polynomial,rolling,rf,x3,6,1,-1.0285569617110193
polynomial,rolling,rf,x4,6,1,-0.0006467669832433224
polynomial,rolling,rf,x5,6,1,-0.002050464655073007
polynomial,rolling,rf,x6,6,1,0.001446438875817006
polynomial,rolling,xgboost,x1,6,1,-0.8718555849321022
polynomial,rolling,xgboost,x2,6,1,-0.5254306815577428
polynomial,rolling,xgboost,x3,6,1,-1.4051192300754292
polynomial,rolling,xgboost,x4,6,1,-0.0010955692677538191
polynomial,rolling,xgboost,x5,6,1,7.312031903513223e-05
polynomial,rolling,xgboost,x6,6,1,0.005614578055356774
polynomial,rolling,enet,x1,6,2,0.008682871606504161
polynomial,rolling,enet,x2,6,2,0.028398737417749936
polynomial,rolling,enet,x3,6,2,-1.0321387907218071
polynomial,rolling,enet,x4,6,2,0.0034782909486824978
polynomial,rolling,enet,x5,6,2,0.003258973095012626
polynomial,rolling,enet,x6,6,2,0.010721018111210992
polynomial,rolling,rf,x1,6,2,-0.5583408952650233
polynomial,rolling,rf,x2,6,2,-0.365693099508338
polynomial,rolling,rf,x3,6,2,-1.0279173504480925
polynomial,rolling,rf,x4,6,2,-0.0005349650584968169
polynomial,rolling,rf,x5,6,2,-0.002130708473034056
polynomial,rolling,rf,x6,6,2,0.0012595588805100293
polynomial,rolling,xgboost,x1,6,2,-0.8595585640516954
polynomial,rolling,xgboost,x2,6,2,-0.5398956872733773
polynomial,rolling,xgboost,x3,6,2,-1.4055488407801278
polynomial,rolling,xgboost,x4,6,2,-0.0012106653630480357
polynomial,rolling,xgboost,x5,6,2,0.002226832334768688
polynomial,rolling,xgboost,x6,6,2,0.00617355767484377
polynomial,rolling,enet,x1,6,3,0.008602256314448812
polynomial,rolling,enet,x2,6,3,0.02839979141098925
polynomial,rolling,enet,x3,6,3,-1.0321115365961357
polynomial,rolling,enet,x4,6,3,0.0034490481394857295
polynomial,rolling,enet,x5,6,3,0.0033361714180374
polynomial,rolling,enet,x6,6,3,0.010725369770527404
polynomial,rolling,rf,x1,6,3,-0.5564867007189792
polynomial,rolling,rf,x2,6,3,-0.36335485338247553
polynomial,rolling,rf,x3,6,3,-1.0322729111366256
polynomial,rolling,rf,x4,6,3,-0.0003139045459426744
polynomial,rolling,rf,x5,6,3,-0.002164264361892987
polynomial,rolling,rf,x6,6,3,0.0012351742734412936
polynomial,rolling,xgboost,x1,6,3,-0.8432969453630846
polynomial,rolling,xgboost,x2,6,3,-0.5266163909351835
polynomial,rolling,xgboost,x3,6,3,-1.4360512322111527
polynomial,rolling,xgboost,x4,6,3,-0.0006877795547475992
polynomial,rolling,xgboost,x5,6,3,0.001316409637585762
polynomial,rolling,xgboost,x6,6,3,0.007522570967946766
polynomial,rolling,enet,x1,6,4,0.008568939628225322
polynomial,rolling,enet,x2,6,4,0.028378780853893226
polynomial,rolling,enet,x3,6,4,-1.0320813318374815
polynomial,rolling,enet,x4,6,4,0.003474087348102987
polynomial,rolling,enet,x5,6,4,0.0033522311241800753
polynomial,rolling,enet,x6,6,4,0.010708393340432906
polynomial,rolling,rf,x1,6,4,-0.5584496944577958
polynomial,rolling,rf,x2,6,4,-0.36562546480335395
polynomial,rolling,rf,x3,6,4,-1.0276389967870418
polynomial,rolling,rf,x4,6,4,-0.0006460936516009541
polynomial,rolling,rf,x5,6,4,-0.002138636729731321
polynomial,rolling,rf,x6,6,4,0.0011414265570491855
polynomial,rolling,xgboost,x1,6,4,-0.8569154418628275
polynomial,rolling,xgboost,x2,6,4,-0.5415816143154976
polynomial,rolling,xgboost,x3,6,4,-1.405752402813263
polynomial,rolling,xgboost,x4,6,4,-0.0014561952199316774
polynomial,rolling,xgboost,x5,6,4,0.0010336435494267733
polynomial,rolling,xgboost,x6,6,4,0.006858643203456934
polynomial,rolling,enet,x1,6,5,0.00860948274977628
polynomial,rolling,enet,x2,6,5,0.0283909431027561
polynomial,rolling,enet,x3,6,5,-1.0319640424797571
polynomial,rolling,enet,x4,6,5,0.003303854835516503
polynomial,rolling,enet,x5,6,5,0.0033589958274741574
polynomial,rolling,enet,x6,6,5,0.010701866421586955
polynomial,rolling,rf,x1,6,5,-0.558541121151183
polynomial,rolling,rf,x2,6,5,-0.36780450290750427
polynomial,rolling,rf,x3,6,5,-1.0262460663617419
polynomial,rolling,rf,x4,6,5,4.762116916364375e-05
polynomial,rolling,rf,x5,6,5,-0.0020642250307342977
polynomial,rolling,rf,x6,6,5,0.0012508344095251145
polynomial,rolling,xgboost,x1,6,5,-0.859404276708292
polynomial,rolling,xgboost,x2,6,5,-0.5547055194607499
polynomial,rolling,xgboost,x3,6,5,-1.391001440551179
polynomial,rolling,xgboost,x4,6,5,-0.000976737091589371
polynomial,rolling,xgboost,x5,6,5,8.114725094580481e-05
polynomial,rolling,xgboost,x6,6,5,0.008193459102228498
polynomial,rolling,enet,x1,6,6,0.008749037480249763
polynomial,rolling,enet,x2,6,6,0.02839676983258514
polynomial,rolling,enet,x3,6,6,-1.0322073183422442
polynomial,rolling,enet,x4,6,6,0.003466533522946569
polynomial,rolling,enet,x5,6,6,0.0032589503541800755
polynomial,rolling,enet,x6,6,6,0.010737127609635744
polynomial,rolling,rf,x1,6,6,-0.5590033339311714
polynomial,rolling,rf,x2,6,6,-0.36534442676323203
polynomial,rolling,rf,x3,6,6,-1.0276350465333384
polynomial,rolling,rf,x4,6,6,-0.0006420621863020651
polynomial,rolling,rf,x5,6,6,-0.002110553756801581
polynomial,rolling,rf,x6,6,6,0.001377963298370884
polynomial,rolling,xgboost,x1,6,6,-0.8568396604927425
polynomial,rolling,xgboost,x2,6,6,-0.5381258307402567
polynomial,rolling,xgboost,x3,6,6,-1.4070523046959982
polynomial,rolling,xgboost,x4,6,6,-0.0010364743575704456
polynomial,rolling,xgboost,x5,6,6,0.0009005140994519101
polynomial,rolling,xgboost,x6,6,6,0.004340388728479712
polynomial,rolling,enet,x1,6,7,0.008557640284258095
polynomial,rolling,enet,x2,6,7,0.02836746428636505
polynomial,rolling,enet,x3,6,7,-1.032152426644389
polynomial,rolling,enet,x4,6,7,0.003547648520982438
polynomial,rolling,enet,x5,6,7,0.003363113527771485
polynomial,rolling,enet,x6,6,7,0.010717660482364963
polynomial,rolling,rf,x1,6,7,-0.5603439747205089
polynomial,rolling,rf,x2,6,7,-0.36546188615461456
polynomial,rolling,rf,x3,6,7,-1.0259034137223155
polynomial,rolling,rf,x4,6,7,-0.0007942011841864938
polynomial,rolling,rf,x5,6,7,-0.002194993865225555
polynomial,rolling,rf,x6,6,7,0.001341009774376271
polynomial,rolling,xgboost,x1,6,7,-0.873915913919611
polynomial,rolling,xgboost,x2,6,7,-0.539334001934745
polynomial,rolling,xgboost,x3,6,7,-1.391508041467454
polynomial,rolling,xgboost,x4,6,7,-0.0024151166015414414
polynomial,rolling,xgboost,x5,6,7,0.0015935226662003494
polynomial,rolling,xgboost,x6,6,7,0.007766183798514866
polynomial,rolling,enet,x1,8,0,0.008562071247429665
polynomial,rolling,enet,x2,8,0,0.028388619056242098
polynomial,rolling,enet,x3,8,0,-1.0322992101770656
polynomial,rolling,enet,x4,8,0,0.0036471322156658714
polynomial,rolling,enet,x5,8,0,0.003367368652906072
polynomial,rolling,enet,x6,8,0,0.01073511946217498
polynomial,rolling,rf,x1,8,0,-0.5632893644576112
polynomial,rolling,rf,x2,8,0,-0.3631639292153731
polynomial,rolling,rf,x3,8,0,-1.0252841840409617
polynomial,rolling,rf,x4,8,0,-0.0008736014471449893
polynomial,rolling,rf,x5,8,0,-0.0021605319326304107
polynomial,rolling,rf,x6,8,0,0.0014141512212466067
polynomial,rolling,xgboost,x1,8,0,-0.8868545617345499
polynomial,rolling,xgboost,x2,8,0,-0.5253314108604964
polynomial,rolling,xgboost,x3,8,0,-1.393607472390251
polynomial,rolling,xgboost,x4,8,0,0.00024343083937233834
polynomial,rolling,xgboost,x5,8,0,0.0006336562175124072
polynomial,rolling,xgboost,x6,8,0,0.007102990469776499
polynomial,rolling,enet,x1,8,1,0.00847953403532642
polynomial,rolling,enet,x2,8,1,0.028353750741629352
polynomial,rolling,enet,x3,8,1,-1.0320444103866493
polynomial,rolling,enet,x4,8,1,0.003604651728931374
polynomial,rolling,enet,x5,8,1,0.0033108168083193223
polynomial,rolling,enet,x6,8,1,0.010696757529795764
polynomial,rolling,rf,x1,8,1,-0.5574536625743317
polynomial,rolling,rf,x2,8,1,-0.36641277228943725
polynomial,rolling,rf,x3,8,1,-1.0276254297726959
polynomial,rolling,rf,x4,8,1,-0.0010491933187173341
polynomial,rolling,rf,x5,8,1,-0.002120582607763627
polynomial,rolling,rf,x6,8,1,0.0013041806904710296
polynomial,rolling,xgboost,x1,8,1,-0.8566228009402213
polynomial,rolling,xgboost,x2,8,1,-0.5471065503431944
polynomial,rolling,xgboost,x3,8,1,-1.402228079204655
polynomial,rolling,xgboost,x4,8,1,0.00013711696997850686
polynomial,rolling,xgboost,x5,8,1,0.001328806299925489
polynomial,rolling,xgboost,x6,8,1,0.0066781397595306324
polynomial,rolling,enet,x1,8,2,0.008682386892690713
polynomial,rolling,enet,x2,8,2,0.02839314933212006
polynomial,rolling,enet,x3,8,2,-1.0320805258755041
polynomial,rolling,enet,x4,8,2,0.0033853366385554196
polynomial,rolling,enet,x5,8,2,0.0033221003587801945
polynomial,rolling,enet,x6,8,2,0.01069865311071061
polynomial,rolling,rf,x1,8,2,-0.559860388830546
polynomial,rolling,rf,x2,8,2,-0.3650625658560787
polynomial,rolling,rf,x3,8,2,-1.0273511792397225
polynomial,rolling,rf,x4,8,2,-0.00025611129118788267
polynomial,rolling,rf,x5,8,2,-0.0020637371116637437
polynomial,rolling,rf,x6,8,2,0.001236522456724204
polynomial,rolling,xgboost,x1,8,2,-0.8662248909382746
polynomial,rolling,xgboost,x2,8,2,-0.5350177425921967
polynomial,rolling,xgboost,x3,8,2,-1.4050214238218686
polynomial,rolling,xgboost,x4,8,2,-0.0007526934351760883
polynomial,rolling,xgboost,x5,8,2,0.0008312932450993127
polynomial,rolling,xgboost,x6,8,2,0.00837209008378062
polynomial,rolling,enet,x1,8,3,0.008579655563309363
polynomial,rolling,enet,x2,8,3,0.028372676192621432
polynomial,rolling,enet,x3,8,3,-1.032133576376777
polynomial,rolling,enet,x4,8,3,0.0035772575662201267
polynomial,rolling,enet,x5,8,3,0.003319210917281712
polynomial,rolling,enet,x6,8,3,0.010685876594697358
polynomial,rolling,rf,x1,8,3,-0.5595145970408717
polynomial,rolling,rf,x2,8,3,-0.3647902138795034
polynomial,rolling,rf,x3,8,3,-1.0273135383740826
polynomial,rolling,rf,x4,8,3,-0.000807589336136727
polynomial,rolling,rf,x5,8,3,-0.002177250937668851
polynomial,rolling,rf,x6,8,3,0.0012457296957884834
polynomial,rolling,xgboost,x1,8,3,-0.8664802844827038
polynomial,rolling,xgboost,x2,8,3,-0.5346624708619752
polynomial,rolling,xgboost,x3,8,3,-1.4040404125409713
polynomial,rolling,xgboost,x4,8,3,-0.0007289703074467857
polynomial,rolling,xgboost,x5,8,3,0.0010899188758638767
polynomial,rolling,xgboost,x6,8,3,0.007008851858597204
polynomial,rolling,enet,x1,8,4,0.00842722033693663
polynomial,rolling,enet,x2,8,4,0.02838883853055471
polynomial,rolling,enet,x3,8,4,-1.0320391641889732
polynomial,rolling,enet,x4,8,4,0.0035776007996875248
polynomial,rolling,enet,x5,8,4,0.0033378280418910056
polynomial,rolling,enet,x6,8,4,0.010708776937256193
polynomial,rolling,rf,x1,8,4,-0.5593016107814025
polynomial,rolling,rf,x2,8,4,-0.3649590652375214
polynomial,rolling,rf,x3,8,4,-1.02772354828463
polynomial,rolling,rf,x4,8,4,-0.0006406986959336669
polynomial,rolling,rf,x5,8,4,-0.002058907596327181
polynomial,rolling,rf,x6,8,4,0.00132637072334027
polynomial,rolling,xgboost,x1,8,4,-0.866761723640907
polynomial,rolling,xgboost,x2,8,4,-0.5351753669967092
polynomial,rolling,xgboost,x3,8,4,-1.4025905387070776
polynomial,rolling,xgboost,x4,8,4,-0.00041253525109913314
polynomial,rolling,xgboost,x5,8,4,0.0008149691673753623
polynomial,rolling,xgboost,x6,8,4,0.006311827969781331
polynomial,rolling,enet,x1,8,5,0.008507586175329318
polynomial,rolling,enet,x2,8,5,0.028390034981004758
polynomial,rolling,enet,x3,8,5,-1.0320725610538763
polynomial,rolling,enet,x4,8,5,0.0034748997017318983
polynomial,rolling,enet,x5,8,5,0.003363532174003314
polynomial,rolling,enet,x6,8,5,0.010737608479160138
polynomial,rolling,rf,x1,8,5,-0.5543712527844579
polynomial,rolling,rf,x2,8,5,-0.3683389092537305
polynomial,rolling,rf,x3,8,5,-1.0297705848020533
polynomial,rolling,rf,x4,8,5,-0.00015698527487451042
polynomial,rolling,rf,x5,8,5,-0.0020401204936522643
polynomial,rolling,rf,x6,8,5,0.0013203927362937518
polynomial,rolling,xgboost,x1,8,5,-0.8328264975565489
polynomial,rolling,xgboost,x2,8,5,-0.5581262779679009
polynomial,rolling,xgboost,x3,8,5,-1.4120169714114064
polynomial,rolling,xgboost,x4,8,5,-0.0004575913526900788
polynomial,rolling,xgboost,x5,8,5,-0.00022205074260814306
polynomial,rolling,xgboost,x6,8,5,0.005836021572518391
polynomial,rolling,enet,x1,8,6,0.00840657072796322
polynomial,rolling,enet,x2,8,6,0.02838235021612795
polynomial,rolling,enet,x3,8,6,-1.0319041150974277
polynomial,rolling,enet,x4,8,6,0.0035074628700068056
polynomial,rolling,enet,x5,8,6,0.003291153370958644
polynomial,rolling,enet,x6,8,6,0.01071767836972412
polynomial,rolling,rf,x1,8,6,-0.5576128997579879
polynomial,rolling,rf,x2,8,6,-0.36315031625352195
polynomial,rolling,rf,x3,8,6,-1.0312562617137733
polynomial,rolling,rf,x4,8,6,-0.0005617897960684959
polynomial,rolling,rf,x5,8,6,-0.0021565346820933973
polynomial,rolling,rf,x6,8,6,0.0013803423309702578
polynomial,rolling,xgboost,x1,8,6,-0.8552106765920036
polynomial,rolling,xgboost,x2,8,6,-0.5256124592320128
polynomial,rolling,xgboost,x3,8,6,-1.4239071462793564
polynomial,rolling,xgboost,x4,8,6,-0.0014326406526671276
polynomial,rolling,xgboost,x5,8,6,0.0009131074329550848
polynomial,rolling,xgboost,x6,8,6,0.007436447864448831
polynomial,rolling,enet,x1,8,7,0.008612611264434772
polynomial,rolling,enet,x2,8,7,0.028378512847483717
polynomial,rolling,enet,x3,8,7,-1.032052219859
polynomial,rolling,enet,x4,8,7,0.0033534059895005686
polynomial,rolling,enet,x5,8,7,0.0033877635660198024
polynomial,rolling,enet,x6,8,7,0.010721026648914167
polynomial,rolling,rf,x1,8,7,-0.5581213549619282
polynomial,rolling,rf,x2,8,7,-0.3632785113041561
polynomial,rolling,rf,x3,8,7,-1.0313200896798003
polynomial,rolling,rf,x4,8,7,6.927103693432635e-06
polynomial,rolling,rf,x5,8,7,-0.0020023398330480113
polynomial,rolling,rf,x6,8,7,0.0013579088027643738
polynomial,rolling,xgboost,x1,8,7,-0.8528918473870578
polynomial,rolling,xgboost,x2,8,7,-0.524831833966077
polynomial,rolling,xgboost,x3,8,7,-1.4232126382019932
polynomial,rolling,xgboost,x4,8,7,-0.0014411417610004917
polynomial,rolling,xgboost,x5,8,7,1.232223565184043e-06
polynomial,rolling,xgboost,x6,8,7,0.004562861633927218
polynomial,rolling,enet,x1,12,0,0.008695559045425702
polynomial,rolling,enet,x2,12,0,0.028379733095443838
polynomial,rolling,enet,x3,12,0,-1.0320353682235281
polynomial,rolling,enet,x4,12,0,0.0033190560096883668
polynomial,rolling,enet,x5,12,0,0.0033092053199902938
polynomial,rolling,enet,x6,12,0,0.010732915210332927
polynomial,rolling,rf,x1,12,0,-0.558835086233986
polynomial,rolling,rf,x2,12,0,-0.3654661258262822
polynomial,rolling,rf,x3,12,0,-1.028360580281413
polynomial,rolling,rf,x4,12,0,3.281045929239464e-05
polynomial,rolling,rf,x5,12,0,-0.0021438334952987117
polynomial,rolling,rf,x6,12,0,0.0014153555052129156
polynomial,rolling,xgboost,x1,12,0,-0.8577075259181864
polynomial,rolling,xgboost,x2,12,0,-0.539302944003223
polynomial,rolling,xgboost,x3,12,0,-1.4052318377191721
polynomial,rolling,xgboost,x4,12,0,-0.0009526160595581904
polynomial,rolling,xgboost,x5,12,0,0.0004457769203443281
polynomial,rolling,xgboost,x6,12,0,0.004935779321159535
polynomial,rolling,enet,x1,12,1,0.008570263669154532
polynomial,rolling,enet,x2,12,1,0.028375489703928558
polynomial,rolling,enet,x3,12,1,-1.0321563550220867
polynomial,rolling,enet,x4,12,1,0.003597658908471172
polynomial,rolling,enet,x5,12,1,0.003320578198012717
polynomial,rolling,enet,x6,12,1,0.01069346499987256
polynomial,rolling,rf,x1,12,1,-0.5585089611172446
polynomial,rolling,rf,x2,12,1,-0.3653049097672462
polynomial,rolling,rf,x3,12,1,-1.0278571185226022
polynomial,rolling,rf,x4,12,1,-0.0008194718371520674
polynomial,rolling,rf,x5,12,1,-0.002119565426105382
polynomial,rolling,rf,x6,12,1,0.0012525667978758315
polynomial,rolling,xgboost,x1,12,1,-0.858623332712947
polynomial,rolling,xgboost,x2,12,1,-0.5396530236606217
polynomial,rolling,xgboost,x3,12,1,-1.406212077623235
polynomial,rolling,xgboost,x4,12,1,-0.0006298101108765756
polynomial,rolling,xgboost,x5,12,1,0.0006274139293639772
polynomial,rolling,xgboost,x6,12,1,0.0066774627196803755
polynomial,rolling,enet,x1,12,2,0.008598314691789307
polynomial,rolling,enet,x2,12,2,0.028379893277294826
polynomial,rolling,enet,x3,12,2,-1.0321125748410491
polynomial,rolling,enet,x4,12,2,0.0034936481976270417
polynomial,rolling,enet,x5,12,2,0.0033372225408381806
polynomial,rolling,enet,x6,12,2,0.01070459659085271
polynomial,rolling,rf,x1,12,2,-0.5606654072286218
polynomial,rolling,rf,x2,12,2,-0.3586034676307723
polynomial,rolling,rf,x3,12,2,-1.032554010814285
polynomial,rolling,rf,x4,12,2,-0.000684722597251867
polynomial,rolling,rf,x5,12,2,-0.0020607177837978128
polynomial,rolling,rf,x6,12,2,0.0012108661822538374
polynomial,rolling,xgboost,x1,12,2,-0.8739467288819487
polynomial,rolling,xgboost,x2,12,2,-0.4957923387460094
polynomial,rolling,xgboost,x3,12,2,-1.4356109232695884
polynomial,rolling,xgboost,x4,12,2,-0.001219497476981024
polynomial,rolling,xgboost,x5,12,2,0.0005998490906408138
polynomial,rolling,xgboost,x6,12,2,0.008156271825250935
polynomial,rolling,enet,x1,12,3,0.008588167221965703
polynomial,rolling,enet,x2,12,3,0.028374042819839723
polynomial,rolling,enet,x3,12,3,-1.032082298537829
polynomial,rolling,enet,x4,12,3,0.0034107172589384525
polynomial,rolling,enet,x5,12,3,0.0033915893338389105
polynomial,rolling,enet,x6,12,3,0.010718882360599258
polynomial,rolling,rf,x1,12,3,-0.5575995634259044
polynomial,rolling,rf,x2,12,3,-0.3663657708391405
polynomial,rolling,rf,x3,12,3,-1.0282095482921167
polynomial,rolling,rf,x4,12,3,-0.0004105089385962879
polynomial,rolling,rf,x5,12,3,-0.0020873768288924475
polynomial,rolling,rf,x6,12,3,0.00131530845217596
polynomial,rolling,xgboost,x1,12,3,-0.8506499650846909
polynomial,rolling,xgboost,x2,12,3,-0.5476467696262296
polynomial,rolling,xgboost,x3,12,3,-1.405832810596091
polynomial,rolling,xgboost,x4,12,3,-0.0016784331708925015
polynomial,rolling,xgboost,x5,12,3,0.0011129570967618463
polynomial,rolling,xgboost,x6,12,3,0.006881653922506299
polynomial,rolling,enet,x1,12,4,0.008595140460178582
polynomial,rolling,enet,x2,12,4,0.028368298649071384
polynomial,rolling,enet,x3,12,4,-1.0321112136332287
polynomial,rolling,enet,x4,12,4,0.0035102106101845276
polynomial,rolling,enet,x5,12,4,0.0033432191168284073
polynomial,rolling,enet,x6,12,4,0.010695445254318611
polynomial,rolling,rf,x1,12,4,-0.5630082367640717
polynomial,rolling,rf,x2,12,4,-0.3608422572402667
polynomial,rolling,rf,x3,12,4,-1.028120178280487
polynomial,rolling,rf,x4,12,4,-0.0004937664291531271
polynomial,rolling,rf,x5,12,4,-0.002124405151123369
polynomial,rolling,rf,x6,12,4,0.0012313839926269554
polynomial,rolling,xgboost,x1,12,4,-0.8887739428786768
polynomial,rolling,xgboost,x2,12,4,-0.5122175039257487
polynomial,rolling,xgboost,x3,12,4,-1.4056552236730413
polynomial,rolling,xgboost,x4,12,4,-0.0004134196875292632
polynomial,rolling,xgboost,x5,12,4,0.0012261520428968886
polynomial,rolling,xgboost,x6,12,4,0.008020570663463511
polynomial,rolling,enet,x1,12,5,0.008629271864187901
polynomial,rolling,enet,x2,12,5,0.028385681249853134
polynomial,rolling,enet,x3,12,5,-1.0321035734606852
polynomial,rolling,enet,x4,12,5,0.0034088286594332238
polynomial,rolling,enet,x5,12,5,0.003341492496401847
polynomial,rolling,enet,x6,12,5,0.010739399648162026
polynomial,rolling,rf,x1,12,5,-0.5622043142912081
polynomial,rolling,rf,x2,12,5,-0.36433182162542727
polynomial,rolling,rf,x3,12,5,-1.025744367335192
polynomial,rolling,rf,x4,12,5,-0.0003049728381609625
polynomial,rolling,rf,x5,12,5,-0.0020977165109077878
polynomial,rolling,rf,x6,12,5,0.0013257327284215508
polynomial,rolling,xgboost,x1,12,5,-0.8800703944957889
polynomial,rolling,xgboost,x2,12,5,-0.5322583883921274
polynomial,rolling,xgboost,x3,12,5,-1.3910236534456095
polynomial,rolling,xgboost,x4,12,5,-0.001145847148678621
polynomial,rolling,xgboost,x5,12,5,0.0003702156765579834
polynomial,rolling,xgboost,x6,12,5,0.006314700347010464
polynomial,rolling,enet,x1,12,6,0.00848104215184318
polynomial,rolling,enet,x2,12,6,0.028369617237553286
polynomial,rolling,enet,x3,12,6,-1.0319435560889343
polynomial,rolling,enet,x4,12,6,0.0034621258429964885
polynomial,rolling,enet,x5,12,6,0.0033202651692440153
polynomial,rolling,enet,x6,12,6,0.010711606144650146
polynomial,rolling,rf,x1,12,6,-0.5572722673403707
polynomial,rolling,rf,x2,12,6,-0.36418265916758447
polynomial,rolling,rf,x3,12,6,-1.0307610066919464
polynomial,rolling,rf,x4,12,6,-0.00039755221439854066
polynomial,rolling,rf,x5,12,6,-0.0020173872860844524
polynomial,rolling,rf,x6,12,6,0.00127341282790977
polynomial,rolling,xgboost,x1,12,6,-0.8515195144977589
polynomial,rolling,xgboost,x2,12,6,-0.5332895517445714
polynomial,rolling,xgboost,x3,12,6,-1.4192463454336643
polynomial,rolling,xgboost,x4,12,6,-0.0007558427978369512
polynomial,rolling,xgboost,x5,12,6,0.000452595452191266
polynomial,rolling,xgboost,x6,12,6,0.006545291563004411
polynomial,rolling,enet,x1,12,7,0.0085083290181636
polynomial,rolling,enet,x2,12,7,0.028376389321985513
polynomial,rolling,enet,x3,12,7,-1.0320486417131816
polynomial,rolling,enet,x4,12,7,0.0035532097531866627
polynomial,rolling,enet,x5,12,7,0.003302763073386783
polynomial,rolling,enet,x6,12,7,0.010709051003811828
polynomial,rolling,rf,x1,12,7,-0.5559658128005989
polynomial,rolling,rf,x2,12,7,-0.3687212551279518
polynomial,rolling,rf,x3,12,7,-1.0271104916484746
polynomial,rolling,rf,x4,12,7,-0.0007153372259484092
polynomial,rolling,rf,x5,12,7,-0.0021403512805583205
polynomial,rolling,rf,x6,12,7,0.00129578821105721
polynomial,rolling,xgboost,x1,12,7,-0.8445574739439962
polynomial,rolling,xgboost,x2,12,7,-0.5618905243612701
polynomial,rolling,xgboost,x3,12,7,-1.3983891921564948
polynomial,rolling,xgboost,x4,12,7,-0.0005565182635463942
polynomial,rolling,xgboost,x5,12,7,0.001054656274119825
polynomial,rolling,xgboost,x6,12,7,0.006525684992551295
polynomial,rolling,enet,x1,18,0,0.008579525666354115
polynomial,rolling,enet,x2,18,0,0.028385576245558167
polynomial,rolling,enet,x3,18,0,-1.0321024303865265
polynomial,rolling,enet,x4,18,0,0.003489365154642204
polynomial,rolling,enet,x5,18,0,0.0033409825965062564
polynomial,rolling,enet,x6,18,0,0.010708081180818833
polynomial,rolling,rf,x1,18,0,-0.5600525312777245
polynomial,rolling,rf,x2,18,0,-0.3645920416325483
polynomial,rolling,rf,x3,18,0,-1.0272764237953738
polynomial,rolling,rf,x4,18,0,-0.0006305451802070353
polynomial,rolling,rf,x5,18,0,-0.0020746545813885207
polynomial,rolling,rf,x6,18,0,0.0012687365947674253
polynomial,rolling,xgboost,x1,18,0,-0.8681214964127306
polynomial,rolling,xgboost,x2,18,0,-0.5342203968409193
polynomial,rolling,xgboost,x3,18,0,-1.4014504711817326
polynomial,rolling,xgboost,x4,18,0,-0.0012753537572639034
polynomial,rolling,xgboost,x5,18,0,0.0005854041970318283
polynomial,rolling,xgboost,x6,18,0,0.006668946536978384
polynomial,rolling,enet,x1,18,1,0.008614681759423247
polynomial,rolling,enet,x2,18,1,0.028391723649751486
polynomial,rolling,enet,x3,18,1,-1.031990430098867
polynomial,rolling,enet,x4,18,1,0.0033349848268999288
polynomial,rolling,enet,x5,18,1,0.00333490326120763
polynomial,rolling,enet,x6,18,1,0.010715237058937486
polynomial,rolling,rf,x1,18,1,-0.5568709824345748
polynomial,rolling,rf,x2,18,1,-0.36644038990540817
polynomial,rolling,rf,x3,18,1,-1.0292272297420473
polynomial,rolling,rf,x4,18,1,3.918864550533918e-06
polynomial,rolling,rf,x5,18,1,-0.0020950264626068784
polynomial,rolling,rf,x6,18,1,0.0012722498076118323
polynomial,rolling,xgboost,x1,18,1,-0.8489816095576087
polynomial,rolling,xgboost,x2,18,1,-0.5460107062191779
polynomial,rolling,xgboost,x3,18,1,-1.4099604680836226
polynomial,rolling,xgboost,x4,18,1,-0.0008596688916958516
polynomial,rolling,xgboost,x5,18,1,0.0010913146688958436
polynomial,rolling,xgboost,x6,18,1,0.0069077706245732244
polynomial,rolling,enet,x1,18,2,0.0085344988500801
polynomial,rolling,enet,x2,18,2,0.028378851493463753
polynomial,rolling,enet,x3,18,2,-1.0320522085169983
polynomial,rolling,enet,x4,18,2,0.003528340459441676
polynomial,rolling,enet,x5,18,2,0.0032980105697842437
polynomial,rolling,enet,x6,18,2,0.01071360760158149
polynomial,rolling,rf,x1,18,2,-0.5599682322969044
polynomial,rolling,rf,x2,18,2,-0.36621209083338846
polynomial,rolling,rf,x3,18,2,-1.0258092384768231
polynomial,rolling,rf,x4,18,2,-0.0005917957614890693
polynomial,rolling,rf,x5,18,2,-0.0020962460368005123
polynomial,rolling,rf,x6,18,2,0.0013201435329307633
polynomial,rolling,xgboost,x1,18,2,-0.8691867102575245
polynomial,rolling,xgboost,x2,18,2,-0.5442263088520138
polynomial,rolling,xgboost,x3,18,2,-1.3923933939779998
polynomial,rolling,xgboost,x4,18,2,-0.00041611243744416667
polynomial,rolling,xgboost,x5,18,2,0.00039418586805279384
polynomial,rolling,xgboost,x6,18,2,0.0080149721982936
polynomial,rolling,enet,x1,18,3,0.008610568539089654
polynomial,rolling,enet,x2,18,3,0.028401857661162863
polynomial,rolling,enet,x3,18,3,-1.0320582150224982
polynomial,rolling,enet,x4,18,3,0.0034346673266717476
polynomial,rolling,enet,x5,18,3,0.0032984653577547737
polynomial,rolling,enet,x6,18,3,0.010713756595172362
polynomial,rolling,rf,x1,18,3,-0.5562801439023537
polynomial,rolling,rf,x2,18,3,-0.3672039847529305
polynomial,rolling,rf,x3,18,3,-1.0288232807517026
polynomial,rolling,rf,x4,18,3,-0.00023121160326011747
polynomial,rolling,rf,x5,18,3,-0.00207910398017313
polynomial,rolling,rf,x6,18,3,0.001260265117945167
polynomial,rolling,xgboost,x1,18,3,-0.8445517498987376
polynomial,rolling,xgboost,x2,18,3,-0.5489351068802372
polynomial,rolling,xgboost,x3,18,3,-1.4110321114614992
polynomial,rolling,xgboost,x4,18,3,-0.0002310182998192831
polynomial,rolling,xgboost,x5,18,3,0.0013114348727242759
polynomial,rolling,xgboost,x6,18,3,0.005625184208932803
polynomial,rolling,enet,x1,18,4,0.008560756664353322
polynomial,rolling,enet,x2,18,4,0.028397368745129523
polynomial,rolling,enet,x3,18,4,-1.0320359743207925
polynomial,rolling,enet,x4,18,4,0.0034587107949234242
polynomial,rolling,enet,x5,18,4,0.00330690212507587
polynomial,rolling,enet,x6,18,4,0.010713336448663334
polynomial,rolling,rf,x1,18,4,-0.5591340883490534
polynomial,rolling,rf,x2,18,4,-0.36787097662003404
polynomial,rolling,rf,x3,18,4,-1.0251451958861577
polynomial,rolling,rf,x4,18,4,-0.0004104235929837601
polynomial,rolling,rf,x5,18,4,-0.0020705966425637787
polynomial,rolling,rf,x6,18,4,0.0012738212183179215
polynomial,rolling,xgboost,x1,18,4,-0.8642278160857083
polynomial,rolling,xgboost,x2,18,4,-0.5545864764524018
polynomial,rolling,xgboost,x3,18,4,-1.386278962425132
polynomial,rolling,xgboost,x4,18,4,-0.00020747968612503756
polynomial,rolling,xgboost,x5,18,4,0.0006072386469050642
polynomial,rolling,xgboost,x6,18,4,0.0068801285438256305
polynomial,rolling,enet,x1,18,5,0.008612353809541815
polynomial,rolling,enet,x2,18,5,0.028372001493366408
polynomial,rolling,enet,x3,18,5,-1.0320289128904876
polynomial,rolling,enet,x4,18,5,0.003388580707022156
polynomial,rolling,enet,x5,18,5,0.0033272335048923165
polynomial,rolling,enet,x6,18,5,0.010729843833017845
polynomial,rolling,rf,x1,18,5,-0.5569583754762102
polynomial,rolling,rf,x2,18,5,-0.36395910594711317
polynomial,rolling,rf,x3,18,5,-1.03147991828118
polynomial,rolling,rf,x4,18,5,-0.00020595332000439281
polynomial,rolling,rf,x5,18,5,-0.00210919689466914
polynomial,rolling,rf,x6,18,5,0.0013550900467022872
polynomial,rolling,xgboost,x1,18,5,-0.848451484493576
polynomial,rolling,xgboost,x2,18,5,-0.529441262864363
polynomial,rolling,xgboost,x3,18,5,-1.4245942950551935
polynomial,rolling,xgboost,x4,18,5,-0.0017698315107394934
polynomial,rolling,xgboost,x5,18,5,0.000668634884379466
polynomial,rolling,xgboost,x6,18,5,0.005774871580856088
polynomial,rolling,enet,x1,18,6,0.008607620108189397
polynomial,rolling,enet,x2,18,6,0.028384710020270505
polynomial,rolling,enet,x3,18,6,-1.032001897162304
polynomial,rolling,enet,x4,18,6,0.003362590884424921
polynomial,rolling,enet,x5,18,6,0.0033274208131606566
polynomial,rolling,enet,x6,18,6,0.01072065579361149
polynomial,rolling,rf,x1,18,6,-0.5579024792278378
polynomial,rolling,rf,x2,18,6,-0.3662583647772022
polynomial,rolling,rf,x3,18,6,-1.0284370062670838
polynomial,rolling,rf,x4,18,6,-2.9900578964915505e-05
polynomial,rolling,rf,x5,18,6,-0.002086926497626108
polynomial,rolling,rf,x6,18,6,0.0013572174762402417
polynomial,rolling,xgboost,x1,18,6,-0.854194987917696
polynomial,rolling,xgboost,x2,18,6,-0.544171415353016
polynomial,rolling,xgboost,x3,18,6,-1.4056123424016385
polynomial,rolling,xgboost,x4,18,6,-0.001009330781941135
polynomial,rolling,xgboost,x5,18,6,0.0011877750571130693
polynomial,rolling,xgboost,x6,18,6,0.005986933938542684
polynomial,rolling,enet,x1,18,7,0.008540226344322784
polynomial,rolling,enet,x2,18,7,0.028381649179634236
polynomial,rolling,enet,x3,18,7,-1.0320441507444427
polynomial,rolling,enet,x4,18,7,0.003494409508993737
polynomial,rolling,enet,x5,18,7,0.0033192270534908707
polynomial,rolling,enet,x6,18,7,0.010709739115354285
polynomial,rolling,rf,x1,18,7,-0.5594815793404952
polynomial,rolling,rf,x2,18,7,-0.36686434612723834
polynomial,rolling,rf,x3,18,7,-1.0257863893371744
polynomial,rolling,rf,x4,18,7,-0.0003988375018401349
polynomial,rolling,rf,x5,18,7,-0.0021038363587062322
polynomial,rolling,rf,x6,18,7,0.0012775287929797344
polynomial,rolling,xgboost,x1,18,7,-0.8632335504676804
polynomial,rolling,xgboost,x2,18,7,-0.5492990558404588
polynomial,rolling,xgboost,x3,18,7,-1.3922444350465915
polynomial,rolling,xgboost,x4,18,7,0.000306690918549821
polynomial,rolling,xgboost,x5,18,7,0.0002452865930690557
polynomial,rolling,xgboost,x6,18,7,0.006411696384475609
polynomial,rolling,enet,x1,30,0,0.008641360993090675
polynomial,rolling,enet,x2,30,0,0.0283938575461949
polynomial,rolling,enet,x3,30,0,-1.032102203432996
polynomial,rolling,enet,x4,30,0,0.003400763853336815
polynomial,rolling,enet,x5,30,0,0.00335746452973642
polynomial,rolling,enet,x6,30,0,0.010709856967990258
polynomial,rolling,rf,x1,30,0,-0.5591851339327041
polynomial,rolling,rf,x2,30,0,-0.3673841468399411
polynomial,rolling,rf,x3,30,0,-1.0258490564069553
polynomial,rolling,rf,x4,30,0,-0.00019466529154662886
polynomial,rolling,rf,x5,30,0,-0.0020967030759421264
polynomial,rolling,rf,x6,30,0,0.0013522456746143682
polynomial,rolling,xgboost,x1,30,0,-0.8615307647900933
polynomial,rolling,xgboost,x2,30,0,-0.5507145256119959
polynomial,rolling,xgboost,x3,30,0,-1.3914581319733097
polynomial,rolling,xgboost,x4,30,0,-0.00041554572755984805
polynomial,rolling,xgboost,x5,30,0,0.00017850292061865797
polynomial,rolling,xgboost,x6,30,0,0.006127097723703952
polynomial,rolling,enet,x1,30,1,0.0086010102918238
polynomial,rolling,enet,x2,30,1,0.02839267235334589
polynomial,rolling,enet,x3,30,1,-1.0320399963087497
polynomial,rolling,enet,x4,30,1,0.0033851631565049076
polynomial,rolling,enet,x5,30,1,0.0033254573179914387
polynomial,rolling,enet,x6,30,1,0.010736793646436612
polynomial,rolling,rf,x1,30,1,-0.5582223576496439
polynomial,rolling,rf,x2,30,1,-0.3659745068776329
polynomial,rolling,rf,x3,30,1,-1.0282908931840455
polynomial,rolling,rf,x4,30,1,-0.00012454512657603296
polynomial,rolling,rf,x5,30,1,-0.0020954747675213364
polynomial,rolling,rf,x6,30,1,0.001350317732944791
polynomial,rolling,xgboost,x1,30,1,-0.8555546807874613
polynomial,rolling,xgboost,x2,30,1,-0.5425337424396788
polynomial,rolling,xgboost,x3,30,1,-1.4055539804743764
polynomial,rolling,xgboost,x4,30,1,-0.0006323059316453013
polynomial,rolling,xgboost,x5,30,1,0.000621756359231392
polynomial,rolling,xgboost,x6,30,1,0.005839585815294224
polynomial,rolling,enet,x1,30,2,0.008592132234615923
polynomial,rolling,enet,x2,30,2,0.02840164914647973
polynomial,rolling,enet,x3,30,2,-1.0320887273320707
polynomial,rolling,enet,x4,30,2,0.003439312354355728
polynomial,rolling,enet,x5,30,2,0.00332005698933883
polynomial,rolling,enet,x6,30,2,0.010736677064633408
polynomial,rolling,rf,x1,30,2,-0.5587057879594135
polynomial,rolling,rf,x2,30,2,-0.36601366157843906
polynomial,rolling,rf,x3,30,2,-1.027595104488982
polynomial,rolling,rf,x4,30,2,-0.00025266889240425824
polynomial,rolling,rf,x5,30,2,-0.00212857418616433
polynomial,rolling,rf,x6,30,2,0.001338337232928318
polynomial,rolling,xgboost,x1,30,2,-0.8582077034080534
polynomial,rolling,xgboost,x2,30,2,-0.5415998843600798
polynomial,rolling,xgboost,x3,30,2,-1.4033156936453381
polynomial,rolling,xgboost,x4,30,2,-0.0012625882362169438
polynomial,rolling,xgboost,x5,30,2,0.001029135083527762
polynomial,rolling,xgboost,x6,30,2,0.005543367107524159
polynomial,rolling,enet,x1,30,3,0.008589474984138305
polynomial,rolling,enet,x2,30,3,0.028386757090761727
polynomial,rolling,enet,x3,30,3,-1.0320522229180207
polynomial,rolling,enet,x4,30,3,0.0034349651120165674
polynomial,rolling,enet,x5,30,3,0.0033347929870757077
polynomial,rolling,enet,x6,30,3,0.010707333201381316
polynomial,rolling,rf,x1,30,3,-0.5594771856885467
polynomial,rolling,rf,x2,30,3,-0.36515123666614463
polynomial,rolling,rf,x3,30,3,-1.0276118532774328
polynomial,rolling,rf,x4,30,3,-0.0002917816253017606
polynomial,rolling,rf,x5,30,3,-0.0020743154138921434
polynomial,rolling,rf,x6,30,3,0.0012489127988433823
polynomial,rolling,xgboost,x1,30,3,-0.8631088933828985
polynomial,rolling,xgboost,x2,30,3,-0.5378120011260237
polynomial,rolling,xgboost,x3,30,3,-1.4029645528819708
polynomial,rolling,xgboost,x4,30,3,-0.000792208067384618
polynomial,rolling,xgboost,x5,30,3,0.00023246508796646766
polynomial,rolling,xgboost,x6,30,3,0.006631822911674464
polynomial,rolling,enet,x1,30,4,0.008583479988776977
polynomial,rolling,enet,x2,30,4,0.028378534911885748
polynomial,rolling,enet,x3,30,4,-1.032104934169191
polynomial,rolling,enet,x4,30,4,0.0034622667633227968
polynomial,rolling,enet,x5,30,4,0.003355780442823786
polynomial,rolling,enet,x6,30,4,0.010725972519734846
polynomial,rolling,rf,x1,30,4,-0.5600289443981983
polynomial,rolling,rf,x2,30,4,-0.3644138126566368
polynomial,rolling,rf,x3,30,4,-1.0277567680528328
polynomial,rolling,rf,x4,30,4,-0.0003666916170997977
polynomial,rolling,rf,x5,30,4,-0.0021346776040308546
polynomial,rolling,rf,x6,30,4,0.0013434344563237222
polynomial,rolling,xgboost,x1,30,4,-0.8670839735999991
polynomial,rolling,xgboost,x2,30,4,-0.5334937852906371
polynomial,rolling,xgboost,x3,30,4,-1.4023731861503896
polynomial,rolling,xgboost,x4,30,4,-0.000983423982504202
polynomial,rolling,xgboost,x5,30,4,0.0006047361592558772
polynomial,rolling,xgboost,x6,30,4,0.005516265405637996
polynomial,rolling,enet,x1,30,5,0.008522644192287328
polynomial,rolling,enet,x2,30,5,0.02838257424674418
polynomial,rolling,enet,x3,30,5,-1.0320137585168985
polynomial,rolling,enet,x4,30,5,0.0034656325020447467
polynomial,rolling,enet,x5,30,5,0.003330647179727257
polynomial,rolling,enet,x6,30,5,0.010713360853448147
polynomial,rolling,rf,x1,30,5,-0.5570681317020227
polynomial,rolling,rf,x2,30,5,-0.3664816430508978
polynomial,rolling,rf,x3,30,5,-1.0287245131307161
polynomial,rolling,rf,x4,30,5,-0.00025637753577498017
polynomial,rolling,rf,x5,30,5,-0.0020931845003118693
polynomial,rolling,rf,x6,30,5,0.0012663900472485703
polynomial,rolling,xgboost,x1,30,5,-0.8496793692067472
polynomial,rolling,xgboost,x2,30,5,-0.5465373491488127
polynomial,rolling,xgboost,x3,30,5,-1.4087391124572266
polynomial,rolling,xgboost,x4,30,5,2.9879344264519916e-05
polynomial,rolling,xgboost,x5,30,5,0.0008071287955884706
polynomial,rolling,xgboost,x6,30,5,0.006305455214297698
polynomial,rolling,enet,x1,30,6,0.008594558478834361
polynomial,rolling,enet,x2,30,6,0.028391830927854016
polynomial,rolling,enet,x3,30,6,-1.0320008551536861
polynomial,rolling,enet,x4,30,6,0.003392361287410761
polynomial,rolling,enet,x5,30,6,0.0033112653219402157
polynomial,rolling,enet,x6,30,6,0.010711939594999624
polynomial,rolling,rf,x1,30,6,-0.5577119987233013
polynomial,rolling,rf,x2,30,6,-0.3655904092729977
polynomial,rolling,rf,x3,30,6,-1.0290830282508958
polynomial,rolling,rf,x4,30,6,-0.00018578421443021426
polynomial,rolling,rf,x5,30,6,-0.0020836163031310675
polynomial,rolling,rf,x6,30,6,0.0012973768922814358
polynomial,rolling,xgboost,x1,30,6,-0.8518472484383024
polynomial,rolling,xgboost,x2,30,6,-0.5399466388405679
polynomial,rolling,xgboost,x3,30,6,-1.4116010582740983
polynomial,rolling,xgboost,x4,30,6,-0.001017165473243531
polynomial,rolling,xgboost,x5,30,6,0.0007967715347352448
polynomial,rolling,xgboost,x6,30,6,0.005801972032841274
polynomial,rolling,enet,x1,30,7,0.008585119422578764
polynomial,rolling,enet,x2,30,7,0.02837869899109937
polynomial,rolling,enet,x3,30,7,-1.0320382089739597
polynomial,rolling,enet,x4,30,7,0.003404848258393637
polynomial,rolling,enet,x5,30,7,0.003336343542508617
polynomial,rolling,enet,x6,30,7,0.010734299216732553
polynomial,rolling,rf,x1,30,7,-0.5585700434869263
polynomial,rolling,rf,x2,30,7,-0.36452488175639874
polynomial,rolling,rf,x3,30,7,-1.029311498809665
polynomial,rolling,rf,x4,30,7,-0.00029482531928981537
polynomial,rolling,rf,x5,30,7,-0.002077756401616286
polynomial,rolling,rf,x6,30,7,0.0014215459014215318
polynomial,rolling,xgboost,x1,30,7,-0.8577902662845879
polynomial,rolling,xgboost,x2,30,7,-0.5337363454963204
polynomial,rolling,xgboost,x3,30,7,-1.4106384132743026
polynomial,rolling,xgboost,x4,30,7,-0.001149277261214099
polynomial,rolling,xgboost,x5,30,7,0.0005890122586049633
polynomial,rolling,xgboost,x6,30,7,0.00491192259918373
polynomial,rolling,enet,x1,40,0,0.008530594699782545
polynomial,rolling,enet,x2,40,0,0.028383249328371208
polynomial,rolling,enet,x3,40,0,-1.0320649995944053
polynomial,rolling,enet,x4,40,0,0.0035127667989402144
polynomial,rolling,enet,x5,40,0,0.003327200187900986
polynomial,rolling,enet,x6,40,0,0.010712289036763462
polynomial,rolling,rf,x1,40,0,-0.5596763817875005
polynomial,rolling,rf,x2,40,0,-0.36624503298245015
polynomial,rolling,rf,x3,40,0,-1.0260149298344619
polynomial,rolling,rf,x4,40,0,-0.0006266167667961731
polynomial,rolling,rf,x5,40,0,-0.002125595344139991
polynomial,rolling,rf,x6,40,0,0.0013310968428736248
polynomial,rolling,xgboost,x1,40,0,-0.8653534116023092
polynomial,rolling,xgboost,x2,40,0,-0.54402353125652
polynomial,rolling,xgboost,x3,40,0,-1.3943345829647984
polynomial,rolling,xgboost,x4,40,0,-0.000991150845078881
polynomial,rolling,xgboost,x5,40,0,0.0009034098431801862
polynomial,rolling,xgboost,x6,40,0,0.005985899366890241
polynomial,rolling,enet,x1,40,1,0.008597905057109972
polynomial,rolling,enet,x2,40,1,0.028381794460795178
polynomial,rolling,enet,x3,40,1,-1.0320560395671237
polynomial,rolling,enet,x4,40,1,0.00341958198452999
polynomial,rolling,enet,x5,40,1,0.0033355611028823506
polynomial,rolling,enet,x6,40,1,0.010722297419159022
polynomial,rolling,rf,x1,40,1,-0.5612018901311708
polynomial,rolling,rf,x2,40,1,-0.364276048113702
polynomial,rolling,rf,x3,40,1,-1.0268835119229511
polynomial,rolling,rf,x4,40,1,-0.0002250928816707076
polynomial,rolling,rf,x5,40,1,-0.0020726799536465224
polynomial,rolling,rf,x6,40,1,0.001301763130666228
polynomial,rolling,xgboost,x1,40,1,-0.8743185262783605
polynomial,rolling,xgboost,x2,40,1,-0.5321250902469069
polynomial,rolling,xgboost,x3,40,1,-1.3977761238211257
polynomial,rolling,xgboost,x4,40,1,-0.0005788129253069041
polynomial,rolling,xgboost,x5,40,1,0.0002444533781028713
polynomial,rolling,xgboost,x6,40,1,0.0067407324349611775
polynomial,rolling,enet,x1,40,2,0.008573569755655791
polynomial,rolling,enet,x2,40,2,0.028395599248472014
polynomial,rolling,enet,x3,40,2,-1.032120845528949
polynomial,rolling,enet,x4,40,2,0.00351204363541619
polynomial,rolling,enet,x5,40,2,0.0033291008865792004
polynomial,rolling,enet,x6,40,2,0.010711632460178765
polynomial,rolling,rf,x1,40,2,-0.5569346463924398
polynomial,rolling,rf,x2,40,2,-0.3669935274007737
polynomial,rolling,rf,x3,40,2,-1.028135896441666
polynomial,rolling,rf,x4,40,2,-0.0004708952377421305
polynomial,rolling,rf,x5,40,2,-0.0021564174077737253
polynomial,rolling,rf,x6,40,2,0.00133392300792074
polynomial,rolling,xgboost,x1,40,2,-0.8484280611030304
polynomial,rolling,xgboost,x2,40,2,-0.5489365499475889
polynomial,rolling,xgboost,x3,40,2,-1.407138334844695
polynomial,rolling,xgboost,x4,40,2,-0.000885823954701509
polynomial,rolling,xgboost,x5,40,2,0.001035205421258667
polynomial,rolling,xgboost,x6,40,2,0.0065401969701211595
polynomial,rolling,enet,x1,40,3,0.00858725028267297
polynomial,rolling,enet,x2,40,3,0.028378740322321284
polynomial,rolling,enet,x3,40,3,-1.031993966317863
polynomial,rolling,enet,x4,40,3,0.003401702505810722
polynomial,rolling,enet,x5,40,3,0.0033214509084574075
polynomial,rolling,enet,x6,40,3,0.010705922755953579
polynomial,rolling,rf,x1,40,3,-0.5582565944948407
polynomial,rolling,rf,x2,40,3,-0.3680828074476494
polynomial,rolling,rf,x3,40,3,-1.0258642991078832
polynomial,rolling,rf,x4,40,3,-0.0003541199535278261
polynomial,rolling,rf,x5,40,3,-0.002068337099098505
polynomial,rolling,rf,x6,40,3,0.0012686982305249728
polynomial,rolling,xgboost,x1,40,3,-0.8567038105977443
polynomial,rolling,xgboost,x2,40,3,-0.5560412735029683
polynomial,rolling,xgboost,x3,40,3,-1.391252845798665
polynomial,rolling,xgboost,x4,40,3,-0.0011633096003023813
polynomial,rolling,xgboost,x5,40,3,0.0006881041055781745
polynomial,rolling,xgboost,x6,40,3,0.006659767935465588
polynomial,rolling,enet,x1,40,4,0.00857307164934426
polynomial,rolling,enet,x2,40,4,0.02838653495585395
polynomial,rolling,enet,x3,40,4,-1.0320921582403906
polynomial,rolling,enet,x4,40,4,0.0034924440187061754
polynomial,rolling,enet,x5,40,4,0.0033273633836871873
polynomial,rolling,enet,x6,40,4,0.010713844690151858
polynomial,rolling,rf,x1,40,4,-0.5568556774025271
polynomial,rolling,rf,x2,40,4,-0.3665909340446446
polynomial,rolling,rf,x3,40,4,-1.0286133260948778
polynomial,rolling,rf,x4,40,4,-0.0005576518230039629
polynomial,rolling,rf,x5,40,4,-0.0020721969120655603
polynomial,rolling,rf,x6,40,4,0.0013323264046439798
polynomial,rolling,xgboost,x1,40,4,-0.8481281322805616
polynomial,rolling,xgboost,x2,40,4,-0.546676427101698
polynomial,rolling,xgboost,x3,40,4,-1.4087434217873585
polynomial,rolling,xgboost,x4,40,4,-0.000860989323686806
polynomial,rolling,xgboost,x5,40,4,0.00039686539458813066
polynomial,rolling,xgboost,x6,40,4,0.00619873764008042
polynomial,rolling,enet,x1,40,5,0.0085569609801524
polynomial,rolling,enet,x2,40,5,0.02838759035311551
polynomial,rolling,enet,x3,40,5,-1.0319916000930571
polynomial,rolling,enet,x4,40,5,0.003401178398781274
polynomial,rolling,enet,x5,40,5,0.003321625395228567
polynomial,rolling,enet,x6,40,5,0.01072534542313237
polynomial,rolling,rf,x1,40,5,-0.5575215271120071
polynomial,rolling,rf,x2,40,5,-0.36422779012871753
polynomial,rolling,rf,x3,40,5,-1.0305399907756587
polynomial,rolling,rf,x4,40,5,-0.0002995056970993504
polynomial,rolling,rf,x5,40,5,-0.0020895678914197415
polynomial,rolling,rf,x6,40,5,0.0013209217324275714
polynomial,rolling,xgboost,x1,40,5,-0.8526138455039665
polynomial,rolling,xgboost,x2,40,5,-0.5318713013382889
polynomial,rolling,xgboost,x3,40,5,-1.4192717784886204
polynomial,rolling,xgboost,x4,40,5,-0.0013856566345003874
polynomial,rolling,xgboost,x5,40,5,0.0010803723731669713
polynomial,rolling,xgboost,x6,40,5,0.006248842133573051
polynomial,rolling,enet,x1,40,6,0.008596659176502736
polynomial,rolling,enet,x2,40,6,0.028382616253329006
polynomial,rolling,enet,x3,40,6,-1.032136480410908
polynomial,rolling,enet,x4,40,6,0.003530190247465076
polynomial,rolling,enet,x5,40,6,0.0033151635248291787
polynomial,rolling,enet,x6,40,6,0.010712951666134984
polynomial,rolling,rf,x1,40,6,-0.559279028910125
polynomial,rolling,rf,x2,40,6,-0.36422151762197147
polynomial,rolling,rf,x3,40,6,-1.0284623648513622
polynomial,rolling,rf,x4,40,6,-0.0006020184545640017
polynomial,rolling,rf,x5,40,6,-0.0021136942881758436
polynomial,rolling,rf,x6,40,6,0.001321164253723739
polynomial,rolling,xgboost,x1,40,6,-0.8634768563338611
polynomial,rolling,xgboost,x2,40,6,-0.5315086846361143
polynomial,rolling,xgboost,x3,40,6,-1.4090760637248056
polynomial,rolling,xgboost,x4,40,6,-0.000596916017406024
polynomial,rolling,xgboost,x5,40,6,0.0007124960750028664
polynomial,rolling,xgboost,x6,40,6,0.006132657178548123
polynomial,rolling,enet,x1,40,7,0.008601570677470787
polynomial,rolling,enet,x2,40,7,0.02837479765045347
polynomial,rolling,enet,x3,40,7,-1.0320425802452453
polynomial,rolling,enet,x4,40,7,0.0033977368043460465
polynomial,rolling,enet,x5,40,7,0.003339797995860444
polynomial,rolling,enet,x6,40,7,0.010729777574467459
polynomial,rolling,rf,x1,40,7,-0.558603272910848
polynomial,rolling,rf,x2,40,7,-0.3648902213627889
polynomial,rolling,rf,x3,40,7,-1.0289433360241556
polynomial,rolling,rf,x4,40,7,-0.00020592310907068255
polynomial,rolling,rf,x5,40,7,-0.00209196159861485
polynomial,rolling,rf,x6,40,7,0.0013772551330033188
polynomial,rolling,xgboost,x1,40,7,-0.8596076305055942
polynomial,rolling,xgboost,x2,40,7,-0.536679938026798
polynomial,rolling,xgboost,x3,40,7,-1.407666323767994
polynomial,rolling,xgboost,x4,40,7,-0.0006235813012891612
polynomial,rolling,xgboost,x5,40,7,0.000507046768784708
polynomial,rolling,xgboost,x6,40,7,0.006257059374254859
polynomial,rolling,enet,x1,60,0,0.008593219964873241
polynomial,rolling,enet,x2,60,0,0.028389566402717444
polynomial,rolling,enet,x3,60,0,-1.0320106241581508
polynomial,rolling,enet,x4,60,0,0.0033837599252435828
polynomial,rolling,enet,x5,60,0,0.003332800861376395
polynomial,rolling,enet,x6,60,0,0.010712377461292999
polynomial,rolling,rf,x1,60,0,-0.5597738676614468
polynomial,rolling,rf,x2,60,0,-0.36367891189133744
polynomial,rolling,rf,x3,60,0,-1.0288756248840447
polynomial,rolling,rf,x4,60,0,-0.00023307931227839102
polynomial,rolling,rf,x5,60,0,-0.0020874535178478705
polynomial,rolling,rf,x6,60,0,0.001291477394480404
polynomial,rolling,xgboost,x1,60,0,-0.8658551901992451
polynomial,rolling,xgboost,x2,60,0,-0.527698630528241
polynomial,rolling,xgboost,x3,60,0,-1.4104525593790285
polynomial,rolling,xgboost,x4,60,0,-0.0012993254818258638
polynomial,rolling,xgboost,x5,60,0,0.0008064294188326733
polynomial,rolling,xgboost,x6,60,0,0.006685908710871861
polynomial,rolling,enet,x1,60,1,0.008537955334407139
polynomial,rolling,enet,x2,60,1,0.028385604556225186
polynomial,rolling,enet,x3,60,1,-1.032049949147363
polynomial,rolling,enet,x4,60,1,0.0034971903468222544
polynomial,rolling,enet,x5,60,1,0.0033125047383233555
polynomial,rolling,enet,x6,60,1,0.010717794628937983
polynomial,rolling,rf,x1,60,1,-0.5576293791934631
polynomial,rolling,rf,x2,60,1,-0.36662963702554235
polynomial,rolling,rf,x3,60,1,-1.027889577641014
polynomial,rolling,rf,x4,60,1,-0.00042598069985691305
polynomial,rolling,rf,x5,60,1,-0.0021096557675301386
polynomial,rolling,rf,x6,60,1,0.001326770454931736
polynomial,rolling,xgboost,x1,60,1,-0.8526964966063006
polynomial,rolling,xgboost,x2,60,1,-0.5468973310116724
polynomial,rolling,xgboost,x3,60,1,-1.4048065801234095
polynomial,rolling,xgboost,x4,60,1,-0.0005586615282851907
polynomial,rolling,xgboost,x5,60,1,0.0008843442321527635
polynomial,rolling,xgboost,x6,60,1,0.0062613575788790345
polynomial,rolling,enet,x1,60,2,0.008580119203118372
polynomial,rolling,enet,x2,60,2,0.028385379510484487
polynomial,rolling,enet,x3,60,2,-1.0320436670076647
polynomial,rolling,enet,x4,60,2,0.003447128498289531
polynomial,rolling,enet,x5,60,2,0.003321655215338955
polynomial,rolling,enet,x6,60,2,0.010710485037786207
polynomial,rolling,rf,x1,60,2,-0.5583444411753722
polynomial,rolling,rf,x2,60,2,-0.3655364848112991
polynomial,rolling,rf,x3,60,2,-1.0283880313460005
polynomial,rolling,rf,x4,60,2,-0.00029465698093258014
polynomial,rolling,rf,x5,60,2,-0.0020963990140027257
polynomial,rolling,rf,x6,60,2,0.0013025534551324971
polynomial,rolling,xgboost,x1,60,2,-0.8568809964365679
polynomial,rolling,xgboost,x2,60,2,-0.5399847272163402
polynomial,rolling,xgboost,x3,60,2,-1.4077170329028201
polynomial,rolling,xgboost,x4,60,2,-0.0002933601959059303
polynomial,rolling,xgboost,x5,60,2,0.000615871928756484
polynomial,rolling,xgboost,x6,60,2,0.006446877364241617
polynomial,rolling,enet,x1,60,3,0.008592214079279807
polynomial,rolling,enet,x2,60,3,0.028385394913532574
polynomial,rolling,enet,x3,60,3,-1.0320869708495233
polynomial,rolling,enet,x4,60,3,0.003486502257949975
polynomial,rolling,enet,x5,60,3,0.003313099994914759
polynomial,rolling,enet,x6,60,3,0.010710860061198956
polynomial,rolling,rf,x1,60,3,-0.5597310199492274
polynomial,rolling,rf,x2,60,3,-0.36593217441864745
polynomial,rolling,rf,x3,60,3,-1.0264344759141548
polynomial,rolling,rf,x4,60,3,-0.0004604516222090016
polynomial,rolling,rf,x5,60,3,-0.0020913459183478644
polynomial,rolling,rf,x6,60,3,0.0012920079501118472
polynomial,rolling,xgboost,x1,60,3,-0.865590598818186
polynomial,rolling,xgboost,x2,60,3,-0.5427311355681927
polynomial,rolling,xgboost,x3,60,3,-1.3962390591860239
polynomial,rolling,xgboost,x4,60,3,-0.0005455169251731358
polynomial,rolling,xgboost,x5,60,3,0.0006036374288560409
polynomial,rolling,xgboost,x6,60,3,0.006689305610084188
polynomial,rolling,enet,x1,60,4,0.0086242075328451
polynomial,rolling,enet,x2,60,4,0.02837838797582524
polynomial,rolling,enet,x3,60,4,-1.0320557900570004
polynomial,rolling,enet,x4,60,4,0.003392377077942092
polynomial,rolling,enet,x5,60,4,0.00334489479757956
polynomial,rolling,enet,x6,60,4,0.010717023130161334
polynomial,rolling,rf,x1,60,4,-0.5599596887591713
polynomial,rolling,rf,x2,60,4,-0.36496838730220854
polynomial,rolling,rf,x3,60,4,-1.0274705859574285
polynomial,rolling,rf,x4,60,4,-0.00020364123948850936
polynomial,rolling,rf,x5,60,4,-0.002060070703406532
polynomial,rolling,rf,x6,60,4,0.0013049140892288813
polynomial,rolling,xgboost,x1,60,4,-0.8653803540620342
polynomial,rolling,xgboost,x2,60,4,-0.5367715627244884
polynomial,rolling,xgboost,x3,60,4,-1.4018926811360946
polynomial,rolling,xgboost,x4,60,4,-0.0007405654698588263
polynomial,rolling,xgboost,x5,60,4,0.0001559208728595792
polynomial,rolling,xgboost,x6,60,4,0.006815875060980111
polynomial,rolling,enet,x1,60,5,0.008597868798706958
polynomial,rolling,enet,x2,60,5,0.02838679978894184
polynomial,rolling,enet,x3,60,5,-1.0320484704041963
polynomial,rolling,enet,x4,60,5,0.0034208703127790747
polynomial,rolling,enet,x5,60,5,0.0033223366604721288
polynomial,rolling,enet,x6,60,5,0.010721695300649295
polynomial,rolling,rf,x1,60,5,-0.5571465051111387
polynomial,rolling,rf,x2,60,5,-0.36625131939478917
polynomial,rolling,rf,x3,60,5,-1.0288404118008418
polynomial,rolling,rf,x4,60,5,-0.0003126045973433319
polynomial,rolling,rf,x5,60,5,-0.002090842493184956
polynomial,rolling,rf,x6,60,5,0.001284223524823173
polynomial,rolling,xgboost,x1,60,5,-0.8494008165058031
polynomial,rolling,xgboost,x2,60,5,-0.5437026131028565
polynomial,rolling,xgboost,x3,60,5,-1.4098389069050252
polynomial,rolling,xgboost,x4,60,5,-0.0013404006173084496
polynomial,rolling,xgboost,x5,60,5,0.0006905075866442141
polynomial,rolling,xgboost,x6,60,5,0.005778862085712703
polynomial,rolling,enet,x1,60,6,0.008613379696353517
polynomial,rolling,enet,x2,60,6,0.028388761065509648
polynomial,rolling,enet,x3,60,6,-1.0321653190999052
polynomial,rolling,enet,x4,60,6,0.0035236387346409253
polynomial,rolling,enet,x5,60,6,0.003327311645983444
polynomial,rolling,enet,x6,60,6,0.010713328414770391
polynomial,rolling,rf,x1,60,6,-0.5576762973053938
polynomial,rolling,rf,x2,60,6,-0.3670908368278033
polynomial,rolling,rf,x3,60,6,-1.0272412886125113
polynomial,rolling,rf,x4,60,6,-0.0005613866339332918
polynomial,rolling,rf,x5,60,6,-0.0020918227608845356
polynomial,rolling,rf,x6,60,6,0.001304172268051488
polynomial,rolling,xgboost,x1,60,6,-0.8526273182615646
polynomial,rolling,xgboost,x2,60,6,-0.5498777564133628
polynomial,rolling,xgboost,x3,60,6,-1.4019715179728105
polynomial,rolling,xgboost,x4,60,6,-0.0005939238698644508
polynomial,rolling,xgboost,x5,60,6,0.000990237443386969
polynomial,rolling,xgboost,x6,60,6,0.006266911615579155
polynomial,rolling,enet,x1,60,7,0.008592486484062764
polynomial,rolling,enet,x2,60,7,0.02839119659029527
polynomial,rolling,enet,x3,60,7,-1.0320767815351215
polynomial,rolling,enet,x4,60,7,0.0034523336272864118
polynomial,rolling,enet,x5,60,7,0.0033272828517563005
polynomial,rolling,enet,x6,60,7,0.010714582439073668
polynomial,rolling,rf,x1,60,7,-0.5568941151976166
polynomial,rolling,rf,x2,60,7,-0.36624990237334354
polynomial,rolling,rf,x3,60,7,-1.0290641529803337
polynomial,rolling,rf,x4,60,7,-0.00035728198825095333
polynomial,rolling,rf,x5,60,7,-0.0020891555920713014
polynomial,rolling,rf,x6,60,7,0.0012971482591414155
polynomial,rolling,xgboost,x1,60,7,-0.8477639485071411
polynomial,rolling,xgboost,x2,60,7,-0.5443768329592898
polynomial,rolling,xgboost,x3,60,7,-1.4117698490741053
polynomial,rolling,xgboost,x4,60,7,-0.0009616970569155225
polynomial,rolling,xgboost,x5,60,7,0.0006557384041511886
polynomial,rolling,xgboost,x6,60,7,0.006403221734664496
polynomial,rolling,enet,x1,80,0,0.008550140835862549
polynomial,rolling,enet,x2,80,0,0.028381782583037085
polynomial,rolling,enet,x3,80,0,-1.0320631983868656
polynomial,rolling,enet,x4,80,0,0.003489532999543632
polynomial,rolling,enet,x5,80,0,0.003325471072374073
polynomial,rolling,enet,x6,80,0,0.010717371353401173
polynomial,rolling,rf,x1,80,0,-0.5582003481450432
polynomial,rolling,rf,x2,80,0,-0.3652485974593908
polynomial,rolling,rf,x3,80,0,-1.0286721381039954
polynomial,rolling,rf,x4,80,0,-0.000467749434928591
polynomial,rolling,rf,x5,80,0,-0.0021001915207894046
polynomial,rolling,rf,x6,80,0,0.0013315647916725183
polynomial,rolling,xgboost,x1,80,0,-0.8570102355738998
polynomial,rolling,xgboost,x2,80,0,-0.5384799544590425
polynomial,rolling,xgboost,x3,80,0,-1.4085313948946623
polynomial,rolling,xgboost,x4,80,0,-0.0010209425110045383
polynomial,rolling,xgboost,x5,80,0,0.0008548280151991272
polynomial,rolling,xgboost,x6,80,0,0.006374331964773844
polynomial,rolling,enet,x1,80,1,0.008559249410286154
polynomial,rolling,enet,x2,80,1,0.028385062965860054
polynomial,rolling,enet,x3,80,1,-1.0320728111509756
polynomial,rolling,enet,x4,80,1,0.003464801002354567
polynomial,rolling,enet,x5,80,1,0.003340393543980033
polynomial,rolling,enet,x6,80,1,0.010724404685847793
polynomial,rolling,rf,x1,80,1,-0.5594105676501233
polynomial,rolling,rf,x2,80,1,-0.3650610838167432
polynomial,rolling,rf,x3,80,1,-1.027752512839998
polynomial,rolling,rf,x4,80,1,-0.0003842170830326286
polynomial,rolling,rf,x5,80,1,-0.002102516726492609
polynomial,rolling,rf,x6,80,1,0.0013534382439147562
polynomial,rolling,xgboost,x1,80,1,-0.863590740010471
polynomial,rolling,xgboost,x2,80,1,-0.5369017674435769
polynomial,rolling,xgboost,x3,80,1,-1.4036281564660875
polynomial,rolling,xgboost,x4,80,1,-0.000632886558738785
polynomial,rolling,xgboost,x5,80,1,0.0006406231844688582
polynomial,rolling,xgboost,x6,80,1,0.006299559835769314
polynomial,rolling,enet,x1,80,2,0.008610795388969649
polynomial,rolling,enet,x2,80,2,0.028394689855730036
polynomial,rolling,enet,x3,80,2,-1.032099401743086
polynomial,rolling,enet,x4,80,2,0.003467085250578142
polynomial,rolling,enet,x5,80,2,0.003310829382862132
polynomial,rolling,enet,x6,80,2,0.010717102322299027
polynomial,rolling,rf,x1,80,2,-0.5589053811829755
polynomial,rolling,rf,x2,80,2,-0.36552185438553925
polynomial,rolling,rf,x3,80,2,-1.0277550452694175
polynomial,rolling,rf,x4,80,2,-0.0003520683435192101
polynomial,rolling,rf,x5,80,2,-0.0021007793421492947
polynomial,rolling,rf,x6,80,2,0.0012776686511259405
polynomial,rolling,xgboost,x1,80,2,-0.8599894955718174
polynomial,rolling,xgboost,x2,80,2,-0.5395100808843463
polynomial,rolling,xgboost,x3,80,2,-1.4045219805053573
polynomial,rolling,xgboost,x4,80,2,-0.0008895189038870932
polynomial,rolling,xgboost,x5,80,2,0.0009589150236682081
polynomial,rolling,xgboost,x6,80,2,0.006138793383103589
polynomial,rolling,enet,x1,80,3,0.00856205352870606
polynomial,rolling,enet,x2,80,3,0.02838344312169088
polynomial,rolling,enet,x3,80,3,-1.0320450801768324
polynomial,rolling,enet,x4,80,3,0.003462171934699487
polynomial,rolling,enet,x5,80,3,0.003318583821304211
polynomial,rolling,enet,x6,80,3,0.01071992822778472
polynomial,rolling,rf,x1,80,3,-0.5595239764180828
polynomial,rolling,rf,x2,80,3,-0.36492877800833395
polynomial,rolling,rf,x3,80,3,-1.0277114616104246
polynomial,rolling,rf,x4,80,3,-0.00040486528032624146
polynomial,rolling,rf,x5,80,3,-0.002126501007889356
polynomial,rolling,rf,x6,80,3,0.0013381224525821772
polynomial,rolling,xgboost,x1,80,3,-0.8644745380694371
polynomial,rolling,xgboost,x2,80,3,-0.5360616560648805
polynomial,rolling,xgboost,x3,80,3,-1.403737078817083
polynomial,rolling,xgboost,x4,80,3,-0.0007066934549254222
polynomial,rolling,xgboost,x5,80,3,0.0007772573256993765
polynomial,rolling,xgboost,x6,80,3,0.006389341621990602
polynomial,rolling,enet,x1,80,4,0.008588197129603525
polynomial,rolling,enet,x2,80,4,0.028380791193461125
polynomial,rolling,enet,x3,80,4,-1.0320604435970928
polynomial,rolling,enet,x4,80,4,0.0034377896516189915
polynomial,rolling,enet,x5,80,4,0.003335645953676758
polynomial,rolling,enet,x6,80,4,0.01071912012608533
polynomial,rolling,rf,x1,80,4,-0.5581540840724151
polynomial,rolling,rf,x2,80,4,-0.36562171086716116
polynomial,rolling,rf,x3,80,4,-1.028456290710583
polynomial,rolling,rf,x4,80,4,-0.0003566939839093952
polynomial,rolling,rf,x5,80,4,-0.0020740526321980533
polynomial,rolling,rf,x6,80,4,0.0013053723937918676
polynomial,rolling,xgboost,x1,80,4,-0.8555244946879338
polynomial,rolling,xgboost,x2,80,4,-0.5404894435489058
polynomial,rolling,xgboost,x3,80,4,-1.407675927009005
polynomial,rolling,xgboost,x4,80,4,-0.0011717420778065313
polynomial,rolling,xgboost,x5,80,4,0.0006021104911701936
polynomial,rolling,xgboost,x6,80,4,0.0064461293738446585
polynomial,rolling,enet,x1,80,5,0.008552729504995239
polynomial,rolling,enet,x2,80,5,0.028382235687690816
polynomial,rolling,enet,x3,80,5,-1.0320918608408327
polynomial,rolling,enet,x4,80,5,0.00351281857414745
polynomial,rolling,enet,x5,80,5,0.0033327200083954458
polynomial,rolling,enet,x6,80,5,0.010712457522956575
polynomial,rolling,rf,x1,80,5,-0.5587264817981842
polynomial,rolling,rf,x2,80,5,-0.36505298783137236
polynomial,rolling,rf,x3,80,5,-1.0281661843912104
polynomial,rolling,rf,x4,80,5,-0.0006346812029292409
polynomial,rolling,rf,x5,80,5,-0.0021148240519897775
polynomial,rolling,rf,x6,80,5,0.0013376994032112482
polynomial,rolling,xgboost,x1,80,5,-0.8601416947831864
polynomial,rolling,xgboost,x2,80,5,-0.5369735043269772
polynomial,rolling,xgboost,x3,80,5,-1.4071711047860993
polynomial,rolling,xgboost,x4,80,5,-0.0006279748759032616
polynomial,rolling,xgboost,x5,80,5,0.0007414537627581874
polynomial,rolling,xgboost,x6,80,5,0.006359457550771918
polynomial,rolling,enet,x1,80,6,0.008579192215220136
polynomial,rolling,enet,x2,80,6,0.028377621016384764
polynomial,rolling,enet,x3,80,6,-1.0320263253673956
polynomial,rolling,enet,x4,80,6,0.003404045175339773
polynomial,rolling,enet,x5,80,6,0.0033417355353594245
polynomial,rolling,enet,x6,80,6,0.010724831882444413
polynomial,rolling,rf,x1,80,6,-0.5595845712809222
polynomial,rolling,rf,x2,80,6,-0.3647141185338949
polynomial,rolling,rf,x3,80,6,-1.0280423262457719
polynomial,rolling,rf,x4,80,6,-0.0002384742833181297
polynomial,rolling,rf,x5,80,6,-0.0021205937575168752
polynomial,rolling,rf,x6,80,6,0.0013426242289491463
polynomial,rolling,xgboost,x1,80,6,-0.8641440302597246
polynomial,rolling,xgboost,x2,80,6,-0.5349619037036031
polynomial,rolling,xgboost,x3,80,6,-1.404228070277096
polynomial,rolling,xgboost,x4,80,6,-0.0011126830132868692
polynomial,rolling,xgboost,x5,80,6,0.0006782485285636603
polynomial,rolling,xgboost,x6,80,6,0.005955071266510676
polynomial,rolling,enet,x1,80,7,0.00859509353389655
polynomial,rolling,enet,x2,80,7,0.02838087162822762
polynomial,rolling,enet,x3,80,7,-1.0320827852107386
polynomial,rolling,enet,x4,80,7,0.003444239348928757
polynomial,rolling,enet,x5,80,7,0.003343868294283217
polynomial,rolling,enet,x6,80,7,0.01071981286275526
polynomial,rolling,rf,x1,80,7,-0.5594304853267247
polynomial,rolling,rf,x2,80,7,-0.36421176231157865
polynomial,rolling,rf,x3,80,7,-1.0286596465900444
polynomial,rolling,rf,x4,80,7,-0.00031035022755815654
polynomial,rolling,rf,x5,80,7,-0.0020984269134228296
polynomial,rolling,rf,x6,80,7,0.001353211496854037
polynomial,rolling,xgboost,x1,80,7,-0.8634164595376521
polynomial,rolling,xgboost,x2,80,7,-0.5314256110560752
polynomial,rolling,xgboost,x3,80,7,-1.4089778184154234
polynomial,rolling,xgboost,x4,80,7,-0.0006349397503333243
polynomial,rolling,xgboost,x5,80,7,0.00056661286239022
polynomial,rolling,xgboost,x6,80,7,0.006074848438457814
polynomial,rolling,enet,x1,100,0,0.008583972372017894
polynomial,rolling,enet,x2,100,0,0.02838524222553443
polynomial,rolling,enet,x3,100,0,-1.0320579635756568
polynomial,rolling,enet,x4,100,0,0.0034442034449599234
polynomial,rolling,enet,x5,100,0,0.0033252999826121022
polynomial,rolling,enet,x6,100,0,0.010720346007885295
polynomial,rolling,rf,x1,100,0,-0.5575038056960508
polynomial,rolling,rf,x2,100,0,-0.36535029196194985
polynomial,rolling,rf,x3,100,0,-1.0293418115734227
polynomial,rolling,rf,x4,100,0,-0.0003967081744010259
polynomial,rolling,rf,x5,100,0,-0.0020904240910164075
polynomial,rolling,rf,x6,100,0,0.0013255816243664187
polynomial,rolling,xgboost,x1,100,0,-0.8514613639147843
polynomial,rolling,xgboost,x2,100,0,-0.538801845081663
polynomial,rolling,xgboost,x3,100,0,-1.4130958336042607
polynomial,rolling,xgboost,x4,100,0,-0.0011902064236504373
polynomial,rolling,xgboost,x5,100,0,0.0006367123341440562
polynomial,rolling,xgboost,x6,100,0,0.006099169231578487
polynomial,rolling,enet,x1,100,1,0.008562963842417327
polynomial,rolling,enet,x2,100,1,0.028386621227791346
polynomial,rolling,enet,x3,100,1,-1.032070956530674
polynomial,rolling,enet,x4,100,1,0.003479660936472939
polynomial,rolling,enet,x5,100,1,0.003332030214701951
polynomial,rolling,enet,x6,100,1,0.010710780766643628
polynomial,rolling,rf,x1,100,1,-0.5575002140957326
polynomial,rolling,rf,x2,100,1,-0.3661443102373881
polynomial,rolling,rf,x3,100,1,-1.0284682057461205
polynomial,rolling,rf,x4,100,1,-0.0004259351612481921
polynomial,rolling,rf,x5,100,1,-0.002095886385486436
polynomial,rolling,rf,x6,100,1,0.0012770917535012316
polynomial,rolling,xgboost,x1,100,1,-0.8526181639409396
polynomial,rolling,xgboost,x2,100,1,-0.5443462413579756
polynomial,rolling,xgboost,x3,100,1,-1.4077225504594342
polynomial,rolling,xgboost,x4,100,1,-0.0008656496997502172
polynomial,rolling,xgboost,x5,100,1,0.0009760782040961092
polynomial,rolling,xgboost,x6,100,1,0.006763159795367597
polynomial,rolling,enet,x1,100,2,0.008539797878607196
polynomial,rolling,enet,x2,100,2,0.02837853364156365
polynomial,rolling,enet,x3,100,2,-1.0320404677517019
polynomial,rolling,enet,x4,100,2,0.003478204627641808
polynomial,rolling,enet,x5,100,2,0.0033298915247027792
polynomial,rolling,enet,x6,100,2,0.010715140536539278
polynomial,rolling,rf,x1,100,2,-0.5588974213137841
polynomial,rolling,rf,x2,100,2,-0.3645570418528151
polynomial,rolling,rf,x3,100,2,-1.0287117865434376
polynomial,rolling,rf,x4,100,2,-0.0004082556291695938
polynomial,rolling,rf,x5,100,2,-0.0021029765851868307
polynomial,rolling,rf,x6,100,2,0.0013200220519186368
polynomial,rolling,xgboost,x1,100,2,-0.8614189321935365
polynomial,rolling,xgboost,x2,100,2,-0.5343365329962576
polynomial,rolling,xgboost,x3,100,2,-1.4087877430054465
polynomial,rolling,xgboost,x4,100,2,-0.0009180063214057422
polynomial,rolling,xgboost,x5,100,2,0.0008622250876477944
polynomial,rolling,xgboost,x6,100,2,0.006785621970362392
polynomial,rolling,enet,x1,100,3,0.008564202073432751
polynomial,rolling,enet,x2,100,3,0.028381552280517572
polynomial,rolling,enet,x3,100,3,-1.0320458032048483
polynomial,rolling,enet,x4,100,3,0.003466506129658544
polynomial,rolling,enet,x5,100,3,0.003320845693832812
polynomial,rolling,enet,x6,100,3,0.010713797484759549
polynomial,rolling,rf,x1,100,3,-0.5582344967039581
polynomial,rolling,rf,x2,100,3,-0.3653012669340767
polynomial,rolling,rf,x3,100,3,-1.0286456824444905
polynomial,rolling,rf,x4,100,3,-0.0003918480792799062
polynomial,rolling,rf,x5,100,3,-0.00209618804916347
polynomial,rolling,rf,x6,100,3,0.0013120223384942343
polynomial,rolling,xgboost,x1,100,3,-0.8564263845457261
polynomial,rolling,xgboost,x2,100,3,-0.5386377939731637
polynomial,rolling,xgboost,x3,100,3,-1.4091723735518218
polynomial,rolling,xgboost,x4,100,3,-0.0005988742030823335
polynomial,rolling,xgboost,x5,100,3,0.0006763327823783682
polynomial,rolling,xgboost,x6,100,3,0.006345726032779813
polynomial,rolling,enet,x1,100,4,0.008549292122287966
polynomial,rolling,enet,x2,100,4,0.02838486365117977
polynomial,rolling,enet,x3,100,4,-1.0320515160169905
polynomial,rolling,enet,x4,100,4,0.003481298342151933
polynomial,rolling,enet,x5,100,4,0.0033158716202057346
polynomial,rolling,enet,x6,100,4,0.010721290738517932
polynomial,rolling,rf,x1,100,4,-0.5575913702896118
polynomial,rolling,rf,x2,100,4,-0.36711214458465785
polynomial,rolling,rf,x3,100,4,-1.027584723438861
polynomial,rolling,rf,x4,100,4,-0.000320770021972836
polynomial,rolling,rf,x5,100,4,-0.0020707145502491396
polynomial,rolling,rf,x6,100,4,0.0013222630128779912
polynomial,rolling,xgboost,x1,100,4,-0.8529234813258546
polynomial,rolling,xgboost,x2,100,4,-0.5494244589250936
polynomial,rolling,xgboost,x3,100,4,-1.4017876721129232
polynomial,rolling,xgboost,x4,100,4,-0.0005158029880659254
polynomial,rolling,xgboost,x5,100,4,0.0006139163110999335
polynomial,rolling,xgboost,x6,100,4,0.006224131582201131
polynomial,rolling,enet,x1,100,5,0.008581609308152766
polynomial,rolling,enet,x2,100,5,0.02838475858989204
polynomial,rolling,enet,x3,100,5,-1.0320739556079117
polynomial,rolling,enet,x4,100,5,0.0034535270038798193
polynomial,rolling,enet,x5,100,5,0.0033313337809870937
polynomial,rolling,enet,x6,100,5,0.010723827382352905
polynomial,rolling,rf,x1,100,5,-0.5594411188268118
polynomial,rolling,rf,x2,100,5,-0.36524024518895115
polynomial,rolling,rf,x3,100,5,-1.0274878326482446
polynomial,rolling,rf,x4,100,5,-0.00042140213659144446
polynomial,rolling,rf,x5,100,5,-0.0021089378955420914
polynomial,rolling,rf,x6,100,5,0.0013420768236666225
polynomial,rolling,xgboost,x1,100,5,-0.8635390885468617
polynomial,rolling,xgboost,x2,100,5,-0.5382111856832585
polynomial,rolling,xgboost,x3,100,5,-1.4020977275662554
polynomial,rolling,xgboost,x4,100,5,-0.0011257527820957348
polynomial,rolling,xgboost,x5,100,5,0.0008164006244933963
polynomial,rolling,xgboost,x6,100,5,0.006343986495341718
polynomial,rolling,enet,x1,100,6,0.008561594902627723
polynomial,rolling,enet,x2,100,6,0.028384938636922135
polynomial,rolling,enet,x3,100,6,-1.0320774256250917
polynomial,rolling,enet,x4,100,6,0.0034903906068908873
polynomial,rolling,enet,x5,100,6,0.00332913475215592
polynomial,rolling,enet,x6,100,6,0.010712467183848058
polynomial,rolling,rf,x1,100,6,-0.5581474068431421
polynomial,rolling,rf,x2,100,6,-0.36526586872219746
polynomial,rolling,rf,x3,100,6,-1.0286177960970442
polynomial,rolling,rf,x4,100,6,-0.0005286611704824118
polynomial,rolling,rf,x5,100,6,-0.0020884612947437153
polynomial,rolling,rf,x6,100,6,0.0012907342551353152
polynomial,rolling,xgboost,x1,100,6,-0.8561012743510348
polynomial,rolling,xgboost,x2,100,6,-0.5383369306140336
polynomial,rolling,xgboost,x3,100,6,-1.4102167548941567
polynomial,rolling,xgboost,x4,100,6,-0.0008444998007731664
polynomial,rolling,xgboost,x5,100,6,0.0009633132402347777
polynomial,rolling,xgboost,x6,100,6,0.006722778961127423
polynomial,rolling,enet,x1,100,7,0.008607044905686582
polynomial,rolling,enet,x2,100,7,0.0283802426689885
polynomial,rolling,enet,x3,100,7,-1.0320700283398543
polynomial,rolling,enet,x4,100,7,0.0034228814894688166
polynomial,rolling,enet,x5,100,7,0.003336819367537003
polynomial,rolling,enet,x6,100,7,0.010724140365526378
polynomial,rolling,rf,x1,100,7,-0.5575047432104203
polynomial,rolling,rf,x2,100,7,-0.3663566005556311
polynomial,rolling,rf,x3,100,7,-1.0284561591867074
polynomial,rolling,rf,x4,100,7,-0.00029640042700002756
polynomial,rolling,rf,x5,100,7,-0.0021151106769277494
polynomial,rolling,rf,x6,100,7,0.0013715541842120804
polynomial,rolling,xgboost,x1,100,7,-0.8515175081256294
polynomial,rolling,xgboost,x2,100,7,-0.544797282568025
polynomial,rolling,xgboost,x3,100,7,-1.406546719850599
polynomial,rolling,xgboost,x4,100,7,-0.000864722052442557
polynomial,rolling,xgboost,x5,100,7,0.0007158400674774134
polynomial,rolling,xgboost,x6,100,7,0.005197025070582761
polynomial,rolling,enet,x1,200,0,0.008568541369301056
polynomial,rolling,enet,x2,200,0,0.02838286052373058
polynomial,rolling,enet,x3,200,0,-1.032083443700392
polynomial,rolling,enet,x4,200,0,0.0034854162813917834
polynomial,rolling,enet,x5,200,0,0.0033278088925836977
polynomial,rolling,enet,x6,200,0,0.010719917090737835
polynomial,rolling,rf,x1,200,0,-0.5592724588178782
polynomial,rolling,rf,x2,200,0,-0.3649421655557989
polynomial,rolling,rf,x3,200,0,-1.0278674494450337
polynomial,rolling,rf,x4,200,0,-0.0005043505469289234
polynomial,rolling,rf,x5,200,0,-0.002100147010809439
polynomial,rolling,rf,x6,200,0,0.001329111503974395
polynomial,rolling,xgboost,x1,200,0,-0.8630212908837511
polynomial,rolling,xgboost,x2,200,0,-0.5364014517742692
polynomial,rolling,xgboost,x3,200,0,-1.4045618520028973
polynomial,rolling,xgboost,x4,200,0,-0.0010039511777717002
polynomial,rolling,xgboost,x5,200,0,0.0008795880310940274
polynomial,rolling,xgboost,x6,200,0,0.0062955903489590355
polynomial,rolling,enet,x1,200,1,0.008558566160406591
polynomial,rolling,enet,x2,200,1,0.028375536443248115
polynomial,rolling,enet,x3,200,1,-1.0320426272952365
polynomial,rolling,enet,x4,200,1,0.0034596245308029794
polynomial,rolling,enet,x5,200,1,0.0033282935257138856
polynomial,rolling,enet,x6,200,1,0.01072170709241802
polynomial,rolling,rf,x1,200,1,-0.5586906525718185
polynomial,rolling,rf,x2,200,1,-0.3646409674958017
polynomial,rolling,rf,x3,200,1,-1.028823860880427
polynomial,rolling,rf,x4,200,1,-0.00045414765053758963
polynomial,rolling,rf,x5,200,1,-0.0021009105389658365
polynomial,rolling,rf,x6,200,1,0.0013530792650760127
polynomial,rolling,xgboost,x1,200,1,-0.8592993263493139
polynomial,rolling,xgboost,x2,200,1,-0.5346629442728466
polynomial,rolling,xgboost,x3,200,1,-1.4095087727785938
polynomial,rolling,xgboost,x4,200,1,-0.0009606339662252806
polynomial,rolling,xgboost,x5,200,1,0.0005912382396381999
polynomial,rolling,xgboost,x6,200,1,0.006027071668705069
polynomial,rolling,enet,x1,200,2,0.008592846599223183
polynomial,rolling,enet,x2,200,2,0.028381122793965926
polynomial,rolling,enet,x3,200,2,-1.032076754223547
polynomial,rolling,enet,x4,200,2,0.0034485091409849843
polynomial,rolling,enet,x5,200,2,0.003338549013395543
polynomial,rolling,enet,x6,200,2,0.010716827133330381
polynomial,rolling,rf,x1,200,2,-0.5595252538267232
polynomial,rolling,rf,x2,200,2,-0.36424914264995245
polynomial,rolling,rf,x3,200,2,-1.0283827988865795
polynomial,rolling,rf,x4,200,2,-0.0004055655915464196
polynomial,rolling,rf,x5,200,2,-0.0020977015263466793
polynomial,rolling,rf,x6,200,2,0.0013030026086733404
polynomial,rolling,xgboost,x1,200,2,-0.8641456994043998
polynomial,rolling,xgboost,x2,200,2,-0.5321357437627916
polynomial,rolling,xgboost,x3,200,2,-1.407396954455424
polynomial,rolling,xgboost,x4,200,2,-0.001072159022024083
polynomial,rolling,xgboost,x5,200,2,0.0006063368914649736
polynomial,rolling,xgboost,x6,200,2,0.0063308522945379146
polynomial,rolling,enet,x1,200,3,0.008564907410908856
polynomial,rolling,enet,x2,200,3,0.02838055661747034
polynomial,rolling,enet,x3,200,3,-1.032064595751899
polynomial,rolling,enet,x4,200,3,0.003481946179912404
polynomial,rolling,enet,x5,200,3,0.0033181903019389083
polynomial,rolling,enet,x6,200,3,0.010720095699021402
polynomial,rolling,rf,x1,200,3,-0.5595440788514207
polynomial,rolling,rf,x2,200,3,-0.36521925838815394
polynomial,rolling,rf,x3,200,3,-1.0273142882125423
polynomial,rolling,rf,x4,200,3,-0.0005114397255195446
polynomial,rolling,rf,x5,200,3,-0.0020905735705501693
polynomial,rolling,rf,x6,200,3,0.0013221788757118314
polynomial,rolling,xgboost,x1,200,3,-0.86463817525715
polynomial,rolling,xgboost,x2,200,3,-0.5380948722070404
polynomial,rolling,xgboost,x3,200,3,-1.401320583164757
polynomial,rolling,xgboost,x4,200,3,-0.0006751455809860652
polynomial,rolling,xgboost,x5,200,3,0.0005770398660406895
polynomial,rolling,xgboost,x6,200,3,0.006338368885256731
polynomial,rolling,enet,x1,200,4,0.008548653871870138
polynomial,rolling,enet,x2,200,4,0.028386604401971226
polynomial,rolling,enet,x3,200,4,-1.0320692808468648
polynomial,rolling,enet,x4,200,4,0.003497920876709376
polynomial,rolling,enet,x5,200,4,0.003321165680535254
polynomial,rolling,enet,x6,200,4,0.01071603647313179
polynomial,rolling,rf,x1,200,4,-0.5579878241272787
polynomial,rolling,rf,x2,200,4,-0.365908840627817
polynomial,rolling,rf,x3,200,4,-1.0282060218466549
polynomial,rolling,rf,x4,200,4,-0.00047858045721216325
polynomial,rolling,rf,x5,200,4,-0.002095815442686193
polynomial,rolling,rf,x6,200,4,0.0013196226291741176
polynomial,rolling,xgboost,x1,200,4,-0.8549840554854109
polynomial,rolling,xgboost,x2,200,4,-0.5422929899770282
polynomial,rolling,xgboost,x3,200,4,-1.4067965949267307
polynomial,rolling,xgboost,x4,200,4,-0.0007573878446665405
polynomial,rolling,xgboost,x5,200,4,0.0007818853414896998
polynomial,rolling,xgboost,x6,200,4,0.006235775433710415
polynomial,rolling,enet,x1,200,5,0.008578004676832132
polynomial,rolling,enet,x2,200,5,0.0283828842611334
polynomial,rolling,enet,x3,200,5,-1.0320918094549785
polynomial,rolling,enet,x4,200,5,0.0034760995143820017
polynomial,rolling,enet,x5,200,5,0.003338394460506806
polynomial,rolling,enet,x6,200,5,0.01071752699947702
polynomial,rolling,rf,x1,200,5,-0.5578029134686918
polynomial,rolling,rf,x2,200,5,-0.36568397662033475
polynomial,rolling,rf,x3,200,5,-1.0286435738006336
polynomial,rolling,rf,x4,200,5,-0.00045481161979940896
polynomial,rolling,rf,x5,200,5,-0.0020911178233790173
polynomial,rolling,rf,x6,200,5,0.0013189334603638835
polynomial,rolling,xgboost,x1,200,5,-0.853848843394814
polynomial,rolling,xgboost,x2,200,5,-0.5405294311521708
polynomial,rolling,xgboost,x3,200,5,-1.4092513193799152
polynomial,rolling,xgboost,x4,200,5,-0.0008922694538836484
polynomial,rolling,xgboost,x5,200,5,0.0006282779577323006
polynomial,rolling,xgboost,x6,200,5,0.006080217964415153
polynomial,rolling,enet,x1,200,6,0.00858686575247355
polynomial,rolling,enet,x2,200,6,0.02838357666566668
polynomial,rolling,enet,x3,200,6,-1.0320932051829605
polynomial,rolling,enet,x4,200,6,0.0034826104533202482
polynomial,rolling,enet,x5,200,6,0.003318147551239986
polynomial,rolling,enet,x6,200,6,0.010723105217613091
polynomial,rolling,rf,x1,200,6,-0.5574371549322433
polynomial,rolling,rf,x2,200,6,-0.3656894010084322
polynomial,rolling,rf,x3,200,6,-1.0290457889742683
polynomial,rolling,rf,x4,200,6,-0.0004381680644082475
polynomial,rolling,rf,x5,200,6,-0.0020968299695493377
polynomial,rolling,rf,x6,200,6,0.001349883076426719
polynomial,rolling,xgboost,x1,200,6,-0.8519295472931652
polynomial,rolling,xgboost,x2,200,6,-0.5407997410989265
polynomial,rolling,xgboost,x3,200,6,-1.4111839778133497
polynomial,rolling,xgboost,x4,200,6,-0.0006591162459890787
polynomial,rolling,xgboost,x5,200,6,0.0006732931902934169
polynomial,rolling,xgboost,x6,200,6,0.006085721802500855
polynomial,rolling,enet,x1,200,7,0.008575142572427072
polynomial,rolling,enet,x2,200,7,0.02837999600663638
polynomial,rolling,enet,x3,200,7,-1.0320430884651683
polynomial,rolling,enet,x4,200,7,0.003443660760504603
polynomial,rolling,enet,x5,200,7,0.0033238878155645345
polynomial,rolling,enet,x6,200,7,0.010721501767388543
polynomial,rolling,rf,x1,200,7,-0.558947419739846
polynomial,rolling,rf,x2,200,7,-0.36511816234213634
polynomial,rolling,rf,x3,200,7,-1.0281424095889162
polynomial,rolling,rf,x4,200,7,-0.00038613134576960696
polynomial,rolling,rf,x5,200,7,-0.002081795694682903
polynomial,rolling,rf,x6,200,7,0.0013184588388760687
polynomial,rolling,xgboost,x1,200,7,-0.8602280514658583
polynomial,rolling,xgboost,x2,200,7,-0.5375937974910748
polynomial,rolling,xgboost,x3,200,7,-1.4057110351548956
polynomial,rolling,xgboost,x4,200,7,-0.0008460937843606231
polynomial,rolling,xgboost,x5,200,7,0.0005117466596279496
polynomial,rolling,xgboost,x6,200,7,0.00605386377792525
polynomial,rolling,enet,x1,500,0,0.008585496250409346
polynomial,rolling,enet,x2,500,0,0.02838406245389772
polynomial,rolling,enet,x3,500,0,-1.0320697985668745
polynomial,rolling,enet,x4,500,0,0.0034543241162243296
polynomial,rolling,enet,x5,500,0,0.0033273298339659575
polynomial,rolling,enet,x6,500,0,0.010719686369730252
polynomial,rolling,rf,x1,500,0,-0.5586808245648055
polynomial,rolling,rf,x2,500,0,-0.36561704704870424
polynomial,rolling,rf,x3,500,0,-1.0278812516583349
polynomial,rolling,rf,x4,500,0,-0.00039781346635561743
polynomial,rolling,rf,x5,500,0,-0.002101098868421008
polynomial,rolling,rf,x6,500,0,0.001320575734146419
polynomial,rolling,xgboost,x1,500,0,-0.8592903256705818
polynomial,rolling,xgboost,x2,500,0,-0.5406076032057832
polynomial,rolling,xgboost,x3,500,0,-1.403983468444417
polynomial,rolling,xgboost,x4,500,0,-0.0008243600749161382
polynomial,rolling,xgboost,x5,500,0,0.0006660307274882733
polynomial,rolling,xgboost,x6,500,0,0.0062263592095735945
polynomial,rolling,enet,x1,500,1,0.008585681715450152
polynomial,rolling,enet,x2,500,1,0.028381748408711143
polynomial,rolling,enet,x3,500,1,-1.0320698990012525
polynomial,rolling,enet,x4,500,1,0.003453329795069117
polynomial,rolling,enet,x5,500,1,0.0033307794164717766
polynomial,rolling,enet,x6,500,1,0.010719460122903332
polynomial,rolling,rf,x1,500,1,-0.5583093135142821
polynomial,rolling,rf,x2,500,1,-0.36528625782933816
polynomial,rolling,rf,x3,500,1,-1.0286169810597057
polynomial,rolling,rf,x4,500,1,-0.000382322963187764
polynomial,rolling,rf,x5,500,1,-0.0020862614680793737
polynomial,rolling,rf,x6,500,1,0.0013236769621183578
polynomial,rolling,xgboost,x1,500,1,-0.856945791190142
polynomial,rolling,xgboost,x2,500,1,-0.5383802708089823
polynomial,rolling,xgboost,x3,500,1,-1.4084567784320394
polynomial,rolling,xgboost,x4,500,1,-0.0008330426103617574
polynomial,rolling,xgboost,x5,500,1,0.000542972864163457
polynomial,rolling,xgboost,x6,500,1,0.006259542718725996
polynomial,rolling,enet,x1,500,2,0.008557023451512168
polynomial,rolling,enet,x2,500,2,0.02838210411817484
polynomial,rolling,enet,x3,500,2,-1.0320847361713286
polynomial,rolling,enet,x4,500,2,0.0034907321581116603
polynomial,rolling,enet,x5,500,2,0.003336851883048637
polynomial,rolling,enet,x6,500,2,0.01071912501783424
polynomial,rolling,rf,x1,500,2,-0.5585695438906935
polynomial,rolling,rf,x2,500,2,-0.36550655000994914
polynomial,rolling,rf,x3,500,2,-1.028033112166021
polynomial,rolling,rf,x4,500,2,-0.00046994049908138225
polynomial,rolling,rf,x5,500,2,-0.00210422570306203
polynomial,rolling,rf,x6,500,2,0.0013259123963321744
polynomial,rolling,xgboost,x1,500,2,-0.8586040287174247
polynomial,rolling,xgboost,x2,500,2,-0.5399966765475838
polynomial,rolling,xgboost,x3,500,2,-1.4052999811258087
polynomial,rolling,xgboost,x4,500,2,-0.0007826152578344962
polynomial,rolling,xgboost,x5,500,2,0.000665111674300976
polynomial,rolling,xgboost,x6,500,2,0.0062048225157146485
polynomial,rolling,enet,x1,500,3,0.008586416225728229
polynomial,rolling,enet,x2,500,3,0.02838287639901273
polynomial,rolling,enet,x3,500,3,-1.0320612204656225
polynomial,rolling,enet,x4,500,3,0.0034449650083519085
polynomial,rolling,enet,x5,500,3,0.0033276300155533974
polynomial,rolling,enet,x6,500,3,0.010720433274329118
polynomial,rolling,rf,x1,500,3,-0.5582397894839233
polynomial,rolling,rf,x2,500,3,-0.36542423400967833
polynomial,rolling,rf,x3,500,3,-1.0285558963550734
polynomial,rolling,rf,x4,500,3,-0.00036408676176699205
polynomial,rolling,rf,x5,500,3,-0.0021047347107363084
polynomial,rolling,rf,x6,500,3,0.0013312814487035588
polynomial,rolling,xgboost,x1,500,3,-0.8563516036505853
polynomial,rolling,xgboost,x2,500,3,-0.5391361388641956
polynomial,rolling,xgboost,x3,500,3,-1.408241739837056
polynomial,rolling,xgboost,x4,500,3,-0.0008994856833914242
polynomial,rolling,xgboost,x5,500,3,0.000696487443051593
polynomial,rolling,xgboost,x6,500,3,0.006119113133540699
polynomial,rolling,enet,x1,500,4,0.008580363156595598
polynomial,rolling,enet,x2,500,4,0.028383280707848357
polynomial,rolling,enet,x3,500,4,-1.032062118160745
polynomial,rolling,enet,x4,500,4,0.0034569272198782678
polynomial,rolling,enet,x5,500,4,0.0033232785328628166
polynomial,rolling,enet,x6,500,4,0.010719369000912889
polynomial,rolling,rf,x1,500,4,-0.5585997697512912
polynomial,rolling,rf,x2,500,4,-0.36511015475270187
polynomial,rolling,rf,x3,500,4,-1.0284459836957756
polynomial,rolling,rf,x4,500,4,-0.00041732221103381615
polynomial,rolling,rf,x5,500,4,-0.002107132381882553
polynomial,rolling,rf,x6,500,4,0.001322902920210296
polynomial,rolling,xgboost,x1,500,4,-0.8586677289267675
polynomial,rolling,xgboost,x2,500,4,-0.5371606890290292
polynomial,rolling,xgboost,x3,500,4,-1.4081566944479704
polynomial,rolling,xgboost,x4,500,4,-0.0009524897093928244
polynomial,rolling,xgboost,x5,500,4,0.0007463462351736134
polynomial,rolling,xgboost,x6,500,4,0.006377888419350505
polynomial,rolling,enet,x1,500,5,0.008589537880911007
polynomial,rolling,enet,x2,500,5,0.02838806096056257
polynomial,rolling,enet,x3,500,5,-1.0320671866175206
polynomial,rolling,enet,x4,500,5,0.0034408969345191202
polynomial,rolling,enet,x5,500,5,0.0033306046252899895
polynomial,rolling,enet,x6,500,5,0.010719186673590852
polynomial,rolling,rf,x1,500,5,-0.5586195176654603
polynomial,rolling,rf,x2,500,5,-0.3651020964772814
polynomial,rolling,rf,x3,500,5,-1.028548959749081
polynomial,rolling,rf,x4,500,5,-0.0003172112820495969
polynomial,rolling,rf,x5,500,5,-0.002095107459369835
polynomial,rolling,rf,x6,500,5,0.0013254327607675523
polynomial,rolling,xgboost,x1,500,5,-0.8586075564776796
polynomial,rolling,xgboost,x2,500,5,-0.5371344585045178
polynomial,rolling,xgboost,x3,500,5,-1.4081495162576825
polynomial,rolling,xgboost,x4,500,5,-0.0008930252691041431
polynomial,rolling,xgboost,x5,500,5,0.0006179598385960028
polynomial,rolling,xgboost,x6,500,5,0.0063532292117519035
polynomial,rolling,enet,x1,500,6,0.008548694382592696
polynomial,rolling,enet,x2,500,6,0.02838498375809412
polynomial,rolling,enet,x3,500,6,-1.0320420900419012
polynomial,rolling,enet,x4,500,6,0.003465649030683243
polynomial,rolling,enet,x5,500,6,0.0033258031634465245
polynomial,rolling,enet,x6,500,6,0.010718060164437668
polynomial,rolling,rf,x1,500,6,-0.5583777708622092
polynomial,rolling,rf,x2,500,6,-0.3653886123068635
polynomial,rolling,rf,x3,500,6,-1.0284241331256077
polynomial,rolling,rf,x4,500,6,-0.00039122664444544953
polynomial,rolling,rf,x5,500,6,-0.0020982342720567205
polynomial,rolling,rf,x6,500,6,0.0013225173387077219
polynomial,rolling,xgboost,x1,500,6,-0.8577718710599861
polynomial,rolling,xgboost,x2,500,6,-0.5389201270684122
polynomial,rolling,xgboost,x3,500,6,-1.4071436468915017
polynomial,rolling,xgboost,x4,500,6,-0.0008365082589942027
polynomial,rolling,xgboost,x5,500,6,0.0007189984500042073
polynomial,rolling,xgboost,x6,500,6,0.0061397873702535325
polynomial,rolling,enet,x1,500,7,0.008590107069186654
polynomial,rolling,enet,x2,500,7,0.028384239144336604
polynomial,rolling,enet,x3,500,7,-1.0320809934151678
polynomial,rolling,enet,x4,500,7,0.0034703607412049247
polynomial,rolling,enet,x5,500,7,0.003318929456119503
polynomial,rolling,enet,x6,500,7,0.01071845746167313
polynomial,rolling,rf,x1,500,7,-0.5584752822165812
polynomial,rolling,rf,x2,500,7,-0.3657976298990632
polynomial,rolling,rf,x3,500,7,-1.0278956481478596
polynomial,rolling,rf,x4,500,7,-0.0004004833690981493
polynomial,rolling,rf,x5,500,7,-0.0021076045830203446
polynomial,rolling,rf,x6,500,7,0.0013191883431477019
polynomial,rolling,xgboost,x1,500,7,-0.8581385650426978
polynomial,rolling,xgboost,x2,500,7,-0.5416434892309234
polynomial,rolling,xgboost,x3,500,7,-1.4044664087014056
polynomial,rolling,xgboost,x4,500,7,-0.0007645995330385631
polynomial,rolling,xgboost,x5,500,7,0.0007159884155938805
polynomial,rolling,xgboost,x6,500,7,0.006483706633834996
polynomial,rolling,enet,x1,1000,0,0.008583915163571109
polynomial,rolling,enet,x2,1000,0,0.028384036971424345
polynomial,rolling,enet,x3,1000,0,-1.0320661090380705
polynomial,rolling,enet,x4,1000,0,0.003452968847284069
polynomial,rolling,enet,x5,1000,0,0.003327947549366103
polynomial,rolling,enet,x6,1000,0,0.010718340963777724
polynomial,rolling,rf,x1,1000,0,-0.5586323957396954
polynomial,rolling,rf,x2,1000,0,-0.36544258131190555
polynomial,rolling,rf,x3,1000,0,-1.0281360107591988
polynomial,rolling,rf,x4,1000,0,-0.00037570449463933354
polynomial,rolling,rf,x5,1000,0,-0.0020893945999691226
polynomial,rolling,rf,x6,1000,0,0.0013186270329333758
polynomial,rolling,xgboost,x1,1000,0,-0.858829434777027
polynomial,rolling,xgboost,x2,1000,0,-0.539619852249824
polynomial,rolling,xgboost,x3,1000,0,-1.4056102626190108
polynomial,rolling,xgboost,x4,1000,0,-0.0008403151034071632
polynomial,rolling,xgboost,x5,1000,0,0.0006655046604941468
polynomial,rolling,xgboost,x6,1000,0,0.006420992630138553
polynomial,rolling,enet,x1,1000,1,0.008568556278746283
polynomial,rolling,enet,x2,1000,1,0.02838311649475061
polynomial,rolling,enet,x3,1000,1,-1.0320712763200564
polynomial,rolling,enet,x4,1000,1,0.0034767333285950215
polynomial,rolling,enet,x5,1000,1,0.003325363037605914
polynomial,rolling,enet,x6,1000,1,0.010718607637711298
polynomial,rolling,rf,x1,1000,1,-0.5584778527007511
polynomial,rolling,rf,x2,1000,1,-0.3658587868533755
polynomial,rolling,rf,x3,1000,1,-1.0277804633563419
polynomial,rolling,rf,x4,1000,1,-0.0004550859287330487
polynomial,rolling,rf,x5,1000,1,-0.0021019542378971964
polynomial,rolling,rf,x6,1000,1,0.0013166832046237551
polynomial,rolling,xgboost,x1,1000,1,-0.8578787443520275
polynomial,rolling,xgboost,x2,1000,1,-0.5422487112887298
polynomial,rolling,xgboost,x3,1000,1,-1.4039864549439216
polynomial,rolling,xgboost,x4,1000,1,-0.000782026552362089
polynomial,rolling,xgboost,x5,1000,1,0.0007203023086034342
polynomial,rolling,xgboost,x6,1000,1,0.006362267369801125
polynomial,rolling,enet,x1,1000,2,0.008572414156100468
polynomial,rolling,enet,x2,1000,2,0.028383010739073407
polynomial,rolling,enet,x3,1000,2,-1.0320692705957872
polynomial,rolling,enet,x4,1000,2,0.003471078830255961
polynomial,rolling,enet,x5,1000,2,0.0033260578947366835
polynomial,rolling,enet,x6,1000,2,0.010717809432973496
polynomial,rolling,rf,x1,1000,2,-0.5587670647961511
polynomial,rolling,rf,x2,1000,2,-0.3653489881647152
polynomial,rolling,rf,x3,1000,2,-1.028037072960697
polynomial,rolling,rf,x4,1000,2,-0.0004269730040014237
polynomial,rolling,rf,x5,1000,2,-0.002098242219391486
polynomial,rolling,rf,x6,1000,2,0.001320881272481194
polynomial,rolling,xgboost,x1,1000,2,-0.8596211799925796
polynomial,rolling,xgboost,x2,1000,2,-0.5389029512267034
polynomial,rolling,xgboost,x3,1000,2,-1.4053034692702122
polynomial,rolling,xgboost,x4,1000,2,-0.0008309254894675744
polynomial,rolling,xgboost,x5,1000,2,0.0006370496914547306
polynomial,rolling,xgboost,x6,1000,2,0.006208108828871724
polynomial,rolling,enet,x1,1000,3,0.008586875790446882
polynomial,rolling,enet,x2,1000,3,0.02838180473737082
polynomial,rolling,enet,x3,1000,3,-1.0320757964911056
polynomial,rolling,enet,x4,1000,3,0.003469068012732181
polynomial,rolling,enet,x5,1000,3,0.0033223267625704196
polynomial,rolling,enet,x6,1000,3,0.01071682164533824
polynomial,rolling,rf,x1,1000,3,-0.5583911781455292
polynomial,rolling,rf,x2,1000,3,-0.3656703273160722
polynomial,rolling,rf,x3,1000,3,-1.0280836489289973
polynomial,rolling,rf,x4,1000,3,-0.0004246553197095106
polynomial,rolling,rf,x5,1000,3,-0.002099781764095299
polynomial,rolling,rf,x6,1000,3,0.0013121316019285266
polynomial,rolling,xgboost,x1,1000,3,-0.8572988483229076
polynomial,rolling,xgboost,x2,1000,3,-0.5410693907040289
polynomial,rolling,xgboost,x3,1000,3,-1.40584076195857
polynomial,rolling,xgboost,x4,1000,3,-0.0008074634215686949
polynomial,rolling,xgboost,x5,1000,3,0.0008093340952906318
polynomial,rolling,xgboost,x6,1000,3,0.006393762853148287
polynomial,rolling,enet,x1,1000,4,0.008571189792167576
polynomial,rolling,enet,x2,1000,4,0.0283824258170748
polynomial,rolling,enet,x3,1000,4,-1.0320713613241896
polynomial,rolling,enet,x4,1000,4,0.0034735921670036303
polynomial,rolling,enet,x5,1000,4,0.00332694520611604
polynomial,rolling,enet,x6,1000,4,0.010718308799180594
polynomial,rolling,rf,x1,1000,4,-0.5585688957906846
polynomial,rolling,rf,x2,1000,4,-0.365496207055681
polynomial,rolling,rf,x3,1000,4,-1.028074140948136
polynomial,rolling,rf,x4,1000,4,-0.00044750787425175376
polynomial,rolling,rf,x5,1000,4,-0.002098423632144083
polynomial,rolling,rf,x6,1000,4,0.001327715428422691
polynomial,rolling,xgboost,x1,1000,4,-0.8586396401429311
polynomial,rolling,xgboost,x2,1000,4,-0.539840685290447
polynomial,rolling,xgboost,x3,1000,4,-1.405492603712324
polynomial,rolling,xgboost,x4,1000,4,-0.0007874045257965989
polynomial,rolling,xgboost,x5,1000,4,0.0007284701749154394
polynomial,rolling,xgboost,x6,1000,4,0.006218496037947177
polynomial,rolling,enet,x1,1000,5,0.00857300217116008
polynomial,rolling,enet,x2,1000,5,0.028384258118216814
polynomial,rolling,enet,x3,1000,5,-1.0320610763365585
polynomial,rolling,enet,x4,1000,5,0.0034625127082552228
polynomial,rolling,enet,x5,1000,5,0.003323966322341814
polynomial,rolling,enet,x6,1000,5,0.010718437473937574
polynomial,rolling,rf,x1,1000,5,-0.5586109589623695
polynomial,rolling,rf,x2,1000,5,-0.36558727800149654
polynomial,rolling,rf,x3,1000,5,-1.0279526449047958
polynomial,rolling,rf,x4,1000,5,-0.00041471893951461005
polynomial,rolling,rf,x5,1000,5,-0.002100875506794098
polynomial,rolling,rf,x6,1000,5,0.0013090164424955353
polynomial,rolling,xgboost,x1,1000,5,-0.8587091348203435
polynomial,rolling,xgboost,x2,1000,5,-0.5403248072936306
polynomial,rolling,xgboost,x3,1000,5,-1.4050105882316153
polynomial,rolling,xgboost,x4,1000,5,-0.0008269640249844399
polynomial,rolling,xgboost,x5,1000,5,0.0008244466819019955
polynomial,rolling,xgboost,x6,1000,5,0.006233680230035293
polynomial,rolling,enet,x1,1000,6,0.008580662645738318
polynomial,rolling,enet,x2,1000,6,0.0283843147504454
polynomial,rolling,enet,x3,1000,6,-1.0320672804940072
polynomial,rolling,enet,x4,1000,6,0.0034654054700562834
polynomial,rolling,enet,x5,1000,6,0.003322236938476248
polynomial,rolling,enet,x6,1000,6,0.010715761146644074
polynomial,rolling,rf,x1,1000,6,-0.5585724597111144
polynomial,rolling,rf,x2,1000,6,-0.3656227714661686
polynomial,rolling,rf,x3,1000,6,-1.0279665274679923
polynomial,rolling,rf,x4,1000,6,-0.0004197475840121019
polynomial,rolling,rf,x5,1000,6,-0.0020881029881800145
polynomial,rolling,rf,x6,1000,6,0.001312149344992694
polynomial,rolling,xgboost,x1,1000,6,-0.858518749140774
polynomial,rolling,xgboost,x2,1000,6,-0.5407561861752537
polynomial,rolling,xgboost,x3,1000,6,-1.4048654391161508
polynomial,rolling,xgboost,x4,1000,6,-0.0008357975066810613
polynomial,rolling,xgboost,x5,1000,6,0.0007190551678297632
polynomial,rolling,xgboost,x6,1000,6,0.00644374931239337
polynomial,rolling,enet,x1,1000,7,0.008569442002519197
polynomial,rolling,enet,x2,1000,7,0.028382551360427187
polynomial,rolling,enet,x3,1000,7,-1.0320553036645583
polynomial,rolling,enet,x4,1000,7,0.0034540344016308062
polynomial,rolling,enet,x5,1000,7,0.0033314956660754178
polynomial,rolling,enet,x6,1000,7,0.010718880691258615
polynomial,rolling,rf,x1,1000,7,-0.5587131345622872
polynomial,rolling,rf,x2,1000,7,-0.3654460618813867
polynomial,rolling,rf,x3,1000,7,-1.0280305997189254
polynomial,rolling,rf,x4,1000,7,-0.0003879319592710313
polynomial,rolling,rf,x5,1000,7,-0.0021032873446532744
polynomial,rolling,rf,x6,1000,7,0.0013235555940489245
polynomial,rolling,xgboost,x1,1000,7,-0.8593314407982421
polynomial,rolling,xgboost,x2,1000,7,-0.5397259655450318
polynomial,rolling,xgboost,x3,1000,7,-1.4048422386699955
polynomial,rolling,xgboost,x4,1000,7,-0.0009109951282443614
polynomial,rolling,xgboost,x5,1000,7,0.000791061979044059
polynomial,rolling,xgboost,x6,1000,7,0.00620621070383347
