dgp,window,model,predictor,M,replicate,pbsv
threshold,expanding,enet,x1,3,0,0.015009906494152014
threshold,expanding,enet,x2,3,0,-0.5743958628547229
threshold,expanding,enet,x3,3,0,0.0009936885233217119
threshold,expanding,enet,x4,3,0,0.022011829775886598
threshold,expanding,enet,x5,3,0,0.011757735191775698
threshold,expanding,enet,x6,3,0,0.002853255865958637
threshold,expanding,rf,x1,3,0,-0.6753324833939969
threshold,expanding,rf,x2,3,0,-1.3581251175937477
threshold,expanding,rf,x3,3,0,-0.009033613816189575
threshold,expanding,rf,x4,3,0,-0.00021641977123265654
threshold,expanding,rf,x5,3,0,-0.008594312534644969
threshold,expanding,rf,x6,3,0,-0.0005083931194038716
threshold,expanding,xgboost,x1,3,0,-0.7094131898451614
threshold,expanding,xgboost,x2,3,0,-1.3508758770864893
threshold,expanding,xgboost,x3,3,0,-0.06177267947781995
threshold,expanding,xgboost,x4,3,0,0.027100342937244355
threshold,expanding,xgboost,x5,3,0,-0.022744746551696633
threshold,expanding,xgboost,x6,3,0,0.0051718470867577375
threshold,expanding,enet,x1,3,1,0.015040233758481625
threshold,expanding,enet,x2,3,1,-0.574342966369365
threshold,expanding,enet,x3,3,1,0.0009607656955940384
threshold,expanding,enet,x4,3,1,0.022002375441280142
threshold,expanding,enet,x5,3,1,0.011728845477157504
threshold,expanding,enet,x6,3,1,0.0028412989932233845
threshold,expanding,rf,x1,3,1,-0.6720215316148836
threshold,expanding,rf,x2,3,1,-1.3583357367351698
threshold,expanding,rf,x3,3,1,-0.008285627454089228
threshold,expanding,rf,x4,3,1,-0.0013207473947643618
threshold,expanding,rf,x5,3,1,-0.010895976905880733
threshold,expanding,rf,x6,3,1,-0.000950720124427947
threshold,expanding,xgboost,x1,3,1,-0.7052738095387322
threshold,expanding,xgboost,x2,3,1,-1.3556870358721547
threshold,expanding,xgboost,x3,3,1,-0.0652524297641343
threshold,expanding,xgboost,x4,3,1,0.029082377883000794
threshold,expanding,xgboost,x5,3,1,-0.02327513263749433
threshold,expanding,xgboost,x6,3,1,0.007871726992349318
threshold,expanding,enet,x1,3,2,0.014986207683157357
threshold,expanding,enet,x2,3,2,-0.5744031439098363
threshold,expanding,enet,x3,3,2,0.0009950206640981414
threshold,expanding,enet,x4,3,2,0.02206476602081738
threshold,expanding,enet,x5,3,2,0.011772072556942422
threshold,expanding,enet,x6,3,2,0.0028156299811927057
threshold,expanding,rf,x1,3,2,-0.6747787000826265
threshold,expanding,rf,x2,3,2,-1.3587329812148745
threshold,expanding,rf,x3,3,2,-0.008086197844877704
threshold,expanding,rf,x4,3,2,0.0028645447303676796
threshold,expanding,rf,x5,3,2,-0.011535982006865897
threshold,expanding,rf,x6,3,2,-0.0015410238103387524
threshold,expanding,xgboost,x1,3,2,-0.7131701850590342
threshold,expanding,xgboost,x2,3,2,-1.3497869528717497
threshold,expanding,xgboost,x3,3,2,-0.06591219539991695
threshold,expanding,xgboost,x4,3,2,0.03398370665883391
threshold,expanding,xgboost,x5,3,2,-0.02428681637837678
threshold,expanding,xgboost,x6,3,2,0.006638140113078395
threshold,expanding,enet,x1,3,3,0.0150211764236133
threshold,expanding,enet,x2,3,3,-0.5744321829040202
threshold,expanding,enet,x3,3,3,0.0009640081823346266
threshold,expanding,enet,x4,3,3,0.02204012418156509
threshold,expanding,enet,x5,3,3,0.01178236923854333
threshold,expanding,enet,x6,3,3,0.002855057874335598
threshold,expanding,rf,x1,3,3,-0.6741728133023379
threshold,expanding,rf,x2,3,3,-1.3581065147393192
threshold,expanding,rf,x3,3,3,-0.007344345735338746
threshold,expanding,rf,x4,3,3,0.0009525156116112488
threshold,expanding,rf,x5,3,3,-0.0117232677966815
threshold,expanding,rf,x6,3,3,-0.0014159142671494134
threshold,expanding,xgboost,x1,3,3,-0.7083316580057707
threshold,expanding,xgboost,x2,3,3,-1.3505968022508188
threshold,expanding,xgboost,x3,3,3,-0.06642754670717747
threshold,expanding,xgboost,x4,3,3,0.029178337791919844
threshold,expanding,xgboost,x5,3,3,-0.023088029111241193
threshold,expanding,xgboost,x6,3,3,0.006731395345923004
threshold,expanding,enet,x1,3,4,0.015031330316608082
threshold,expanding,enet,x2,3,4,-0.5744398053788543
threshold,expanding,enet,x3,3,4,0.000975100204619291
threshold,expanding,enet,x4,3,4,0.022039496432022743
threshold,expanding,enet,x5,3,4,0.011789830602466708
threshold,expanding,enet,x6,3,4,0.0028346008195092587
threshold,expanding,rf,x1,3,4,-0.6726271837846407
threshold,expanding,rf,x2,3,4,-1.3605571563872128
threshold,expanding,rf,x3,3,4,-0.007762947858720078
threshold,expanding,rf,x4,3,4,0.0007227789657576386
threshold,expanding,rf,x5,3,4,-0.009692498607817438
threshold,expanding,rf,x6,3,4,-0.0018933325565822685
threshold,expanding,xgboost,x1,3,4,-0.7091618695477647
threshold,expanding,xgboost,x2,3,4,-1.3478350678471631
threshold,expanding,xgboost,x3,3,4,-0.06799262916981148
threshold,expanding,xgboost,x4,3,4,0.026376647367065836
threshold,expanding,xgboost,x5,3,4,-0.02024809379560037
threshold,expanding,xgboost,x6,3,4,0.006326710056108557
threshold,expanding,enet,x1,3,5,0.015019244896513628
threshold,expanding,enet,x2,3,5,-0.5744400194853361
threshold,expanding,enet,x3,3,5,0.0010084810995229325
threshold,expanding,enet,x4,3,5,0.02205027198231339
threshold,expanding,enet,x5,3,5,0.011728845477157504
threshold,expanding,enet,x6,3,5,0.0028637290262003567
threshold,expanding,rf,x1,3,5,-0.6724853966666643
threshold,expanding,rf,x2,3,5,-1.359687197573298
threshold,expanding,rf,x3,3,5,-0.007260058360411437
threshold,expanding,rf,x4,3,5,0.0004890870776318815
threshold,expanding,rf,x5,3,5,-0.010895976905880733
threshold,expanding,rf,x6,3,5,-0.0019707978005930236
threshold,expanding,xgboost,x1,3,5,-0.710432607260929
threshold,expanding,xgboost,x2,3,5,-1.3470597891205263
threshold,expanding,xgboost,x3,3,5,-0.0706554913307967
threshold,expanding,xgboost,x4,3,5,0.03216602655453101
threshold,expanding,xgboost,x5,3,5,-0.02327513263749433
threshold,expanding,xgboost,x6,3,5,0.006722690858050218
threshold,expanding,enet,x1,3,6,0.015014586264411397
threshold,expanding,enet,x2,3,6,-0.5744031439098363
threshold,expanding,enet,x3,3,6,0.0010093852543033854
threshold,expanding,enet,x4,3,6,0.022037542775527347
threshold,expanding,enet,x5,3,6,0.011760211493313152
threshold,expanding,enet,x6,3,6,0.002811971118652723
threshold,expanding,rf,x1,3,6,-0.673301605175292
threshold,expanding,rf,x2,3,6,-1.3587329812148745
threshold,expanding,rf,x3,3,6,-0.008033450430686484
threshold,expanding,rf,x4,3,6,0.0008165216344806492
threshold,expanding,rf,x5,3,6,-0.011172923418572603
threshold,expanding,rf,x6,3,6,-0.001385901624270769
threshold,expanding,xgboost,x1,3,6,-0.7096953725695893
threshold,expanding,xgboost,x2,3,6,-1.3497869528717497
threshold,expanding,xgboost,x3,3,6,-0.06693441113206082
threshold,expanding,xgboost,x4,3,6,0.032035829558507554
threshold,expanding,xgboost,x5,3,6,-0.022793668303118537
threshold,expanding,xgboost,x6,3,6,0.004640272380845412
threshold,expanding,enet,x1,3,7,0.015018314105612237
threshold,expanding,enet,x2,3,7,-0.5744120866684447
threshold,expanding,enet,x3,3,7,0.0009346874399180916
threshold,expanding,enet,x4,3,7,0.02206979225509535
threshold,expanding,enet,x5,3,7,0.01177604130437763
threshold,expanding,enet,x6,3,7,0.0028438045598130715
threshold,expanding,rf,x1,3,7,-0.6725810059714593
threshold,expanding,rf,x2,3,7,-1.3627409900905938
threshold,expanding,rf,x3,3,7,-0.006964368687046048
threshold,expanding,rf,x4,3,7,0.002575248446412548
threshold,expanding,rf,x5,3,7,-0.010467399733895618
threshold,expanding,rf,x6,3,7,-0.0016318241926336352
threshold,expanding,xgboost,x1,3,7,-0.7091502791682673
threshold,expanding,xgboost,x2,3,7,-1.3529968847384284
threshold,expanding,xgboost,x3,3,7,-0.07110064045687658
threshold,expanding,xgboost,x4,3,7,0.035502903841861055
threshold,expanding,xgboost,x5,3,7,-0.022094363546950675
threshold,expanding,xgboost,x6,3,7,0.007304961131496738
threshold,expanding,enet,x1,6,0,0.015028054602563845
threshold,expanding,enet,x2,6,0,-0.5744423346138142
threshold,expanding,enet,x3,6,0,0.0009762675164783907
threshold,expanding,enet,x4,6,0,0.02207328688070953
threshold,expanding,enet,x5,6,0,0.011760289514588443
threshold,expanding,enet,x6,6,0,0.002834989095845749
threshold,expanding,rf,x1,6,0,-0.6729388846227397
threshold,expanding,rf,x2,6,0,-1.3627329172630611
threshold,expanding,rf,x3,6,0,-0.007557276101321693
threshold,expanding,rf,x4,6,0,0.002935925071308169
threshold,expanding,rf,x5,6,0,-0.010549794782167518
threshold,expanding,rf,x6,6,0,-0.0009673925312339756
threshold,expanding,xgboost,x1,6,0,-0.7064041445765339
threshold,expanding,xgboost,x2,6,0,-1.3555325575203092
threshold,expanding,xgboost,x3,6,0,-0.0677426085019116
threshold,expanding,xgboost,x4,6,0,0.032927876127147725
threshold,expanding,xgboost,x5,6,0,-0.022566269031473813
threshold,expanding,xgboost,x6,6,0,0.006783400565915754
threshold,expanding,enet,x1,6,1,0.015005870019747772
threshold,expanding,enet,x2,6,1,-0.5744002382679594
threshold,expanding,enet,x3,6,1,0.0009709910842703081
threshold,expanding,enet,x4,6,1,0.02203904263463567
threshold,expanding,enet,x5,6,1,0.011765584579005192
threshold,expanding,enet,x6,6,1,0.0028493029466721462
threshold,expanding,rf,x1,6,1,-0.6756860645137118
threshold,expanding,rf,x2,6,1,-1.3590481162049313
threshold,expanding,rf,x3,6,1,-0.007628121491194406
threshold,expanding,rf,x4,6,1,0.001105441426433984
threshold,expanding,rf,x5,6,1,-0.009784972663031577
threshold,expanding,rf,x6,6,1,-0.0007685067827806202
threshold,expanding,xgboost,x1,6,1,-0.7092469587956076
threshold,expanding,xgboost,x2,6,1,-1.3488823570134303
threshold,expanding,xgboost,x3,6,1,-0.06917293799758688
threshold,expanding,xgboost,x4,6,1,0.029804369554489358
threshold,expanding,xgboost,x5,6,1,-0.021757057308753252
threshold,expanding,xgboost,x6,6,1,0.006720638623723481
threshold,expanding,enet,x1,6,2,0.015003820808156543
threshold,expanding,enet,x2,6,2,-0.5744496935495415
threshold,expanding,enet,x3,6,2,0.0009849224562528864
threshold,expanding,enet,x4,6,2,0.0220649224355662
threshold,expanding,enet,x5,6,2,0.011785027642236693
threshold,expanding,enet,x6,6,2,0.0028415532037007938
threshold,expanding,rf,x1,6,2,-0.673819666385551
threshold,expanding,rf,x2,6,2,-1.3606078935707362
threshold,expanding,rf,x3,6,2,-0.007892897341963781
threshold,expanding,rf,x4,6,2,0.0017083599960424263
threshold,expanding,rf,x5,6,2,-0.010110352721156604
threshold,expanding,rf,x6,6,2,-0.001087890205850613
threshold,expanding,xgboost,x1,6,2,-0.7104541618902068
threshold,expanding,xgboost,x2,6,2,-1.3499978797972918
threshold,expanding,xgboost,x3,6,2,-0.06725235236605905
threshold,expanding,xgboost,x4,6,2,0.03445071024570131
threshold,expanding,xgboost,x5,6,2,-0.0245702391904233
threshold,expanding,xgboost,x6,6,2,0.005289620061114404
threshold,expanding,enet,x1,6,3,0.015034864237221113
threshold,expanding,enet,x2,6,3,-0.574420106779448
threshold,expanding,enet,x3,6,3,0.0009912894066431328
threshold,expanding,enet,x4,6,3,0.02204752344143505
threshold,expanding,enet,x5,6,3,0.011757321428267945
threshold,expanding,enet,x6,6,3,0.0028196612622524895
threshold,expanding,rf,x1,6,3,-0.6729727924071803
threshold,expanding,rf,x2,6,3,-1.3608015213399305
threshold,expanding,rf,x3,6,3,-0.00733708514284892
threshold,expanding,rf,x4,6,3,0.00129761924726024
threshold,expanding,rf,x5,6,3,-0.01081124970335127
threshold,expanding,rf,x6,6,3,-0.0011853108831650545
threshold,expanding,xgboost,x1,6,3,-0.7072376324576494
threshold,expanding,xgboost,x2,6,3,-1.3503176545382682
threshold,expanding,xgboost,x3,6,3,-0.06737839740763973
threshold,expanding,xgboost,x4,6,3,0.030836528683172104
threshold,expanding,xgboost,x5,6,3,-0.023346223899333458
threshold,expanding,xgboost,x6,6,3,0.004909076682553581
threshold,expanding,enet,x1,6,4,0.014996795767236004
threshold,expanding,enet,x2,6,4,-0.5743992452267225
threshold,expanding,enet,x3,6,4,0.000994264093291138
threshold,expanding,enet,x4,6,4,0.022044056662538763
threshold,expanding,enet,x5,6,4,0.01174650278056714
threshold,expanding,enet,x6,6,4,0.0028481789194612452
threshold,expanding,rf,x1,6,4,-0.6759294539904065
threshold,expanding,rf,x2,6,4,-1.3579258008301573
threshold,expanding,rf,x3,6,4,-0.007976910814124402
threshold,expanding,rf,x4,6,4,0.0011710331475864126
threshold,expanding,rf,x5,6,4,-0.00986799986386148
threshold,expanding,rf,x6,6,4,-0.0012812078782525143
threshold,expanding,xgboost,x1,6,4,-0.71087566780167
threshold,expanding,xgboost,x2,6,4,-1.347812764743993
threshold,expanding,xgboost,x3,6,4,-0.0653082300605153
threshold,expanding,xgboost,x4,6,4,0.028729688011734106
threshold,expanding,xgboost,x5,6,4,-0.022854281200475873
threshold,expanding,xgboost,x6,6,4,0.005586952857754642
threshold,expanding,enet,x1,6,5,0.015034374454413172
threshold,expanding,enet,x2,6,5,-0.5744588021617592
threshold,expanding,enet,x3,6,5,0.0010264827569591572
threshold,expanding,enet,x4,6,5,0.022042284484202018
threshold,expanding,enet,x5,6,5,0.011758869065775982
threshold,expanding,enet,x6,6,5,0.0028273443967805623
threshold,expanding,rf,x1,6,5,-0.672728005885284
threshold,expanding,rf,x2,6,5,-1.36026234595645
threshold,expanding,rf,x3,6,5,-0.008260836591106732
threshold,expanding,rf,x4,6,5,0.0008329051593838344
threshold,expanding,rf,x5,6,5,-0.009924550337149044
threshold,expanding,rf,x6,6,5,-0.0014675066186095413
threshold,expanding,xgboost,x1,6,5,-0.7065890060334826
threshold,expanding,xgboost,x2,6,5,-1.3515460865359958
threshold,expanding,xgboost,x3,6,5,-0.06816903551077573
threshold,expanding,xgboost,x4,6,5,0.030201303225857457
threshold,expanding,xgboost,x5,6,5,-0.022842157228292564
threshold,expanding,xgboost,x6,6,5,0.0064106791455239565
threshold,expanding,enet,x1,6,6,0.015024196554136782
threshold,expanding,enet,x2,6,6,-0.5744876010466522
threshold,expanding,enet,x3,6,6,0.0010084658362133903
threshold,expanding,enet,x4,6,6,0.022072736846945846
threshold,expanding,enet,x5,6,6,0.011752060703008197
threshold,expanding,enet,x6,6,6,0.0028606941027197927
threshold,expanding,rf,x1,6,6,-0.6740870009736506
threshold,expanding,rf,x2,6,6,-1.361041909568522
threshold,expanding,rf,x3,6,6,-0.007843252938545264
threshold,expanding,rf,x4,6,6,0.0025315788515422044
threshold,expanding,rf,x5,6,6,-0.01061918560130585
threshold,expanding,rf,x6,6,6,-0.0007505699987340556
threshold,expanding,xgboost,x1,6,6,-0.7076764135523727
threshold,expanding,xgboost,x2,6,6,-1.3553393800502975
threshold,expanding,xgboost,x3,6,6,-0.06545448388849169
threshold,expanding,xgboost,x4,6,6,0.03417137650371738
threshold,expanding,xgboost,x5,6,6,-0.024091567290531597
threshold,expanding,xgboost,x6,6,6,0.00585616534081083
threshold,expanding,enet,x1,6,7,0.014994890941153546
threshold,expanding,enet,x2,6,7,-0.574413684571708
threshold,expanding,enet,x3,6,7,0.0009955807606456906
threshold,expanding,enet,x4,6,7,0.02206271373151388
threshold,expanding,enet,x5,6,7,0.01175283593418086
threshold,expanding,enet,x6,6,7,0.002838216200585849
threshold,expanding,rf,x1,6,7,-0.6752651995561688
threshold,expanding,rf,x2,6,7,-1.3601145021510506
threshold,expanding,rf,x3,6,7,-0.008096882531850369
threshold,expanding,rf,x4,6,7,0.0030500397046548944
threshold,expanding,rf,x5,6,7,-0.010369965302991835
threshold,expanding,rf,x6,6,7,-0.001013830391808986
threshold,expanding,xgboost,x1,6,7,-0.7110939453946298
threshold,expanding,xgboost,x2,6,7,-1.3523046001975167
threshold,expanding,xgboost,x3,6,7,-0.0673886328895736
threshold,expanding,xgboost,x4,6,7,0.03451483571730074
threshold,expanding,xgboost,x5,6,7,-0.023854656478605036
threshold,expanding,xgboost,x6,6,7,0.0075926963058594215
threshold,expanding,enet,x1,8,0,0.015018634735169123
threshold,expanding,enet,x2,8,0,-0.5744590357620329
threshold,expanding,enet,x3,8,0,0.001006137322946632
threshold,expanding,enet,x4,8,0,0.02205787546620197
threshold,expanding,enet,x5,8,0,0.011768148411063467
threshold,expanding,enet,x6,8,0,0.002838792823023406
threshold,expanding,rf,x1,8,0,-0.6738854930182014
threshold,expanding,rf,x2,8,0,-1.3607378815563238
threshold,expanding,rf,x3,8,0,-0.008353735442611171
threshold,expanding,rf,x4,8,0,0.001847267990982282
threshold,expanding,rf,x5,8,0,-0.009687227046794616
threshold,expanding,rf,x6,8,0,-0.0009932711562667396
threshold,expanding,xgboost,x1,8,0,-0.7085662411795413
threshold,expanding,xgboost,x2,8,0,-1.3544645319047475
threshold,expanding,xgboost,x3,8,0,-0.06517116806052128
threshold,expanding,xgboost,x4,8,0,0.030135479257184294
threshold,expanding,xgboost,x5,8,0,-0.022364330663635357
threshold,expanding,xgboost,x6,8,0,0.007896489614095836
threshold,expanding,enet,x1,8,1,0.015017134065791693
threshold,expanding,enet,x2,8,1,-0.5744456756059337
threshold,expanding,enet,x3,8,1,0.0009905559645019824
threshold,expanding,enet,x4,8,1,0.02207492868847158
threshold,expanding,enet,x5,8,1,0.011746273256835832
threshold,expanding,enet,x6,8,1,0.0028473366267043887
threshold,expanding,rf,x1,8,1,-0.6735048055975371
threshold,expanding,rf,x2,8,1,-1.3604969867946655
threshold,expanding,rf,x3,8,1,-0.007974884937530374
threshold,expanding,rf,x4,8,1,0.0017134997708187216
threshold,expanding,rf,x5,8,1,-0.010676662000888765
threshold,expanding,rf,x6,8,1,-0.000870500669412716
threshold,expanding,xgboost,x1,8,1,-0.7075006030722609
threshold,expanding,xgboost,x2,8,1,-1.3511811623419292
threshold,expanding,xgboost,x3,8,1,-0.06823988804096282
threshold,expanding,xgboost,x4,8,1,0.031327680392669865
threshold,expanding,xgboost,x5,8,1,-0.024105309767455924
threshold,expanding,xgboost,x6,8,1,0.007164979892773704
threshold,expanding,enet,x1,8,2,0.015024197358889435
threshold,expanding,enet,x2,8,2,-0.5744413162073685
threshold,expanding,enet,x3,8,2,0.0010063608945479474
threshold,expanding,enet,x4,8,2,0.022039383532752588
threshold,expanding,enet,x5,8,2,0.011776646685009884
threshold,expanding,enet,x6,8,2,0.0028252807325403473
threshold,expanding,rf,x1,8,2,-0.6725443026170508
threshold,expanding,rf,x2,8,2,-1.3599265361641737
threshold,expanding,rf,x3,8,2,-0.008261489645259551
threshold,expanding,rf,x4,8,2,0.0005820127378445561
threshold,expanding,rf,x5,8,2,-0.010123731133393876
threshold,expanding,rf,x6,8,2,-0.0015362934071823375
threshold,expanding,xgboost,x1,8,2,-0.7089833890294494
threshold,expanding,xgboost,x2,8,2,-1.3520274773620722
threshold,expanding,xgboost,x3,8,2,-0.06710261152185168
threshold,expanding,xgboost,x4,8,2,0.03293990253453974
threshold,expanding,xgboost,x5,8,2,-0.02374945862025893
threshold,expanding,xgboost,x6,8,2,0.006388731061927028
threshold,expanding,enet,x1,8,3,0.015019719438113144
threshold,expanding,enet,x2,8,3,-0.5744457397735617
threshold,expanding,enet,x3,8,3,0.0009969541465839893
threshold,expanding,enet,x4,8,3,0.022053674771404463
threshold,expanding,enet,x5,8,3,0.01176752592085581
threshold,expanding,enet,x6,8,3,0.002838418492976086
threshold,expanding,rf,x1,8,3,-0.6741261169214439
threshold,expanding,rf,x2,8,3,-1.3597737633097124
threshold,expanding,rf,x3,8,3,-0.008164208931806971
threshold,expanding,rf,x4,8,3,0.0016176973722933918
threshold,expanding,rf,x5,8,3,-0.010074917254162041
threshold,expanding,rf,x6,8,3,-0.0012890311843836155
threshold,expanding,xgboost,x1,8,3,-0.7079320571273622
threshold,expanding,xgboost,x2,8,3,-1.3517704451579498
threshold,expanding,xgboost,x3,8,3,-0.06698348521130862
threshold,expanding,xgboost,x4,8,3,0.030771570925283098
threshold,expanding,xgboost,x5,8,3,-0.023104516134023617
threshold,expanding,xgboost,x6,8,3,0.0064846297681957765
threshold,expanding,enet,x1,8,4,0.015022034687890817
threshold,expanding,enet,x2,8,4,-0.5744457741669432
threshold,expanding,enet,x3,8,4,0.0009984833798803716
threshold,expanding,enet,x4,8,4,0.022036454310244924
threshold,expanding,enet,x5,8,4,0.011768992912560894
threshold,expanding,enet,x6,8,4,0.0028503618727379887
threshold,expanding,rf,x1,8,4,-0.6737250655080231
threshold,expanding,rf,x2,8,4,-1.3595569594715493
threshold,expanding,rf,x3,8,4,-0.008026929094320762
threshold,expanding,rf,x4,8,4,0.0006013209907074768
threshold,expanding,rf,x5,8,4,-0.010851208132294565
threshold,expanding,rf,x6,8,4,-0.0002514990137353623
threshold,expanding,xgboost,x1,8,4,-0.7069693861029301
threshold,expanding,xgboost,x2,8,4,-1.351878850668824
threshold,expanding,xgboost,x3,8,4,-0.06840597796089587
threshold,expanding,xgboost,x4,8,4,0.029795458534287805
threshold,expanding,xgboost,x5,8,4,-0.02240738970904857
threshold,expanding,xgboost,x6,8,4,0.007331842970245417
threshold,expanding,enet,x1,8,5,0.015035385235152993
threshold,expanding,enet,x2,8,5,-0.5744418977417287
threshold,expanding,enet,x3,8,5,0.0009939581975247913
threshold,expanding,enet,x4,8,5,0.02203268794579094
threshold,expanding,enet,x5,8,5,0.011755523689508274
threshold,expanding,enet,x6,8,5,0.0028548956701234807
threshold,expanding,rf,x1,8,5,-0.6740147934654643
threshold,expanding,rf,x2,8,5,-1.3598450570653957
threshold,expanding,rf,x3,8,5,-0.007514990932343757
threshold,expanding,rf,x4,8,5,0.0013390365866343401
threshold,expanding,rf,x5,8,5,-0.010420058018188072
threshold,expanding,rf,x6,8,5,-0.0013544773344581207
threshold,expanding,xgboost,x1,8,5,-0.704720233289821
threshold,expanding,xgboost,x2,8,5,-1.353351885812719
threshold,expanding,xgboost,x3,8,5,-0.07066084071427037
threshold,expanding,xgboost,x4,8,5,0.031442175929427385
threshold,expanding,xgboost,x5,8,5,-0.021618672710296022
threshold,expanding,xgboost,x6,8,5,0.0063751536605136105
threshold,expanding,enet,x1,8,6,0.015017649691941887
threshold,expanding,enet,x2,8,6,-0.5744297566825312
threshold,expanding,enet,x3,8,6,0.0010118513024806597
threshold,expanding,enet,x4,8,6,0.02204554254149374
threshold,expanding,enet,x5,8,6,0.011741174968263102
threshold,expanding,enet,x6,8,6,0.0028440911747235897
threshold,expanding,rf,x1,8,6,-0.675133834894811
threshold,expanding,rf,x2,8,6,-1.3596572650874323
threshold,expanding,rf,x3,8,6,-0.007487509128647596
threshold,expanding,rf,x4,8,6,0.002014530356217792
threshold,expanding,rf,x5,8,6,-0.010424416139804188
threshold,expanding,rf,x6,8,6,-0.0011218453347380808
threshold,expanding,xgboost,x1,8,6,-0.7079793260467062
threshold,expanding,xgboost,x2,8,6,-1.3493718398447756
threshold,expanding,xgboost,x3,8,6,-0.06893743958671913
threshold,expanding,xgboost,x4,8,6,0.030455449275598484
threshold,expanding,xgboost,x5,8,6,-0.023986179090999704
threshold,expanding,xgboost,x6,8,6,0.007285032356436932
threshold,expanding,enet,x1,8,7,0.015021315702745647
threshold,expanding,enet,x2,8,7,-0.5744010219513515
threshold,expanding,enet,x3,8,7,0.0009525220917243615
threshold,expanding,enet,x4,8,7,0.022024532626104182
threshold,expanding,enet,x5,8,7,0.01177028672092989
threshold,expanding,enet,x6,8,7,0.002862917806219084
threshold,expanding,rf,x1,8,7,-0.6748293333095479
threshold,expanding,rf,x2,8,7,-1.3601912608379507
threshold,expanding,rf,x3,8,7,-0.007283489123198622
threshold,expanding,rf,x4,8,7,0.0008119267259493468
threshold,expanding,rf,x5,8,7,-0.009694507107470829
threshold,expanding,rf,x6,8,7,-0.0006236765769968844
threshold,expanding,xgboost,x1,8,7,-0.7068087282783676
threshold,expanding,xgboost,x2,8,7,-1.3512222106687708
threshold,expanding,xgboost,x3,8,7,-0.07102453902789721
threshold,expanding,xgboost,x4,8,7,0.0320285468183342
threshold,expanding,xgboost,x5,8,7,-0.021604758975191735
threshold,expanding,xgboost,x6,8,7,0.006097387194728077
threshold,expanding,enet,x1,12,0,0.01503577051323766
threshold,expanding,enet,x2,12,0,-0.5744293076928636
threshold,expanding,enet,x3,12,0,0.000978520380602273
threshold,expanding,enet,x4,12,0,0.022027329947095275
threshold,expanding,enet,x5,12,0,0.011765686064585298
threshold,expanding,enet,x6,12,0,0.0028525537837149804
threshold,expanding,rf,x1,12,0,-0.674162463131358
threshold,expanding,rf,x2,12,0,-1.3602719157777943
threshold,expanding,rf,x3,12,0,-0.0077295048071982135
threshold,expanding,rf,x4,12,0,0.0005362613900656473
threshold,expanding,rf,x5,12,0,-0.009353540435746932
threshold,expanding,rf,x6,12,0,-0.0008291774671838059
threshold,expanding,xgboost,x1,12,0,-0.7045440067292095
threshold,expanding,xgboost,x2,12,0,-1.3523938314196915
threshold,expanding,xgboost,x3,12,0,-0.06876253567769759
threshold,expanding,xgboost,x4,12,0,0.02938456282026397
threshold,expanding,xgboost,x5,12,0,-0.022126512425831708
threshold,expanding,xgboost,x6,12,0,0.005908020495001017
threshold,expanding,enet,x1,12,1,0.015026319469127969
threshold,expanding,enet,x2,12,1,-0.5744324496107375
threshold,expanding,enet,x3,12,1,0.0009796054641931045
threshold,expanding,enet,x4,12,1,0.022056629955752433
threshold,expanding,enet,x5,12,1,0.01175217242522586
threshold,expanding,enet,x6,12,1,0.002848275292809862
threshold,expanding,rf,x1,12,1,-0.6741419395842799
threshold,expanding,rf,x2,12,1,-1.3602415217269084
threshold,expanding,rf,x3,12,1,-0.007801999042484502
threshold,expanding,rf,x4,12,1,0.0019908119562090563
threshold,expanding,rf,x5,12,1,-0.010498623796928694
threshold,expanding,rf,x6,12,1,-0.0011170680348230506
threshold,expanding,xgboost,x1,12,1,-0.7071047658459979
threshold,expanding,xgboost,x2,12,1,-1.3541837856306975
threshold,expanding,xgboost,x3,12,1,-0.06691852333835362
threshold,expanding,xgboost,x4,12,1,0.031747080307660824
threshold,expanding,xgboost,x5,12,1,-0.022737526120648072
threshold,expanding,xgboost,x6,12,1,0.006663217690871137
threshold,expanding,enet,x1,12,2,0.015010413316733992
threshold,expanding,enet,x2,12,2,-0.5744084457630976
threshold,expanding,enet,x3,12,2,0.0009724758380439957
threshold,expanding,enet,x4,12,2,0.022073137452599274
threshold,expanding,enet,x5,12,2,0.01175393005755108
threshold,expanding,enet,x6,12,2,0.00282904209454099
threshold,expanding,rf,x1,12,2,-0.6739271706627749
threshold,expanding,rf,x2,12,2,-1.3608128300802262
threshold,expanding,rf,x3,12,2,-0.0073269417248488415
threshold,expanding,rf,x4,12,2,0.0026546298743044447
threshold,expanding,rf,x5,12,2,-0.010856690340639
threshold,expanding,rf,x6,12,2,-0.0015413372950310682
threshold,expanding,xgboost,x1,12,2,-0.7101961911267235
threshold,expanding,xgboost,x2,12,2,-1.350701597251433
threshold,expanding,xgboost,x3,12,2,-0.06937562136936275
threshold,expanding,xgboost,x4,12,2,0.03461956650885312
threshold,expanding,xgboost,x5,12,2,-0.02323422685038719
threshold,expanding,xgboost,x6,12,2,0.0063537671518877166
threshold,expanding,enet,x1,12,3,0.015041255119359498
threshold,expanding,enet,x2,12,3,-0.5744571957045278
threshold,expanding,enet,x3,12,3,0.000980626318074514
threshold,expanding,enet,x4,12,3,0.02205068224642298
threshold,expanding,enet,x5,12,3,0.01177540456442877
threshold,expanding,enet,x6,12,3,0.002839780452613757
threshold,expanding,rf,x1,12,3,-0.6736107682870477
threshold,expanding,rf,x2,12,3,-1.3608389217736454
threshold,expanding,rf,x3,12,3,-0.00784032934707444
threshold,expanding,rf,x4,12,3,0.0016718473040907937
threshold,expanding,rf,x5,12,3,-0.00995328086299981
threshold,expanding,rf,x6,12,3,-0.0012388872625390124
threshold,expanding,xgboost,x1,12,3,-0.7047384625275313
threshold,expanding,xgboost,x2,12,3,-1.3559363215126528
threshold,expanding,xgboost,x3,12,3,-0.06841534332498335
threshold,expanding,xgboost,x4,12,3,0.03272850419341063
threshold,expanding,xgboost,x5,12,3,-0.02275859672875526
threshold,expanding,xgboost,x6,12,3,0.006585916963346539
threshold,expanding,enet,x1,12,4,0.015017189462847025
threshold,expanding,enet,x2,12,4,-0.5744152667696311
threshold,expanding,enet,x3,12,4,0.000995683768712452
threshold,expanding,enet,x4,12,4,0.022047061408673463
threshold,expanding,enet,x5,12,4,0.01175468720427462
threshold,expanding,enet,x6,12,4,0.0028311979214952396
threshold,expanding,rf,x1,12,4,-0.673007293368929
threshold,expanding,rf,x2,12,4,-1.3605794262253024
threshold,expanding,rf,x3,12,4,-0.007829363458896954
threshold,expanding,rf,x4,12,4,0.0012619405583822834
threshold,expanding,rf,x5,12,4,-0.010452171534665303
threshold,expanding,rf,x6,12,4,-0.0012040261998044384
threshold,expanding,xgboost,x1,12,4,-0.7089728162055852
threshold,expanding,xgboost,x2,12,4,-1.3492710538352986
threshold,expanding,xgboost,x3,12,4,-0.06801030654466293
threshold,expanding,xgboost,x4,12,4,0.030701865380330744
threshold,expanding,xgboost,x5,12,4,-0.023252228079206516
threshold,expanding,xgboost,x6,12,4,0.006270236347257115
threshold,expanding,enet,x1,12,5,0.015024259261101921
threshold,expanding,enet,x2,12,5,-0.5744292063499404
threshold,expanding,enet,x3,12,5,0.0009892451672328662
threshold,expanding,enet,x4,12,5,0.02204743706327596
threshold,expanding,enet,x5,12,5,0.011762359533436628
threshold,expanding,enet,x6,12,5,0.0028364583212646863
threshold,expanding,rf,x1,12,5,-0.6732317288173788
threshold,expanding,rf,x2,12,5,-1.3612467207935177
threshold,expanding,rf,x3,12,5,-0.008041324482789658
threshold,expanding,rf,x4,12,5,0.001391757930711594
threshold,expanding,rf,x5,12,5,-0.009884417406188358
threshold,expanding,rf,x6,12,5,-0.0007979066600525461
threshold,expanding,xgboost,x1,12,5,-0.7082381649186497
threshold,expanding,xgboost,x2,12,5,-1.3539663329306257
threshold,expanding,xgboost,x3,12,5,-0.06607659702860698
threshold,expanding,xgboost,x4,12,5,0.032392753284107643
threshold,expanding,xgboost,x5,12,5,-0.022543727383736927
threshold,expanding,xgboost,x6,12,5,0.005897766040346419
threshold,expanding,enet,x1,12,6,0.015038326110694888
threshold,expanding,enet,x2,12,6,-0.5744235321393913
threshold,expanding,enet,x3,12,6,0.0009660739080414501
threshold,expanding,enet,x4,12,6,0.022029682296168234
threshold,expanding,enet,x5,12,6,0.011780630995636143
threshold,expanding,enet,x6,12,6,0.0028393718252223885
threshold,expanding,rf,x1,12,6,-0.6736920734227457
threshold,expanding,rf,x2,12,6,-1.3597065888199034
threshold,expanding,rf,x3,12,6,-0.00735363721336633
threshold,expanding,rf,x4,12,6,0.0004161998421999269
threshold,expanding,rf,x5,12,6,-0.010116752409978447
threshold,expanding,rf,x6,12,6,-0.0013574882054217714
threshold,expanding,xgboost,x1,12,6,-0.7048142622664401
threshold,expanding,xgboost,x2,12,6,-1.3516131297927407
threshold,expanding,xgboost,x3,12,6,-0.06973651237821692
threshold,expanding,xgboost,x4,12,6,0.029158215857213527
threshold,expanding,xgboost,x5,12,6,-0.02203072427055534
threshold,expanding,xgboost,x6,12,6,0.006502109913574028
threshold,expanding,enet,x1,12,7,0.015032182208059908
threshold,expanding,enet,x2,12,7,-0.5744493345570209
threshold,expanding,enet,x3,12,7,0.0009754498859158948
threshold,expanding,enet,x4,12,7,0.022048837770754393
threshold,expanding,enet,x5,12,7,0.011774876930421138
threshold,expanding,enet,x6,12,7,0.0028485407582411284
threshold,expanding,rf,x1,12,7,-0.6738936901069418
threshold,expanding,rf,x2,12,7,-1.3601226327993607
threshold,expanding,rf,x3,12,7,-0.007826982840774951
threshold,expanding,rf,x4,12,7,0.001498317866103142
threshold,expanding,rf,x5,12,7,-0.010044991527116132
threshold,expanding,rf,x6,12,7,-0.0014203608211252143
threshold,expanding,xgboost,x1,12,7,-0.7052199104396144
threshold,expanding,xgboost,x2,12,7,-1.3540953211818787
threshold,expanding,xgboost,x3,12,7,-0.06769749656329015
threshold,expanding,xgboost,x4,12,7,0.030735720566991698
threshold,expanding,xgboost,x5,12,7,-0.022844947630713115
threshold,expanding,xgboost,x6,12,7,0.006587652311339361
threshold,expanding,enet,x1,18,0,0.015021743536114629
threshold,expanding,enet,x2,18,0,-0.5744522318290142
threshold,expanding,enet,x3,18,0,0.0009830018674254913
threshold,expanding,enet,x4,18,0,0.022061502493997423
threshold,expanding,enet,x5,18,0,0.011771831696313993
threshold,expanding,enet,x6,18,0,0.0028447052315343007
threshold,expanding,rf,x1,18,0,-0.6741901309248929
threshold,expanding,rf,x2,18,0,-1.3601380669720167
threshold,expanding,rf,x3,18,0,-0.00797698606731191
threshold,expanding,rf,x4,18,0,0.0021684126192748066
threshold,expanding,rf,x5,18,0,-0.010505502118462276
threshold,expanding,rf,x6,18,0,-0.0011680667658070644
threshold,expanding,xgboost,x1,18,0,-0.7073911368121073
threshold,expanding,xgboost,x2,18,0,-1.3547689657887179
threshold,expanding,xgboost,x3,18,0,-0.06748341208666996
threshold,expanding,xgboost,x4,18,0,0.0330835353158569
threshold,expanding,xgboost,x5,18,0,-0.022162704074842703
threshold,expanding,xgboost,x6,18,0,0.006188380509315694
threshold,expanding,enet,x1,18,1,0.015015313701799945
threshold,expanding,enet,x2,18,1,-0.5744357568138223
threshold,expanding,enet,x3,18,1,0.0009857564663641677
threshold,expanding,enet,x4,18,1,0.022042647974915484
threshold,expanding,enet,x5,18,1,0.011781350736513048
threshold,expanding,enet,x6,18,1,0.002841240930601353
threshold,expanding,rf,x1,18,1,-0.6744480630313394
threshold,expanding,rf,x2,18,1,-1.3600732197508034
threshold,expanding,rf,x3,18,1,-0.007680420021986138
threshold,expanding,rf,x4,18,1,0.0013863324165806306
threshold,expanding,rf,x5,18,1,-0.009670431823961965
threshold,expanding,rf,x6,18,1,-0.001324538017704972
threshold,expanding,xgboost,x1,18,1,-0.7088842634560945
threshold,expanding,xgboost,x2,18,1,-1.3490119398540819
threshold,expanding,xgboost,x3,18,1,-0.06943384026460887
threshold,expanding,xgboost,x4,18,1,0.03149554545601774
threshold,expanding,xgboost,x5,18,1,-0.02305215117962049
threshold,expanding,xgboost,x6,18,1,0.006352346361222481
threshold,expanding,enet,x1,18,2,0.015026767709683574
threshold,expanding,enet,x2,18,2,-0.5744351465862141
threshold,expanding,enet,x3,18,2,0.001012589025119791
threshold,expanding,enet,x4,18,2,0.022051004596258122
threshold,expanding,enet,x5,18,2,0.01174157076125869
threshold,expanding,enet,x6,18,2,0.0028337674902657348
threshold,expanding,rf,x1,18,2,-0.6734556172893315
threshold,expanding,rf,x2,18,2,-1.3601335710578704
threshold,expanding,rf,x3,18,2,-0.008298727057292225
threshold,expanding,rf,x4,18,2,0.0016899237082318565
threshold,expanding,rf,x5,18,2,-0.010622716705781472
threshold,expanding,rf,x6,18,2,-0.00098963182717197
threshold,expanding,xgboost,x1,18,2,-0.7069695771363226
threshold,expanding,xgboost,x2,18,2,-1.353406146806304
threshold,expanding,xgboost,x3,18,2,-0.06639811792432711
threshold,expanding,xgboost,x4,18,2,0.030550108180082167
threshold,expanding,xgboost,x5,18,2,-0.02327831585127322
threshold,expanding,xgboost,x6,18,2,0.006967746600979356
threshold,expanding,enet,x1,18,3,0.015033517572673004
threshold,expanding,enet,x2,18,3,-0.5744599863744776
threshold,expanding,enet,x3,18,3,0.0009816668245013543
threshold,expanding,enet,x4,18,3,0.02202406401260246
threshold,expanding,enet,x5,18,3,0.011794603306946693
threshold,expanding,enet,x6,18,3,0.0028566876541257346
threshold,expanding,rf,x1,18,3,-0.6738508203488193
threshold,expanding,rf,x2,18,3,-1.3599689328189182
threshold,expanding,rf,x3,18,3,-0.007748716968611531
threshold,expanding,rf,x4,18,3,8.59361726588897e-05
threshold,expanding,rf,x5,18,3,-0.00940098190780709
threshold,expanding,rf,x6,18,3,-0.0009268243577183539
threshold,expanding,xgboost,x1,18,3,-0.7064499455724459
threshold,expanding,xgboost,x2,18,3,-1.351118766617087
threshold,expanding,xgboost,x3,18,3,-0.06786139152570508
threshold,expanding,xgboost,x4,18,3,0.030618593898397124
threshold,expanding,xgboost,x5,18,3,-0.023622546233480406
threshold,expanding,xgboost,x6,18,3,0.005899753113156134
threshold,expanding,enet,x1,18,4,0.015018872303460896
threshold,expanding,enet,x2,18,4,-0.5744573576626206
threshold,expanding,enet,x3,18,4,0.0010089099795553712
threshold,expanding,enet,x4,18,4,0.02205250299971083
threshold,expanding,enet,x5,18,4,0.011760247791033364
threshold,expanding,enet,x6,18,4,0.0028473775852320754
threshold,expanding,rf,x1,18,4,-0.673850613841014
threshold,expanding,rf,x2,18,4,-1.3597336854951958
threshold,expanding,rf,x3,18,4,-0.008218220915022618
threshold,expanding,rf,x4,18,4,0.001378516530342945
threshold,expanding,rf,x5,18,4,-0.010158007089416091
threshold,expanding,rf,x6,18,4,-0.001228329418910021
threshold,expanding,xgboost,x1,18,4,-0.7085822078100628
threshold,expanding,xgboost,x2,18,4,-1.3526800158669035
threshold,expanding,xgboost,x3,18,4,-0.0663321106316959
threshold,expanding,xgboost,x4,18,4,0.031477624743562624
threshold,expanding,xgboost,x5,18,4,-0.022845838032126104
threshold,expanding,xgboost,x6,18,4,0.00642824466006025
threshold,expanding,enet,x1,18,5,0.015020038908734231
threshold,expanding,enet,x2,18,5,-0.5744079720557568
threshold,expanding,enet,x3,18,5,0.0009653338889044195
threshold,expanding,enet,x4,18,5,0.022043373836412243
threshold,expanding,enet,x5,18,5,0.011754001425179794
threshold,expanding,enet,x6,18,5,0.002855776992897827
threshold,expanding,rf,x1,18,5,-0.6744424088153378
threshold,expanding,rf,x2,18,5,-1.3599486748668177
threshold,expanding,rf,x3,18,5,-0.007353470446742764
threshold,expanding,rf,x4,18,5,0.0017465527087373218
threshold,expanding,rf,x5,18,5,-0.010362654082433
threshold,expanding,rf,x6,18,5,-0.0014496847266215597
threshold,expanding,xgboost,x1,18,5,-0.7072733065154595
threshold,expanding,xgboost,x2,18,5,-1.3522355799088297
threshold,expanding,xgboost,x3,18,5,-0.07061724623973503
threshold,expanding,xgboost,x4,18,5,0.03379962051989844
threshold,expanding,xgboost,x5,18,5,-0.023220409871078936
threshold,expanding,xgboost,x6,18,5,0.007012619078039184
threshold,expanding,enet,x1,18,6,0.015040037946107409
threshold,expanding,enet,x2,18,6,-0.5744477086212224
threshold,expanding,enet,x3,18,6,0.0009680516483650351
threshold,expanding,enet,x4,18,6,0.02202798372543149
threshold,expanding,enet,x5,18,6,0.011783693038944935
threshold,expanding,enet,x6,18,6,0.002858495258745276
threshold,expanding,rf,x1,18,6,-0.6730692193928844
threshold,expanding,rf,x2,18,6,-1.3604898010780297
threshold,expanding,rf,x3,18,6,-0.007727993894887307
threshold,expanding,rf,x4,18,6,0.0006044904090013952
threshold,expanding,rf,x5,18,6,-0.009831267529205009
threshold,expanding,rf,x6,18,6,-0.0012965487432108223
threshold,expanding,xgboost,x1,18,6,-0.7054155849004329
threshold,expanding,xgboost,x2,18,6,-1.3529957920608977
threshold,expanding,xgboost,x3,18,6,-0.069289312608531
threshold,expanding,xgboost,x4,18,6,0.03106997717438827
threshold,expanding,xgboost,x5,18,6,-0.023078720539320204
threshold,expanding,xgboost,x6,18,6,0.007175129997628186
threshold,expanding,enet,x1,18,7,0.015045963514823964
threshold,expanding,enet,x2,18,7,-0.574459738806716
threshold,expanding,enet,x3,18,7,0.0010117812339163449
threshold,expanding,enet,x4,18,7,0.02203445409339824
threshold,expanding,enet,x5,18,7,0.011756800953537039
threshold,expanding,enet,x6,18,7,0.0028412920074121465
threshold,expanding,rf,x1,18,7,-0.6728719011484515
threshold,expanding,rf,x2,18,7,-1.3601244856206716
threshold,expanding,rf,x3,18,7,-0.008266354188550214
threshold,expanding,rf,x4,18,7,0.0003302845900483082
threshold,expanding,rf,x5,18,7,-0.01006569006466477
threshold,expanding,rf,x6,18,7,-0.0008121937969256162
threshold,expanding,xgboost,x1,18,7,-0.7037360831257631
threshold,expanding,xgboost,x2,18,7,-1.3550405533065968
threshold,expanding,xgboost,x3,18,7,-0.06641539667290826
threshold,expanding,xgboost,x4,18,7,0.029408306869838592
threshold,expanding,xgboost,x5,18,7,-0.022669536932640327
threshold,expanding,xgboost,x6,18,7,0.005918960230904584
threshold,expanding,enet,x1,30,0,0.015033447410972322
threshold,expanding,enet,x2,30,0,-0.5744547448794177
threshold,expanding,enet,x3,30,0,0.0010057566316986474
threshold,expanding,enet,x4,30,0,0.022032061371703417
threshold,expanding,enet,x5,30,0,0.01176324895056564
threshold,expanding,enet,x6,30,0,0.002850783510849353
threshold,expanding,rf,x1,30,0,-0.673302531413997
threshold,expanding,rf,x2,30,0,-1.3600776876212268
threshold,expanding,rf,x3,30,0,-0.008245244619595393
threshold,expanding,rf,x4,30,0,0.00046806694580868354
threshold,expanding,rf,x5,30,0,-0.009716971654508326
threshold,expanding,rf,x6,30,0,-0.0009359718656968052
threshold,expanding,xgboost,x1,30,0,-0.7064410300972404
threshold,expanding,xgboost,x2,30,0,-1.353706001295044
threshold,expanding,xgboost,x3,30,0,-0.06709429232863613
threshold,expanding,xgboost,x4,30,0,0.030175423822962323
threshold,expanding,xgboost,x5,30,0,-0.022351082640243696
threshold,expanding,xgboost,x6,30,0,0.0068826796010368115
threshold,expanding,enet,x1,30,1,0.015036503060828746
threshold,expanding,enet,x2,30,1,-0.5744407023086375
threshold,expanding,enet,x3,30,1,0.0009905667891924042
threshold,expanding,enet,x4,30,1,0.022034142804444816
threshold,expanding,enet,x5,30,1,0.011764314741847153
threshold,expanding,enet,x6,30,1,0.0028457279086961424
threshold,expanding,rf,x1,30,1,-0.6734113113245866
threshold,expanding,rf,x2,30,1,-1.3606672133326583
threshold,expanding,rf,x3,30,1,-0.007737437303507422
threshold,expanding,rf,x4,30,1,0.0009523959670350765
threshold,expanding,rf,x5,30,1,-0.009991638623933648
threshold,expanding,rf,x6,30,1,-0.0009551356115642247
threshold,expanding,xgboost,x1,30,1,-0.7056527230236705
threshold,expanding,xgboost,x2,30,1,-1.3524335682885176
threshold,expanding,xgboost,x3,30,1,-0.0683411610844114
threshold,expanding,xgboost,x4,30,1,0.030565537929665647
threshold,expanding,xgboost,x5,30,1,-0.02263836584569529
threshold,expanding,xgboost,x6,30,1,0.005965977375464264
threshold,expanding,enet,x1,30,2,0.015032068903245866
threshold,expanding,enet,x2,30,2,-0.5744598896822364
threshold,expanding,enet,x3,30,2,0.0009817734699178497
threshold,expanding,enet,x4,30,2,0.022039110119426615
threshold,expanding,enet,x5,30,2,0.011781893942103043
threshold,expanding,enet,x6,30,2,0.002855596243914678
threshold,expanding,rf,x1,30,2,-0.6738951091449636
threshold,expanding,rf,x2,30,2,-1.3607655962202905
threshold,expanding,rf,x3,30,2,-0.007862548366423949
threshold,expanding,rf,x4,30,2,0.0016612173531154702
threshold,expanding,rf,x5,30,2,-0.009771412793312824
threshold,expanding,rf,x6,30,2,-0.0011768910573400164
threshold,expanding,xgboost,x1,30,2,-0.706466439070054
threshold,expanding,xgboost,x2,30,2,-1.354632419897653
threshold,expanding,xgboost,x3,30,2,-0.06719854005044408
threshold,expanding,xgboost,x4,30,2,0.03220306530759411
threshold,expanding,xgboost,x5,30,2,-0.022746434049152428
threshold,expanding,xgboost,x6,30,2,0.006306464822544244
threshold,expanding,enet,x1,30,3,0.015013624083558079
threshold,expanding,enet,x2,30,3,-0.5744117048880106
threshold,expanding,enet,x3,30,3,0.0009897597157339918
threshold,expanding,enet,x4,30,3,0.0220375832107542
threshold,expanding,enet,x5,30,3,0.011756432833294498
threshold,expanding,enet,x6,30,3,0.002844858041041687
threshold,expanding,rf,x1,30,3,-0.6750959378562535
threshold,expanding,rf,x2,30,3,-1.3591368092418061
threshold,expanding,rf,x3,30,3,-0.007923722540218522
threshold,expanding,rf,x4,30,3,0.001062808782584505
threshold,expanding,rf,x5,30,3,-0.009779194001565765
threshold,expanding,rf,x6,30,3,-0.0009374853719563629
threshold,expanding,xgboost,x1,30,3,-0.7083223128389117
threshold,expanding,xgboost,x2,30,3,-1.3510567635369342
threshold,expanding,xgboost,x3,30,3,-0.06709632146792167
threshold,expanding,xgboost,x4,30,3,0.030372437036417285
threshold,expanding,xgboost,x5,30,3,-0.02245553689006339
threshold,expanding,xgboost,x6,30,3,0.006024194760248188
threshold,expanding,enet,x1,30,4,0.015036862697641899
threshold,expanding,enet,x2,30,4,-0.574445854281434
threshold,expanding,enet,x3,30,4,0.0009729592935867245
threshold,expanding,enet,x4,30,4,0.022036569792158824
threshold,expanding,enet,x5,30,4,0.011775536353911412
threshold,expanding,enet,x6,30,4,0.0028544791405070344
threshold,expanding,rf,x1,30,4,-0.6735209124848816
threshold,expanding,rf,x2,30,4,-1.3609716777384788
threshold,expanding,rf,x3,30,4,-0.007764932984986965
threshold,expanding,rf,x4,30,4,0.0011497234409065804
threshold,expanding,rf,x5,30,4,-0.009674877508274293
threshold,expanding,rf,x6,30,4,-0.0010276629535004745
threshold,expanding,xgboost,x1,30,4,-0.704929948969035
threshold,expanding,xgboost,x2,30,4,-1.353999800296412
threshold,expanding,xgboost,x3,30,4,-0.06824604509611087
threshold,expanding,xgboost,x4,30,4,0.030085181729683042
threshold,expanding,xgboost,x5,30,4,-0.022040129338562156
threshold,expanding,xgboost,x6,30,4,0.0065964390332719095
threshold,expanding,enet,x1,30,5,0.015029761558613056
threshold,expanding,enet,x2,30,5,-0.5744270113679619
threshold,expanding,enet,x3,30,5,0.0009816386764038398
threshold,expanding,enet,x4,30,5,0.02202695190649928
threshold,expanding,enet,x5,30,5,0.011775485240475907
threshold,expanding,enet,x6,30,5,0.0028437269823414547
threshold,expanding,rf,x1,30,5,-0.6741207257033714
threshold,expanding,rf,x2,30,5,-1.3595275462982281
threshold,expanding,rf,x3,30,5,-0.0077775963723439945
threshold,expanding,rf,x4,30,5,0.00036253714589116933
threshold,expanding,rf,x5,30,5,-0.009823283694667643
threshold,expanding,rf,x6,30,5,-0.0009237253064953525
threshold,expanding,xgboost,x1,30,5,-0.7058098872031847
threshold,expanding,xgboost,x2,30,5,-1.3499203523631895
threshold,expanding,xgboost,x3,30,5,-0.06860958421183308
threshold,expanding,xgboost,x4,30,5,0.02913567551564688
threshold,expanding,xgboost,x5,30,5,-0.02298817116294293
threshold,expanding,xgboost,x6,30,5,0.005658016488338502
threshold,expanding,enet,x1,30,6,0.015025729981176683
threshold,expanding,enet,x2,30,6,-0.5744298529620798
threshold,expanding,enet,x3,30,6,0.0009775034735362083
threshold,expanding,enet,x4,30,6,0.022037430570791498
threshold,expanding,enet,x5,30,6,0.011770534656500154
threshold,expanding,enet,x6,30,6,0.002849207276447026
threshold,expanding,rf,x1,30,6,-0.6743460070095985
threshold,expanding,rf,x2,30,6,-1.3601553293479134
threshold,expanding,rf,x3,30,6,-0.0077071477097353435
threshold,expanding,rf,x4,30,6,0.0010613612061047975
threshold,expanding,rf,x5,30,6,-0.009815095632916123
threshold,expanding,rf,x6,30,6,-0.0008481217351568926
threshold,expanding,xgboost,x1,30,6,-0.7066657066131844
threshold,expanding,xgboost,x2,30,6,-1.3522066708647487
threshold,expanding,xgboost,x3,30,6,-0.06816278449951971
threshold,expanding,xgboost,x4,30,6,0.03171992083671541
threshold,expanding,xgboost,x5,30,6,-0.023173603242500174
threshold,expanding,xgboost,x6,30,6,0.005954541446072474
threshold,expanding,enet,x1,30,7,0.015018383615654456
threshold,expanding,enet,x2,30,7,-0.5744410961657157
threshold,expanding,enet,x3,30,7,0.0009749892884225083
threshold,expanding,enet,x4,30,7,0.022045115495543978
threshold,expanding,enet,x5,30,7,0.011766161227103418
threshold,expanding,enet,x6,30,7,0.00286699953536295
threshold,expanding,rf,x1,30,7,-0.6741063319094442
threshold,expanding,rf,x2,30,7,-1.3599598023494808
threshold,expanding,rf,x3,30,7,-0.00755330998006584
threshold,expanding,rf,x4,30,7,0.0013596114430926675
threshold,expanding,rf,x5,30,7,-0.010553650747097798
threshold,expanding,rf,x6,30,7,-0.0009968566862192274
threshold,expanding,xgboost,x1,30,7,-0.7081689185167392
threshold,expanding,xgboost,x2,30,7,-1.3513724389520017
threshold,expanding,xgboost,x3,30,7,-0.0693555218437625
threshold,expanding,xgboost,x4,30,7,0.031974493405312415
threshold,expanding,xgboost,x5,30,7,-0.02276597348226459
threshold,expanding,xgboost,x6,30,7,0.007154056452291087
threshold,expanding,enet,x1,40,0,0.015022416479065114
threshold,expanding,enet,x2,40,0,-0.5744434575932915
threshold,expanding,enet,x3,40,0,0.0009885151804662207
threshold,expanding,enet,x4,40,0,0.022046379358130436
threshold,expanding,enet,x5,40,0,0.01177084623100692
threshold,expanding,enet,x6,40,0,0.002845853340994647
threshold,expanding,rf,x1,40,0,-0.6743843017289819
threshold,expanding,rf,x2,40,0,-1.3602476622322197
threshold,expanding,rf,x3,40,0,-0.00818742406632753
threshold,expanding,rf,x4,40,0,0.0013506396065640137
threshold,expanding,rf,x5,40,0,-0.00961182438861356
threshold,expanding,rf,x6,40,0,-0.0007297674196369674
threshold,expanding,xgboost,x1,40,0,-0.7072524331558142
threshold,expanding,xgboost,x2,40,0,-1.3534598895528958
threshold,expanding,xgboost,x3,40,0,-0.06627426634033029
threshold,expanding,xgboost,x4,40,0,0.031146197065154774
threshold,expanding,xgboost,x5,40,0,-0.02310952475414834
threshold,expanding,xgboost,x6,40,0,0.006415613800868675
threshold,expanding,enet,x1,40,1,0.015028520031443792
threshold,expanding,enet,x2,40,1,-0.5744150909996357
threshold,expanding,enet,x3,40,1,0.0009883751021276977
threshold,expanding,enet,x4,40,1,0.022027300608330892
threshold,expanding,enet,x5,40,1,0.011761157547635065
threshold,expanding,enet,x6,40,1,0.0028402907064700666
threshold,expanding,rf,x1,40,1,-0.6736352620962469
threshold,expanding,rf,x2,40,1,-1.359840389992484
threshold,expanding,rf,x3,40,1,-0.008005136634572085
threshold,expanding,rf,x4,40,1,0.0005511506089039775
threshold,expanding,rf,x5,40,1,-0.009793515644004231
threshold,expanding,rf,x6,40,1,-0.0010871864708124845
threshold,expanding,xgboost,x1,40,1,-0.7066406233850617
threshold,expanding,xgboost,x2,40,1,-1.3518408530892116
threshold,expanding,xgboost,x3,40,1,-0.06714293048535766
threshold,expanding,xgboost,x4,40,1,0.02947585328569079
threshold,expanding,xgboost,x5,40,1,-0.022590945650054588
threshold,expanding,xgboost,x6,40,1,0.006205196386829537
threshold,expanding,enet,x1,40,2,0.015032992249952137
threshold,expanding,enet,x2,40,2,-0.5744558238547931
threshold,expanding,enet,x3,40,2,0.000992020433904567
threshold,expanding,enet,x4,40,2,0.022039140044253856
threshold,expanding,enet,x5,40,2,0.01177640387631947
threshold,expanding,enet,x6,40,2,0.002845820246734837
threshold,expanding,rf,x1,40,2,-0.6741820721705241
threshold,expanding,rf,x2,40,2,-1.3603031538103671
threshold,expanding,rf,x3,40,2,-0.007901914918195497
threshold,expanding,rf,x4,40,2,0.0014039987092679175
threshold,expanding,rf,x5,40,2,-0.009862424037015344
threshold,expanding,rf,x6,40,2,-0.0009647740023814688
threshold,expanding,xgboost,x1,40,2,-0.7057272913534419
threshold,expanding,xgboost,x2,40,2,-1.3540884757831937
threshold,expanding,xgboost,x3,40,2,-0.06758796529264557
threshold,expanding,xgboost,x4,40,2,0.03074616789205272
threshold,expanding,xgboost,x5,40,2,-0.02243191114059224
threshold,expanding,xgboost,x6,40,2,0.00655517274065523
threshold,expanding,enet,x1,40,3,0.015019507973224839
threshold,expanding,enet,x2,40,3,-0.5744123578948882
threshold,expanding,enet,x3,40,3,0.0009759700890023704
threshold,expanding,enet,x4,40,3,0.022042993773100032
threshold,expanding,enet,x5,40,3,0.011759641887132221
threshold,expanding,enet,x6,40,3,0.0028447971688004502
threshold,expanding,rf,x1,40,3,-0.6745892898761816
threshold,expanding,rf,x2,40,3,-1.3590360848939138
threshold,expanding,rf,x3,40,3,-0.008063187233871134
threshold,expanding,rf,x4,40,3,0.001132297814755212
threshold,expanding,rf,x5,40,3,-0.01039483287179056
threshold,expanding,rf,x6,40,3,-0.0008592431682136359
threshold,expanding,xgboost,x1,40,3,-0.707881546813866
threshold,expanding,xgboost,x2,40,3,-1.3523516484132077
threshold,expanding,xgboost,x3,40,3,-0.06644311187266841
threshold,expanding,xgboost,x4,40,3,0.031022370745380314
threshold,expanding,xgboost,x5,40,3,-0.02325504230477319
threshold,expanding,xgboost,x6,40,3,0.006374675721969814
threshold,expanding,enet,x1,40,4,0.015023754764834635
threshold,expanding,enet,x2,40,4,-0.5744505320055973
threshold,expanding,enet,x3,40,4,0.000980159339730119
threshold,expanding,enet,x4,40,4,0.022057331674862256
threshold,expanding,enet,x5,40,4,0.011766237218167297
threshold,expanding,enet,x6,40,4,0.0028536020043747334
threshold,expanding,rf,x1,40,4,-0.6744462580675282
threshold,expanding,rf,x2,40,4,-1.3604725497980696
threshold,expanding,rf,x3,40,4,-0.007771911773632273
threshold,expanding,rf,x4,40,4,0.0017605625389799484
threshold,expanding,rf,x5,40,4,-0.009863623063210859
threshold,expanding,rf,x6,40,4,-0.0010165600657544628
threshold,expanding,xgboost,x1,40,4,-0.7069867726603796
threshold,expanding,xgboost,x2,40,4,-1.354090971557934
threshold,expanding,xgboost,x3,40,4,-0.06824214554309031
threshold,expanding,xgboost,x4,40,4,0.032616213997845235
threshold,expanding,xgboost,x5,40,4,-0.022562518092766985
threshold,expanding,xgboost,x6,40,4,0.006731890919160199
threshold,expanding,enet,x1,40,5,0.015023515524895842
threshold,expanding,enet,x2,40,5,-0.5744333813227908
threshold,expanding,enet,x3,40,5,0.0009742924789882757
threshold,expanding,enet,x4,40,5,0.022047529316470738
threshold,expanding,enet,x5,40,5,0.011772968306695353
threshold,expanding,enet,x6,40,5,0.0028456286921123173
threshold,expanding,rf,x1,40,5,-0.6742526286132341
threshold,expanding,rf,x2,40,5,-1.3603325922464538
threshold,expanding,rf,x3,40,5,-0.0074741610833837565
threshold,expanding,rf,x4,40,5,0.0015457403292016725
threshold,expanding,rf,x5,40,5,-0.01008380490453727
threshold,expanding,rf,x6,40,5,-0.0012128937108085269
threshold,expanding,xgboost,x1,40,5,-0.7068676822552397
threshold,expanding,xgboost,x2,40,5,-1.3520045290270164
threshold,expanding,xgboost,x3,40,5,-0.06960460990525974
threshold,expanding,xgboost,x4,40,5,0.03301011015929285
threshold,expanding,xgboost,x5,40,5,-0.02319119522463754
threshold,expanding,xgboost,x6,40,5,0.0061236033156951974
threshold,expanding,enet,x1,40,6,0.015021246949937755
threshold,expanding,enet,x2,40,6,-0.5744323911626863
threshold,expanding,enet,x3,40,6,0.000986640422974938
threshold,expanding,enet,x4,40,6,0.022046866172224615
threshold,expanding,enet,x5,40,6,0.01175924720181048
threshold,expanding,enet,x6,40,6,0.0028489434121102496
threshold,expanding,rf,x1,40,6,-0.6740259438834502
threshold,expanding,rf,x2,40,6,-1.3604076347521472
threshold,expanding,rf,x3,40,6,-0.007794394298332058
threshold,expanding,rf,x4,40,6,0.0015690775337080741
threshold,expanding,rf,x5,40,6,-0.010123337628508334
threshold,expanding,rf,x6,40,6,-0.0010281072004858006
threshold,expanding,xgboost,x1,40,6,-0.7071819732405531
threshold,expanding,xgboost,x2,40,6,-1.3516721524143467
threshold,expanding,xgboost,x3,40,6,-0.06752783970985068
threshold,expanding,xgboost,x4,40,6,0.03014365922591768
threshold,expanding,xgboost,x5,40,6,-0.02302097104966665
threshold,expanding,xgboost,x6,40,6,0.006724974251334293
threshold,expanding,enet,x1,40,7,0.01502740426796434
threshold,expanding,enet,x2,40,7,-0.5744187991074619
threshold,expanding,enet,x3,40,7,0.000978201560803149
threshold,expanding,enet,x4,40,7,0.022036489865005497
threshold,expanding,enet,x5,40,7,0.01176374985248318
threshold,expanding,enet,x6,40,7,0.0028435065575773853
threshold,expanding,rf,x1,40,7,-0.6737900329340355
threshold,expanding,rf,x2,40,7,-1.359689006124818
threshold,expanding,rf,x3,40,7,-0.007599460952634385
threshold,expanding,rf,x4,40,7,0.0007464683877185074
threshold,expanding,rf,x5,40,7,-0.010060104097611405
threshold,expanding,rf,x6,40,7,-0.001418204507834936
threshold,expanding,xgboost,x1,40,7,-0.7063655509714754
threshold,expanding,xgboost,x2,40,7,-1.350467894453619
threshold,expanding,xgboost,x3,40,7,-0.06969556005954658
threshold,expanding,xgboost,x4,40,7,0.030329195326371527
threshold,expanding,xgboost,x5,40,7,-0.022642976706702678
threshold,expanding,xgboost,x6,40,7,0.006308483927806918
threshold,expanding,enet,x1,60,0,0.015027972781897166
threshold,expanding,enet,x2,60,0,-0.5744384348958097
threshold,expanding,enet,x3,60,0,0.0009896395108342283
threshold,expanding,enet,x4,60,0,0.022036999343782965
threshold,expanding,enet,x5,60,0,0.011767238866438538
threshold,expanding,enet,x6,60,0,0.0028471373892287044
threshold,expanding,rf,x1,60,0,-0.6734671296421151
threshold,expanding,rf,x2,60,0,-1.359933261481826
threshold,expanding,rf,x3,60,0,-0.0077787363935037344
threshold,expanding,rf,x4,60,0,0.0009840158031113897
threshold,expanding,rf,x5,60,0,-0.010458019823739388
threshold,expanding,rf,x6,60,0,-0.0011572086911424491
threshold,expanding,xgboost,x1,60,0,-0.7072814816632377
threshold,expanding,xgboost,x2,60,0,-1.3526591223979574
threshold,expanding,xgboost,x3,60,0,-0.06813560494768454
threshold,expanding,xgboost,x4,60,0,0.03224155027551814
threshold,expanding,xgboost,x5,60,0,-0.02317804286770535
threshold,expanding,xgboost,x6,60,0,0.0064783986639016964
threshold,expanding,enet,x1,60,1,0.015033711340202276
threshold,expanding,enet,x2,60,1,-0.5744407236016009
threshold,expanding,enet,x3,60,1,0.000989101299844608
threshold,expanding,enet,x4,60,1,0.022033440207675985
threshold,expanding,enet,x5,60,1,0.011768077665698037
threshold,expanding,enet,x6,60,1,0.0028469460845516603
threshold,expanding,rf,x1,60,1,-0.6737339423069445
threshold,expanding,rf,x2,60,1,-1.359605365005919
threshold,expanding,rf,x3,60,1,-0.007872561203820062
threshold,expanding,rf,x4,60,1,0.0009521212187522147
threshold,expanding,rf,x5,60,1,-0.010518007491993794
threshold,expanding,rf,x6,60,1,-0.0010325854392908673
threshold,expanding,xgboost,x1,60,1,-0.7056953504739346
threshold,expanding,xgboost,x2,60,1,-1.3529779446468433
threshold,expanding,xgboost,x3,60,1,-0.067559068383971
threshold,expanding,xgboost,x4,60,1,0.0302563611469194
threshold,expanding,xgboost,x5,60,1,-0.022900433572886937
threshold,expanding,xgboost,x6,60,1,0.006342132993551405
threshold,expanding,enet,x1,60,2,0.015029792570043372
threshold,expanding,enet,x2,60,2,-0.5744344063445598
threshold,expanding,enet,x3,60,2,0.0009899316733185263
threshold,expanding,enet,x4,60,2,0.022032778583088816
threshold,expanding,enet,x5,60,2,0.011767947136706739
threshold,expanding,enet,x6,60,2,0.0028445093777740996
threshold,expanding,rf,x1,60,2,-0.6738708015312593
threshold,expanding,rf,x2,60,2,-1.3600858765818542
threshold,expanding,rf,x3,60,2,-0.00780937844777387
threshold,expanding,rf,x4,60,2,0.0006251844269192526
threshold,expanding,rf,x5,60,2,-0.009814841923844046
threshold,expanding,rf,x6,60,2,-0.0008546261714033017
threshold,expanding,xgboost,x1,60,2,-0.7064080671152048
threshold,expanding,xgboost,x2,60,2,-1.3515705799964985
threshold,expanding,xgboost,x3,60,2,-0.06791919965763862
threshold,expanding,xgboost,x4,60,2,0.029752863989701527
threshold,expanding,xgboost,x5,60,2,-0.02266568755426196
threshold,expanding,xgboost,x6,60,2,0.0062763673967369225
threshold,expanding,enet,x1,60,3,0.015024487732132729
threshold,expanding,enet,x2,60,3,-0.5744386999130913
threshold,expanding,enet,x3,60,3,0.000987342143052994
threshold,expanding,enet,x4,60,3,0.02204470482076439
threshold,expanding,enet,x5,60,3,0.01177114882521501
threshold,expanding,enet,x6,60,3,0.002841569388297838
threshold,expanding,rf,x1,60,3,-0.6740984224656972
threshold,expanding,rf,x2,60,3,-1.3601651075852244
threshold,expanding,rf,x3,60,3,-0.008067800331568172
threshold,expanding,rf,x4,60,3,0.0011291374410947483
threshold,expanding,rf,x5,60,3,-0.009684048792133209
threshold,expanding,rf,x6,60,3,-0.0009240984956878011
threshold,expanding,xgboost,x1,60,3,-0.7072169563653604
threshold,expanding,xgboost,x2,60,3,-1.3534599544119872
threshold,expanding,xgboost,x3,60,3,-0.0668068695556324
threshold,expanding,xgboost,x4,60,3,0.031514443840644654
threshold,expanding,xgboost,x5,60,3,-0.022929030603383818
threshold,expanding,xgboost,x6,60,3,0.006364064158553928
threshold,expanding,enet,x1,60,4,0.015036144146132083
threshold,expanding,enet,x2,60,4,-0.5744274065556126
threshold,expanding,enet,x3,60,4,0.0009884341089291852
threshold,expanding,enet,x4,60,4,0.0220317466883211
threshold,expanding,enet,x5,60,4,0.011760230017919518
threshold,expanding,enet,x6,60,4,0.002841404590682517
threshold,expanding,rf,x1,60,4,-0.6731688144724941
threshold,expanding,rf,x2,60,4,-1.3596974992126747
threshold,expanding,rf,x3,60,4,-0.007970231317740417
threshold,expanding,rf,x4,60,4,0.0005243329253470079
threshold,expanding,rf,x5,60,4,-0.010231936172286212
threshold,expanding,rf,x6,60,4,-0.001266191979367152
threshold,expanding,xgboost,x1,60,4,-0.705935650520641
threshold,expanding,xgboost,x2,60,4,-1.352842572758126
threshold,expanding,xgboost,x3,60,4,-0.06773401472022592
threshold,expanding,xgboost,x4,60,4,0.029948773994213054
threshold,expanding,xgboost,x5,60,4,-0.022418475512531108
threshold,expanding,xgboost,x6,60,4,0.006447636580145685
threshold,expanding,enet,x1,60,5,0.015020799880924389
threshold,expanding,enet,x2,60,5,-0.5744286243167795
threshold,expanding,enet,x3,60,5,0.0009733418946853978
threshold,expanding,enet,x4,60,5,0.02204408090473135
threshold,expanding,enet,x5,60,5,0.011764568826093998
threshold,expanding,enet,x6,60,5,0.0028563858067162293
threshold,expanding,rf,x1,60,5,-0.6745034078067472
threshold,expanding,rf,x2,60,5,-1.3599889471447928
threshold,expanding,rf,x3,60,5,-0.0076773327796717675
threshold,expanding,rf,x4,60,5,0.0015386933866201823
threshold,expanding,rf,x5,60,5,-0.010026156488297907
threshold,expanding,rf,x6,60,5,-0.0011531893963260265
threshold,expanding,xgboost,x1,60,5,-0.7077107125866717
threshold,expanding,xgboost,x2,60,5,-1.3525993731949062
threshold,expanding,xgboost,x3,60,5,-0.06806462373486709
threshold,expanding,xgboost,x4,60,5,0.032335491029854294
threshold,expanding,xgboost,x5,60,5,-0.02302526283304517
threshold,expanding,xgboost,x6,60,5,0.006530178382470938
threshold,expanding,enet,x1,60,6,0.01502849413585755
threshold,expanding,enet,x2,60,6,-0.5744484785903615
threshold,expanding,enet,x3,60,6,0.0009838734545694135
threshold,expanding,enet,x4,60,6,0.0220455558853756
threshold,expanding,enet,x5,60,6,0.011769335898145694
threshold,expanding,enet,x6,60,6,0.0028517722127849904
threshold,expanding,rf,x1,60,6,-0.6737276478126117
threshold,expanding,rf,x2,60,6,-1.3600227386606885
threshold,expanding,rf,x3,60,6,-0.007928375748449797
threshold,expanding,rf,x4,60,6,0.0014718761858294016
threshold,expanding,rf,x5,60,6,-0.010475190236785288
threshold,expanding,rf,x6,60,6,-0.0011282639565099266
threshold,expanding,xgboost,x1,60,6,-0.7067392390177426
threshold,expanding,xgboost,x2,60,6,-1.3535266118688536
threshold,expanding,xgboost,x3,60,6,-0.06696490096346051
threshold,expanding,xgboost,x4,60,6,0.030850881778150333
threshold,expanding,xgboost,x5,60,6,-0.023037452769796372
threshold,expanding,xgboost,x6,60,6,0.006883019904537243
threshold,expanding,enet,x1,60,7,0.015023093471811173
threshold,expanding,enet,x2,60,7,-0.5744283754068297
threshold,expanding,enet,x3,60,7,0.00098169005133657
threshold,expanding,enet,x4,60,7,0.022041676390726246
threshold,expanding,enet,x5,60,7,0.011766050143913838
threshold,expanding,enet,x6,60,7,0.0028464183454135522
threshold,expanding,rf,x1,60,7,-0.6744038528850098
threshold,expanding,rf,x2,60,7,-1.3599402701543821
threshold,expanding,rf,x3,60,7,-0.007696766317398492
threshold,expanding,rf,x4,60,7,0.0014060155618609146
threshold,expanding,rf,x5,60,7,-0.010162680177127122
threshold,expanding,rf,x6,60,7,-0.0010127862571590411
threshold,expanding,xgboost,x1,60,7,-0.7068776055222465
threshold,expanding,xgboost,x2,60,7,-1.3529012639385642
threshold,expanding,xgboost,x3,60,7,-0.0683866952241854
threshold,expanding,xgboost,x4,60,7,0.03182415122726034
threshold,expanding,xgboost,x5,60,7,-0.02264106573159326
threshold,expanding,xgboost,x6,60,7,0.0064481762521639875
threshold,expanding,enet,x1,80,0,0.015022510386338516
threshold,expanding,enet,x2,80,0,-0.5744320966767382
threshold,expanding,enet,x3,80,0,0.000979891934953983
threshold,expanding,enet,x4,80,0,0.022044973987168384
threshold,expanding,enet,x5,80,0,0.011765787051646178
threshold,expanding,enet,x6,80,0,0.0028494863130028884
threshold,expanding,rf,x1,80,0,-0.6740679603560673
threshold,expanding,rf,x2,80,0,-1.3602411430854917
threshold,expanding,rf,x3,80,0,-0.007713097450133108
threshold,expanding,rf,x4,80,0,0.0016263651207011481
threshold,expanding,rf,x5,80,0,-0.01026203245616398
threshold,expanding,rf,x6,80,0,-0.0011524720020604146
threshold,expanding,xgboost,x1,80,0,-0.7072409274130346
threshold,expanding,xgboost,x2,80,0,-1.352361652321661
threshold,expanding,xgboost,x3,80,0,-0.068305555686647
threshold,expanding,xgboost,x4,80,0,0.031472431183173145
threshold,expanding,xgboost,x5,80,0,-0.02279863168568982
threshold,expanding,xgboost,x6,80,0,0.006700032986693907
threshold,expanding,enet,x1,80,1,0.01502825220174982
threshold,expanding,enet,x2,80,1,-0.5744472224552647
threshold,expanding,enet,x3,80,1,0.0009924193970259842
threshold,expanding,enet,x4,80,1,0.02204210325926526
threshold,expanding,enet,x5,80,1,0.011767151092988083
threshold,expanding,enet,x6,80,1,0.0028478495006072913
threshold,expanding,rf,x1,80,1,-0.6737255037392695
threshold,expanding,rf,x2,80,1,-1.3605900482713582
threshold,expanding,rf,x3,80,1,-0.007904927732128855
threshold,expanding,rf,x4,80,1,0.0012061116196820654
threshold,expanding,rf,x5,80,1,-0.009860517730381782
threshold,expanding,rf,x6,80,1,-0.0009354543757590205
threshold,expanding,xgboost,x1,80,1,-0.7070859029264218
threshold,expanding,xgboost,x2,80,1,-1.352710650201864
threshold,expanding,xgboost,x3,80,1,-0.06778970606014909
threshold,expanding,xgboost,x4,80,1,0.030790850094995735
threshold,expanding,xgboost,x5,80,1,-0.022541524303685896
threshold,expanding,xgboost,x6,80,1,0.006802630459959535
threshold,expanding,enet,x1,80,2,0.015027087154558447
threshold,expanding,enet,x2,80,2,-0.574429488599541
threshold,expanding,enet,x3,80,2,0.0009795585855527562
threshold,expanding,enet,x4,80,2,0.022035320510369442
threshold,expanding,enet,x5,80,2,0.011769451739677661
threshold,expanding,enet,x6,80,2,0.00284862360575443
threshold,expanding,rf,x1,80,2,-0.673896568545741
threshold,expanding,rf,x2,80,2,-1.3601779138550332
threshold,expanding,rf,x3,80,2,-0.007831107925401587
threshold,expanding,rf,x4,80,2,0.0011658052107708593
threshold,expanding,rf,x5,80,2,-0.009985125625122918
threshold,expanding,rf,x6,80,2,-0.0010854294886874782
threshold,expanding,xgboost,x1,80,2,-0.7067758024121031
threshold,expanding,xgboost,x2,80,2,-1.352877496573416
threshold,expanding,xgboost,x3,80,2,-0.06700042257744701
threshold,expanding,xgboost,x4,80,2,0.031125613088206848
threshold,expanding,xgboost,x5,80,2,-0.023199762309818576
threshold,expanding,xgboost,x6,80,2,0.006193567847412465
threshold,expanding,enet,x1,80,3,0.01502690565841557
threshold,expanding,enet,x2,80,3,-0.5744275673886988
threshold,expanding,enet,x3,80,3,0.0009864775260598536
threshold,expanding,enet,x4,80,3,0.022036063648727323
threshold,expanding,enet,x5,80,3,0.011765354552694488
threshold,expanding,enet,x6,80,3,0.0028433189991733583
threshold,expanding,rf,x1,80,3,-0.6737872181107054
threshold,expanding,rf,x2,80,3,-1.3600168314448262
threshold,expanding,rf,x3,80,3,-0.007908159781946925
threshold,expanding,rf,x4,80,3,0.0008315407479187742
threshold,expanding,rf,x5,80,3,-0.009942657239273739
threshold,expanding,rf,x6,80,3,-0.0009870144003822467
threshold,expanding,xgboost,x1,80,3,-0.7065149897080515
threshold,expanding,xgboost,x2,80,3,-1.3520571031517332
threshold,expanding,xgboost,x3,80,3,-0.06744109660957809
threshold,expanding,xgboost,x4,80,3,0.030153919522124574
threshold,expanding,xgboost,x5,80,3,-0.023102169038389676
threshold,expanding,xgboost,x6,80,3,0.00642713604846244
threshold,expanding,enet,x1,80,4,0.015020607304468896
threshold,expanding,enet,x2,80,4,-0.574421707227812
threshold,expanding,enet,x3,80,4,0.0009776203722893866
threshold,expanding,enet,x4,80,4,0.0220426146020434
threshold,expanding,enet,x5,80,4,0.011766256270460962
threshold,expanding,enet,x6,80,4,0.0028451616749210124
threshold,expanding,rf,x1,80,4,-0.6743328661401252
threshold,expanding,rf,x2,80,4,-1.3598266513132518
threshold,expanding,rf,x3,80,4,-0.007772165025744468
threshold,expanding,rf,x4,80,4,0.0014036983379049212
threshold,expanding,rf,x5,80,4,-0.01010475065156834
threshold,expanding,rf,x6,80,4,-0.001177605436430651
threshold,expanding,xgboost,x1,80,4,-0.7078464157363693
threshold,expanding,xgboost,x2,80,4,-1.351889204778894
threshold,expanding,xgboost,x3,80,4,-0.06820644383185177
threshold,expanding,xgboost,x4,80,4,0.03206579659744321
threshold,expanding,xgboost,x5,80,4,-0.022989986616647744
threshold,expanding,xgboost,x6,80,4,0.006331951429154289
threshold,expanding,enet,x1,80,5,0.015017467392153977
threshold,expanding,enet,x2,80,5,-0.5744467969931728
threshold,expanding,enet,x3,80,5,0.000991260473723346
threshold,expanding,enet,x4,80,5,0.022050292108652385
threshold,expanding,enet,x5,80,5,0.011768940441982909
threshold,expanding,enet,x6,80,5,0.00284938957303186
threshold,expanding,rf,x1,80,5,-0.674233955985424
threshold,expanding,rf,x2,80,5,-1.3601432890682574
threshold,expanding,rf,x3,80,5,-0.007894779258750203
threshold,expanding,rf,x4,80,5,0.0013898970800240746
threshold,expanding,rf,x5,80,5,-0.009895605697552046
threshold,expanding,rf,x6,80,5,-0.001032607299255861
threshold,expanding,xgboost,x1,80,5,-0.7081815710850015
threshold,expanding,xgboost,x2,80,5,-1.3514411075753237
threshold,expanding,xgboost,x3,80,5,-0.0676796980123557
threshold,expanding,xgboost,x4,80,5,0.030819554923018234
threshold,expanding,xgboost,x5,80,5,-0.022747432377865206
threshold,expanding,xgboost,x6,80,5,0.006695951190362167
threshold,expanding,enet,x1,80,6,0.015024498362768557
threshold,expanding,enet,x2,80,6,-0.5744347836265937
threshold,expanding,enet,x3,80,6,0.0009906761786727587
threshold,expanding,enet,x4,80,6,0.02203487798794653
threshold,expanding,enet,x5,80,6,0.011763937190394577
threshold,expanding,enet,x6,80,6,0.002851346903183019
threshold,expanding,rf,x1,80,6,-0.6740909283645602
threshold,expanding,rf,x2,80,6,-1.359851103782445
threshold,expanding,rf,x3,80,6,-0.007848793800663953
threshold,expanding,rf,x4,80,6,0.0009425731062277342
threshold,expanding,rf,x5,80,6,-0.009925171496721483
threshold,expanding,rf,x6,80,6,-0.0010369158910526533
threshold,expanding,xgboost,x1,80,6,-0.7071785325314377
threshold,expanding,xgboost,x2,80,6,-1.351428772482486
threshold,expanding,xgboost,x3,80,6,-0.06813379058388122
threshold,expanding,xgboost,x4,80,6,0.0305209183096382
threshold,expanding,xgboost,x5,80,6,-0.022952010682944914
threshold,expanding,xgboost,x6,80,6,0.006637885033946153
threshold,expanding,enet,x1,80,7,0.015029455006069942
threshold,expanding,enet,x2,80,7,-0.574436027885423
threshold,expanding,enet,x3,80,7,0.0009839639854333753
threshold,expanding,enet,x4,80,7,0.02203369770879021
threshold,expanding,enet,x5,80,7,0.011770838297694711
threshold,expanding,enet,x6,80,7,0.0028486258838065796
threshold,expanding,rf,x1,80,7,-0.6740605040716605
threshold,expanding,rf,x2,80,7,-1.359872114642041
threshold,expanding,rf,x3,80,7,-0.007757332525846874
threshold,expanding,rf,x4,80,7,0.0008282893873923364
threshold,expanding,rf,x5,80,7,-0.009851706289134555
threshold,expanding,rf,x6,80,7,-0.0010969720879250911
threshold,expanding,xgboost,x1,80,7,-0.7065248179812601
threshold,expanding,xgboost,x2,80,7,-1.3519475099721803
threshold,expanding,xgboost,x3,80,7,-0.06849668083826099
threshold,expanding,xgboost,x4,80,7,0.030055858759946586
threshold,expanding,xgboost,x5,80,7,-0.022262055570468047
threshold,expanding,xgboost,x6,80,7,0.006640902665057352
threshold,expanding,enet,x1,100,0,0.015025826665374564
threshold,expanding,enet,x2,100,0,-0.5744470312351901
threshold,expanding,enet,x3,100,0,0.0009866803338329678
threshold,expanding,enet,x4,100,0,0.022048557320123726
threshold,expanding,enet,x5,100,0,0.01176222585106292
threshold,expanding,enet,x6,100,0,0.0028542940611676593
threshold,expanding,rf,x1,100,0,-0.6742244348724767
threshold,expanding,rf,x2,100,0,-1.359915104157769
threshold,expanding,rf,x3,100,0,-0.0076789102271252576
threshold,expanding,rf,x4,100,0,0.001654803650158263
threshold,expanding,rf,x5,100,0,-0.010455817413794397
threshold,expanding,rf,x6,100,0,-0.0011908772082083962
threshold,expanding,xgboost,x1,100,0,-0.7068601931048503
threshold,expanding,xgboost,x2,100,0,-1.3529168125192625
threshold,expanding,xgboost,x3,100,0,-0.06859185751947337
threshold,expanding,xgboost,x4,100,0,0.03218678965630201
threshold,expanding,xgboost,x5,100,0,-0.022922367282306864
threshold,expanding,xgboost,x6,100,0,0.00657013783242522
threshold,expanding,enet,x1,100,1,0.015022116041436051
threshold,expanding,enet,x2,100,1,-0.5744250114749526
threshold,expanding,enet,x3,100,1,0.000980729226092656
threshold,expanding,enet,x4,100,1,0.02204272981129794
threshold,expanding,enet,x5,100,1,0.011767546847243366
threshold,expanding,enet,x6,100,1,0.00284244254525432
threshold,expanding,rf,x1,100,1,-0.6742893179165186
threshold,expanding,rf,x2,100,1,-1.359711070125505
threshold,expanding,rf,x3,100,1,-0.007785495485723861
threshold,expanding,rf,x4,100,1,0.0012514964201978263
threshold,expanding,rf,x5,100,1,-0.010163665034056383
threshold,expanding,rf,x6,100,1,-0.0011122880876092479
threshold,expanding,xgboost,x1,100,1,-0.7070493520409064
threshold,expanding,xgboost,x2,100,1,-1.3519319120543722
threshold,expanding,xgboost,x3,100,1,-0.06813468804494108
threshold,expanding,xgboost,x4,100,1,0.03109228146840512
threshold,expanding,xgboost,x5,100,1,-0.02297458088612758
threshold,expanding,xgboost,x6,100,1,0.0064639486207763806
threshold,expanding,enet,x1,100,2,0.015025183689362388
threshold,expanding,enet,x2,100,2,-0.5744247844987924
threshold,expanding,enet,x3,100,2,0.0009828563539740177
threshold,expanding,enet,x4,100,2,0.022037839389458632
threshold,expanding,enet,x5,100,2,0.011764397006133971
threshold,expanding,enet,x6,100,2,0.0028450610562350607
threshold,expanding,rf,x1,100,2,-0.6741035385595637
threshold,expanding,rf,x2,100,2,-1.359969582366758
threshold,expanding,rf,x3,100,2,-0.007747943832070436
threshold,expanding,rf,x4,100,2,0.001104639405834671
threshold,expanding,rf,x5,100,2,-0.010052939279005689
threshold,expanding,rf,x6,100,2,-0.0010409755976521695
threshold,expanding,xgboost,x1,100,2,-0.7066414613934167
threshold,expanding,xgboost,x2,100,2,-1.3520067320457656
threshold,expanding,xgboost,x3,100,2,-0.06857898350023026
threshold,expanding,xgboost,x4,100,2,0.0309732318642413
threshold,expanding,xgboost,x5,100,2,-0.02316914301814915
threshold,expanding,xgboost,x6,100,2,0.006888785156154693
threshold,expanding,enet,x1,100,3,0.015037556484375754
threshold,expanding,enet,x2,100,3,-0.5744498929175061
threshold,expanding,enet,x3,100,3,0.0009894848264133693
threshold,expanding,enet,x4,100,3,0.022044175315874145
threshold,expanding,enet,x5,100,3,0.011761187337826303
threshold,expanding,enet,x6,100,3,0.002848041949388276
threshold,expanding,rf,x1,100,3,-0.6733496953687144
threshold,expanding,rf,x2,100,3,-1.3605207471077163
threshold,expanding,rf,x3,100,3,-0.007809867563759558
threshold,expanding,rf,x4,100,3,0.0012325561877181168
threshold,expanding,rf,x5,100,3,-0.01024971420896551
threshold,expanding,rf,x6,100,3,-0.0011128721677777188
threshold,expanding,xgboost,x1,100,3,-0.7052871659338106
threshold,expanding,xgboost,x2,100,3,-1.3534663480371827
threshold,expanding,xgboost,x3,100,3,-0.06822673152937432
threshold,expanding,xgboost,x4,100,3,0.030850613004374305
threshold,expanding,xgboost,x5,100,3,-0.022755739098971953
threshold,expanding,xgboost,x6,100,3,0.006351068657800056
threshold,expanding,enet,x1,100,4,0.015031974159003442
threshold,expanding,enet,x2,100,4,-0.5744353028373281
threshold,expanding,enet,x3,100,4,0.000984988566495797
threshold,expanding,enet,x4,100,4,0.02203040987239909
threshold,expanding,enet,x5,100,4,0.011768228071249477
threshold,expanding,enet,x6,100,4,0.0028502551645520446
threshold,expanding,rf,x1,100,4,-0.6739572869624949
threshold,expanding,rf,x2,100,4,-1.3594947385613572
threshold,expanding,rf,x3,100,4,-0.007879471722380613
threshold,expanding,rf,x4,100,4,0.0007195594731431409
threshold,expanding,rf,x5,100,4,-0.010116159836148764
threshold,expanding,rf,x6,100,4,-0.0010822426199772162
threshold,expanding,xgboost,x1,100,4,-0.7059865786341268
threshold,expanding,xgboost,x2,100,4,-1.3525597368359743
threshold,expanding,xgboost,x3,100,4,-0.067871561134162
threshold,expanding,xgboost,x4,100,4,0.030425621869488648
threshold,expanding,xgboost,x5,100,4,-0.02296192686722802
threshold,expanding,xgboost,x6,100,4,0.00641987866483712
threshold,expanding,enet,x1,100,5,0.01501989712254864
threshold,expanding,enet,x2,100,5,-0.5744361137912513
threshold,expanding,enet,x3,100,5,0.0009919620362081028
threshold,expanding,enet,x4,100,5,0.02204344738604607
threshold,expanding,enet,x5,100,5,0.011765272978035455
threshold,expanding,enet,x6,100,5,0.002846087264784789
threshold,expanding,rf,x1,100,5,-0.6741489952826382
threshold,expanding,rf,x2,100,5,-1.360140711279447
threshold,expanding,rf,x3,100,5,-0.007936552361140404
threshold,expanding,rf,x4,100,5,0.0013669324726437405
threshold,expanding,rf,x5,100,5,-0.0099205870960286
threshold,expanding,rf,x6,100,5,-0.0010304266826049035
threshold,expanding,xgboost,x1,100,5,-0.7078386706245503
threshold,expanding,xgboost,x2,100,5,-1.3525075684114205
threshold,expanding,xgboost,x3,100,5,-0.06755551574825848
threshold,expanding,xgboost,x4,100,5,0.03171989861273985
threshold,expanding,xgboost,x5,100,5,-0.02282773248800823
threshold,expanding,xgboost,x6,100,5,0.006475285722332458
threshold,expanding,enet,x1,100,6,0.015024706328993758
threshold,expanding,enet,x2,100,6,-0.5744344574785764
threshold,expanding,enet,x3,100,6,0.0009881715683943892
threshold,expanding,enet,x4,100,6,0.022046566672107026
threshold,expanding,enet,x5,100,6,0.011765702070165267
threshold,expanding,enet,x6,100,6,0.0028398638352877636
threshold,expanding,rf,x1,100,6,-0.6737938401747721
threshold,expanding,rf,x2,100,6,-1.359869208025735
threshold,expanding,rf,x3,100,6,-0.007813925947060001
threshold,expanding,rf,x4,100,6,0.0014258470078244167
threshold,expanding,rf,x5,100,6,-0.010688389688916135
threshold,expanding,rf,x6,100,6,-0.0010708234005564865
threshold,expanding,xgboost,x1,100,6,-0.7074819210040354
threshold,expanding,xgboost,x2,100,6,-1.3520650718889824
threshold,expanding,xgboost,x3,100,6,-0.06756126992779624
threshold,expanding,xgboost,x4,100,6,0.03133636753100449
threshold,expanding,xgboost,x5,100,6,-0.02315564135231654
threshold,expanding,xgboost,x6,100,6,0.00639323370496053
threshold,expanding,enet,x1,100,7,0.015024244589188022
threshold,expanding,enet,x2,100,7,-0.5744423816652964
threshold,expanding,enet,x3,100,7,0.0009862486459676933
threshold,expanding,enet,x4,100,7,0.022036910464472488
threshold,expanding,enet,x5,100,7,0.011764467804406103
threshold,expanding,enet,x6,100,7,0.002861063157633841
threshold,expanding,rf,x1,100,7,-0.6741044737357907
threshold,expanding,rf,x2,100,7,-1.3599546632333865
threshold,expanding,rf,x3,100,7,-0.007758709692426043
threshold,expanding,rf,x4,100,7,0.0010608708423828594
threshold,expanding,rf,x5,100,7,-0.009899570956523251
threshold,expanding,rf,x6,100,7,-0.0011537934534716387
threshold,expanding,xgboost,x1,100,7,-0.7070573044876807
threshold,expanding,xgboost,x2,100,7,-1.3512437517284164
threshold,expanding,xgboost,x3,100,7,-0.06861711552834518
threshold,expanding,xgboost,x4,100,7,0.030516231230233632
threshold,expanding,xgboost,x5,100,7,-0.022785414730640382
threshold,expanding,xgboost,x6,100,7,0.006653052307683931
threshold,expanding,enet,x1,200,0,0.015023674607942086
threshold,expanding,enet,x2,200,0,-0.5744387863430684
threshold,expanding,enet,x3,200,0,0.0009859313170096206
threshold,expanding,enet,x4,200,0,0.022045665435623665
threshold,expanding,enet,x5,200,0,0.011766055599036047
threshold,expanding,enet,x6,200,0,0.002848012379828673
threshold,expanding,rf,x1,200,0,-0.6738043577780297
threshold,expanding,rf,x2,200,0,-1.3602001211957548
threshold,expanding,rf,x3,200,0,-0.007863802221886875
threshold,expanding,rf,x4,200,0,0.001437422020281336
threshold,expanding,rf,x5,200,0,-0.010231693643606874
threshold,expanding,rf,x6,200,0,-0.0011477874102184427
threshold,expanding,xgboost,x1,200,0,-0.7073563348823407
threshold,expanding,xgboost,x2,200,0,-1.3529268802679402
threshold,expanding,xgboost,x3,200,0,-0.06757931503144146
threshold,expanding,xgboost,x4,200,0,0.03141495462432552
threshold,expanding,xgboost,x5,200,0,-0.022937454135048628
threshold,expanding,xgboost,x6,200,0,0.006850726755280129
threshold,expanding,enet,x1,200,1,0.015022048237750099
threshold,expanding,enet,x2,200,1,-0.5744312235993273
threshold,expanding,enet,x3,200,1,0.0009828262064930959
threshold,expanding,enet,x4,200,1,0.022047225502105357
threshold,expanding,enet,x5,200,1,0.011761096287386037
threshold,expanding,enet,x6,200,1,0.0028485803619645
threshold,expanding,rf,x1,200,1,-0.6743282030291471
threshold,expanding,rf,x2,200,1,-1.3599713229552386
threshold,expanding,rf,x3,200,1,-0.0077388651423572164
threshold,expanding,rf,x4,200,1,0.001449228356217238
threshold,expanding,rf,x5,200,1,-0.010218325153128255
threshold,expanding,rf,x6,200,1,-0.0010028523055614503
threshold,expanding,xgboost,x1,200,1,-0.7070815604224832
threshold,expanding,xgboost,x2,200,1,-1.3521918370285249
threshold,expanding,xgboost,x3,200,1,-0.06849335315405476
threshold,expanding,xgboost,x4,200,1,0.03155905091530314
threshold,expanding,xgboost,x5,200,1,-0.022872448370327304
threshold,expanding,xgboost,x6,200,1,0.006545845122921857
threshold,expanding,enet,x1,200,2,0.015023867112626656
threshold,expanding,enet,x2,200,2,-0.5744341928507589
threshold,expanding,enet,x3,200,2,0.0009808821087268105
threshold,expanding,enet,x4,200,2,0.022044401757587203
threshold,expanding,enet,x5,200,2,0.01176670389516047
threshold,expanding,enet,x6,200,2,0.002848890973029469
threshold,expanding,rf,x1,200,2,-0.6741286882584832
threshold,expanding,rf,x2,200,2,-1.3602606536492907
threshold,expanding,rf,x3,200,2,-0.0077824555157624655
threshold,expanding,rf,x4,200,2,0.0013648819742505237
threshold,expanding,rf,x5,200,2,-0.00993922697507226
threshold,expanding,rf,x6,200,2,-0.0010641978048572186
threshold,expanding,xgboost,x1,200,2,-0.707149514644295
threshold,expanding,xgboost,x2,200,2,-1.352330440073721
threshold,expanding,xgboost,x3,200,2,-0.06802895002693062
threshold,expanding,xgboost,x4,200,2,0.03123906267658943
threshold,expanding,xgboost,x5,200,2,-0.02268986012886814
threshold,expanding,xgboost,x6,200,2,0.006425399260060232
threshold,expanding,enet,x1,200,3,0.015022307081047901
threshold,expanding,enet,x2,200,3,-0.5744358773348489
threshold,expanding,enet,x3,200,3,0.0009883046400622807
threshold,expanding,enet,x4,200,3,0.022049060949704186
threshold,expanding,enet,x5,200,3,0.011761571377250224
threshold,expanding,enet,x6,200,3,0.002845186283155994
threshold,expanding,rf,x1,200,3,-0.67408387225179
threshold,expanding,rf,x2,200,3,-1.3601183018481038
threshold,expanding,rf,x3,200,3,-0.007933078039166474
threshold,expanding,rf,x4,200,3,0.0014510583198640403
threshold,expanding,rf,x5,200,3,-0.010119618044296454
threshold,expanding,rf,x6,200,3,-0.0010065283657228164
threshold,expanding,xgboost,x1,200,3,-0.7074466872186806
threshold,expanding,xgboost,x2,200,3,-1.3526769690275564
threshold,expanding,xgboost,x3,200,3,-0.06720315139827177
threshold,expanding,xgboost,x4,200,3,0.03108544367645426
threshold,expanding,xgboost,x5,200,3,-0.02279356784025314
threshold,expanding,xgboost,x6,200,3,0.006500628871142366
threshold,expanding,enet,x1,200,4,0.015024091791174038
threshold,expanding,enet,x2,200,4,-0.5744368680342525
threshold,expanding,enet,x3,200,4,0.0009864781317941585
threshold,expanding,enet,x4,200,4,0.022040670334242885
threshold,expanding,enet,x5,200,4,0.011765820674229382
threshold,expanding,enet,x6,200,4,0.0028503600991838162
threshold,expanding,rf,x1,200,4,-0.6741724583062668
threshold,expanding,rf,x2,200,4,-1.359793233196218
threshold,expanding,rf,x3,200,4,-0.007830985624198965
threshold,expanding,rf,x4,200,4,0.0012597749204225806
threshold,expanding,rf,x5,200,4,-0.010320190240471086
threshold,expanding,rf,x6,200,4,-0.0009532477824834151
threshold,expanding,xgboost,x1,200,4,-0.706947038681948
threshold,expanding,xgboost,x2,200,4,-1.35228510784781
threshold,expanding,xgboost,x3,200,4,-0.06766169902637469
threshold,expanding,xgboost,x4,200,4,0.03081506025585165
threshold,expanding,xgboost,x5,200,4,-0.023108792547132384
threshold,expanding,xgboost,x6,200,4,0.006653274910248101
threshold,expanding,enet,x1,200,5,0.015024470251416457
threshold,expanding,enet,x2,200,5,-0.5744355588572096
threshold,expanding,enet,x3,200,5,0.0009842842641361793
threshold,expanding,enet,x4,200,5,0.022039842074745436
threshold,expanding,enet,x5,200,5,0.011764373203319689
threshold,expanding,enet,x6,200,5,0.0028531420599636845
threshold,expanding,rf,x1,200,5,-0.6743291522224467
threshold,expanding,rf,x2,200,5,-1.3599617980620329
threshold,expanding,rf,x3,200,5,-0.007750102589616111
threshold,expanding,rf,x4,200,5,0.0012164262695376349
threshold,expanding,rf,x5,200,5,-0.009942397050963385
threshold,expanding,rf,x6,200,5,-0.0010433165736941407
threshold,expanding,xgboost,x1,200,5,-0.7071637908649268
threshold,expanding,xgboost,x2,200,5,-1.3521125600217871
threshold,expanding,xgboost,x3,200,5,-0.06806256982113776
threshold,expanding,xgboost,x4,200,5,0.03102643162828059
threshold,expanding,xgboost,x5,200,5,-0.022902338201677086
threshold,expanding,xgboost,x6,200,5,0.006680524344083025
threshold,expanding,enet,x1,200,6,0.015026796102922048
threshold,expanding,enet,x2,200,6,-0.574430669592039
threshold,expanding,enet,x3,200,6,0.0009792569087781876
threshold,expanding,enet,x4,200,6,0.022042311295091502
threshold,expanding,enet,x5,200,6,0.011761603259668317
threshold,expanding,enet,x6,200,6,0.0028512550219507247
threshold,expanding,rf,x1,200,6,-0.674028309637439
threshold,expanding,rf,x2,200,6,-1.3599650832117696
threshold,expanding,rf,x3,200,6,-0.007666044396523252
threshold,expanding,rf,x4,200,6,0.0013420213281537374
threshold,expanding,rf,x5,200,6,-0.01036903992322506
threshold,expanding,rf,x6,200,6,-0.0011238843884124339
threshold,expanding,xgboost,x1,200,6,-0.7064812439441162
threshold,expanding,xgboost,x2,200,6,-1.3521507415150378
threshold,expanding,xgboost,x3,200,6,-0.06854884702471821
threshold,expanding,xgboost,x4,200,6,0.03093994868764167
threshold,expanding,xgboost,x5,200,6,-0.022874501288730906
threshold,expanding,xgboost,x6,200,6,0.006581082147796099
threshold,expanding,enet,x1,200,7,0.015030066248449304
threshold,expanding,enet,x2,200,7,-0.5744377120581947
threshold,expanding,enet,x3,200,7,0.0009873335545908912
threshold,expanding,enet,x4,200,7,0.02204146882630001
threshold,expanding,enet,x5,200,7,0.011760424544644195
threshold,expanding,enet,x6,200,7,0.0028489718805820895
threshold,expanding,rf,x1,200,7,-0.6739079451509522
threshold,expanding,rf,x2,200,7,-1.3601764040951354
threshold,expanding,rf,x3,200,7,-0.007829815102238983
threshold,expanding,rf,x4,200,7,0.001108809335256522
threshold,expanding,rf,x5,200,7,-0.009975918943522278
threshold,expanding,rf,x6,200,7,-0.0010290662726230727
threshold,expanding,xgboost,x1,200,7,-0.7062767265491204
threshold,expanding,xgboost,x2,200,7,-1.3528261175838923
threshold,expanding,xgboost,x3,200,7,-0.06773972500150333
threshold,expanding,xgboost,x4,200,7,0.03080763715756486
threshold,expanding,xgboost,x5,200,7,-0.022880447616119737
threshold,expanding,xgboost,x6,200,7,0.006381076655905773
threshold,expanding,enet,x1,500,0,0.015026744407914037
threshold,expanding,enet,x2,500,0,-0.5744434076491468
threshold,expanding,enet,x3,500,0,0.0009907630333412208
threshold,expanding,enet,x4,500,0,0.022043405849775002
threshold,expanding,enet,x5,500,0,0.011762972242435233
threshold,expanding,enet,x6,500,0,0.0028500751120530935
threshold,expanding,rf,x1,500,0,-0.6738718565623746
threshold,expanding,rf,x2,500,0,-1.3601235275508514
threshold,expanding,rf,x3,500,0,-0.007860077781151099
threshold,expanding,rf,x4,500,0,0.0012351393695488495
threshold,expanding,rf,x5,500,0,-0.010150374813034865
threshold,expanding,rf,x6,500,0,-0.0010396428913524978
threshold,expanding,xgboost,x1,500,0,-0.7067883523074263
threshold,expanding,xgboost,x2,500,0,-1.3525862205183974
threshold,expanding,xgboost,x3,500,0,-0.06778169357952336
threshold,expanding,xgboost,x4,500,0,0.030943354239138656
threshold,expanding,xgboost,x5,500,0,-0.022810210854067495
threshold,expanding,xgboost,x6,500,0,0.006488820083110331
threshold,expanding,enet,x1,500,1,0.015026279147745712
threshold,expanding,enet,x2,500,1,-0.5744291328252232
threshold,expanding,enet,x3,500,1,0.0009820113273964974
threshold,expanding,enet,x4,500,1,0.02204119968952961
threshold,expanding,enet,x5,500,1,0.011762705670986388
threshold,expanding,enet,x6,500,1,0.0028474899859366977
threshold,expanding,rf,x1,500,1,-0.674022327399779
threshold,expanding,rf,x2,500,1,-1.3601690421101262
threshold,expanding,rf,x3,500,1,-0.007749125204215245
threshold,expanding,rf,x4,500,1,0.0011820396814277928
threshold,expanding,rf,x5,500,1,-0.010036992977162928
threshold,expanding,rf,x6,500,1,-0.0010148922193599509
threshold,expanding,xgboost,x1,500,1,-0.706732883403462
threshold,expanding,xgboost,x2,500,1,-1.352386672770081
threshold,expanding,xgboost,x3,500,1,-0.0682913086248314
threshold,expanding,xgboost,x4,500,1,0.03116409560073383
threshold,expanding,xgboost,x5,500,1,-0.022774069678221452
threshold,expanding,xgboost,x6,500,1,0.006486535938696542
threshold,expanding,enet,x1,500,2,0.01502510372813384
threshold,expanding,enet,x2,500,2,-0.5744380703481907
threshold,expanding,enet,x3,500,2,0.0009848987200189413
threshold,expanding,enet,x4,500,2,0.022044011366816062
threshold,expanding,enet,x5,500,2,0.011766334914881351
threshold,expanding,enet,x6,500,2,0.0028482746147122937
threshold,expanding,rf,x1,500,2,-0.674095505643891
threshold,expanding,rf,x2,500,2,-1.3600413186397022
threshold,expanding,rf,x3,500,2,-0.007840464350472703
threshold,expanding,rf,x4,500,2,0.0013791399135481158
threshold,expanding,rf,x5,500,2,-0.010089570938662015
threshold,expanding,rf,x6,500,2,-0.0011226205700357794
threshold,expanding,xgboost,x1,500,2,-0.7070098509577623
threshold,expanding,xgboost,x2,500,2,-1.3525553337201377
threshold,expanding,xgboost,x3,500,2,-0.0678379663813337
threshold,expanding,xgboost,x4,500,2,0.03099263155410163
threshold,expanding,xgboost,x5,500,2,-0.022692077685320697
threshold,expanding,xgboost,x6,500,2,0.0065682942532874515
threshold,expanding,enet,x1,500,3,0.015026081916861724
threshold,expanding,enet,x2,500,3,-0.5744356383007685
threshold,expanding,enet,x3,500,3,0.0009851008805491514
threshold,expanding,enet,x4,500,3,0.022041016548428372
threshold,expanding,enet,x5,500,3,0.011763801835020918
threshold,expanding,enet,x6,500,3,0.002850190116279964
threshold,expanding,rf,x1,500,3,-0.6739756269336602
threshold,expanding,rf,x2,500,3,-1.3600107662491359
threshold,expanding,rf,x3,500,3,-0.0077693488305280705
threshold,expanding,rf,x4,500,3,0.0011620671608632165
threshold,expanding,rf,x5,500,3,-0.010172832313705702
threshold,expanding,rf,x6,500,3,-0.0010438330630488117
threshold,expanding,xgboost,x1,500,3,-0.7068459583525752
threshold,expanding,xgboost,x2,500,3,-1.3522194881942349
threshold,expanding,xgboost,x3,500,3,-0.06819253192478969
threshold,expanding,xgboost,x4,500,3,0.031029922553595404
threshold,expanding,xgboost,x5,500,3,-0.022922058822831267
threshold,expanding,xgboost,x6,500,3,0.006615811803670392
threshold,expanding,enet,x1,500,4,0.015024916150375794
threshold,expanding,enet,x2,500,4,-0.5744365430000551
threshold,expanding,enet,x3,500,4,0.000986611927898812
threshold,expanding,enet,x4,500,4,0.022043023134298505
threshold,expanding,enet,x5,500,4,0.011764361480017872
threshold,expanding,enet,x6,500,4,0.002848183303835729
threshold,expanding,rf,x1,500,4,-0.6739602978319312
threshold,expanding,rf,x2,500,4,-1.360162094837715
threshold,expanding,rf,x3,500,4,-0.007811561956085557
threshold,expanding,rf,x4,500,4,0.0012518534995981448
threshold,expanding,rf,x5,500,4,-0.010044417345110069
threshold,expanding,rf,x6,500,4,-0.0010838217579717923
threshold,expanding,xgboost,x1,500,4,-0.7071537015630739
threshold,expanding,xgboost,x2,500,4,-1.352373169662548
threshold,expanding,xgboost,x3,500,4,-0.06788042441027788
threshold,expanding,xgboost,x4,500,4,0.03130836275220696
threshold,expanding,xgboost,x5,500,4,-0.022951811257928247
threshold,expanding,xgboost,x6,500,4,0.006516441204455669
threshold,expanding,enet,x1,500,5,0.015026763616209261
threshold,expanding,enet,x2,500,5,-0.5744395676486267
threshold,expanding,enet,x3,500,5,0.000988859394800619
threshold,expanding,enet,x4,500,5,0.022041091688086795
threshold,expanding,enet,x5,500,5,0.011766091381296532
threshold,expanding,enet,x6,500,5,0.002847314564605309
threshold,expanding,rf,x1,500,5,-0.6739839600348775
threshold,expanding,rf,x2,500,5,-1.3601558869705757
threshold,expanding,rf,x3,500,5,-0.007799783779927139
threshold,expanding,rf,x4,500,5,0.001269098380588078
threshold,expanding,rf,x5,500,5,-0.010042956906519053
threshold,expanding,rf,x6,500,5,-0.0010968509179041584
threshold,expanding,xgboost,x1,500,5,-0.7067229614789997
threshold,expanding,xgboost,x2,500,5,-1.3527914468250508
threshold,expanding,xgboost,x3,500,5,-0.06837002279684293
threshold,expanding,xgboost,x4,500,5,0.03157137927487933
threshold,expanding,xgboost,x5,500,5,-0.02276714606540101
threshold,expanding,xgboost,x6,500,5,0.00654589495424988
threshold,expanding,enet,x1,500,6,0.015028016407265228
threshold,expanding,enet,x2,500,6,-0.5744393648936805
threshold,expanding,enet,x3,500,6,0.0009848403019077719
threshold,expanding,enet,x4,500,6,0.02204071669032902
threshold,expanding,enet,x5,500,6,0.011766302088709523
threshold,expanding,enet,x6,500,6,0.0028500424018406845
threshold,expanding,rf,x1,500,6,-0.6739118587543838
threshold,expanding,rf,x2,500,6,-1.3602851546313628
threshold,expanding,rf,x3,500,6,-0.007789702800616262
threshold,expanding,rf,x4,500,6,0.0012317133463187137
threshold,expanding,rf,x5,500,6,-0.009976625330996433
threshold,expanding,rf,x6,500,6,-0.0010787120581752516
threshold,expanding,xgboost,x1,500,6,-0.7064406351332927
threshold,expanding,xgboost,x2,500,6,-1.3526451740833638
threshold,expanding,xgboost,x3,500,6,-0.06819708182284381
threshold,expanding,xgboost,x4,500,6,0.031147237462510618
threshold,expanding,xgboost,x5,500,6,-0.022927091643020127
threshold,expanding,xgboost,x6,500,6,0.006528442282844519
threshold,expanding,enet,x1,500,7,0.01502653834034373
threshold,expanding,enet,x2,500,7,-0.5744315620322259
threshold,expanding,enet,x3,500,7,0.0009863912088181302
threshold,expanding,enet,x4,500,7,0.022039226019605236
threshold,expanding,enet,x5,500,7,0.011763703478071232
threshold,expanding,enet,x6,500,7,0.0028462559817593125
threshold,expanding,rf,x1,500,7,-0.6738801914576904
threshold,expanding,rf,x2,500,7,-1.360067643310728
threshold,expanding,rf,x3,500,7,-0.007852872989839905
threshold,expanding,rf,x4,500,7,0.001123165581314225
threshold,expanding,rf,x5,500,7,-0.010032659544381917
threshold,expanding,rf,x6,500,7,-0.001100138507889406
threshold,expanding,xgboost,x1,500,7,-0.7067903140095414
threshold,expanding,xgboost,x2,500,7,-1.352429617299178
threshold,expanding,xgboost,x3,500,7,-0.06769507418683013
threshold,expanding,xgboost,x4,500,7,0.030794405308648586
threshold,expanding,xgboost,x5,500,7,-0.023048240086743905
threshold,expanding,xgboost,x6,500,7,0.00663453733647966
threshold,expanding,enet,x1,1000,0,0.015029235579890294
threshold,expanding,enet,x2,1000,0,-0.5744399293746594
threshold,expanding,enet,x3,1000,0,0.0009873390917978506
threshold,expanding,enet,x4,1000,0,0.02204135529094213
threshold,expanding,enet,x5,1000,0,0.011766230028008742
threshold,expanding,enet,x6,1000,0,0.0028463223803921523
threshold,expanding,rf,x1,1000,0,-0.6738811128793482
threshold,expanding,rf,x2,1000,0,-1.3601427886421436
threshold,expanding,rf,x3,1000,0,-0.007828929805889116
threshold,expanding,rf,x4,1000,0,0.0011743305329237456
threshold,expanding,rf,x5,1000,0,-0.010042340564544172
threshold,expanding,rf,x6,1000,0,-0.001089498870214216
threshold,expanding,xgboost,x1,1000,0,-0.7063929852435481
threshold,expanding,xgboost,x2,1000,0,-1.353040612971614
threshold,expanding,xgboost,x3,1000,0,-0.06804159390561541
threshold,expanding,xgboost,x4,1000,0,0.031299758701872384
threshold,expanding,xgboost,x5,1000,0,-0.022815778225602927
threshold,expanding,xgboost,x6,1000,0,0.006456908707342449
threshold,expanding,enet,x1,1000,1,0.01502582859532769
threshold,expanding,enet,x2,1000,1,-0.5744360586951179
threshold,expanding,enet,x3,1000,1,0.0009863004521402806
threshold,expanding,enet,x4,1000,1,0.02204284399649312
threshold,expanding,enet,x5,1000,1,0.011764122320238263
threshold,expanding,enet,x6,1000,1,0.002847516327290295
threshold,expanding,rf,x1,1000,1,-0.6739766467855696
threshold,expanding,rf,x2,1000,1,-1.3600385293126243
threshold,expanding,rf,x3,1000,1,-0.007879511893801485
threshold,expanding,rf,x4,1000,1,0.001222913053752058
threshold,expanding,rf,x5,1000,1,-0.010068948520434927
threshold,expanding,rf,x6,1000,1,-0.0010696167705372785
threshold,expanding,xgboost,x1,1000,1,-0.7068845110858536
threshold,expanding,xgboost,x2,1000,1,-1.3526923898654264
threshold,expanding,xgboost,x3,1000,1,-0.06753759379764847
threshold,expanding,xgboost,x4,1000,1,0.030895985918009634
threshold,expanding,xgboost,x5,1000,1,-0.0228543780589009
threshold,expanding,xgboost,x6,1000,1,0.006538583952654399
threshold,expanding,enet,x1,1000,2,0.015024042630267563
threshold,expanding,enet,x2,1000,2,-0.5744335611247126
threshold,expanding,enet,x3,1000,2,0.0009861029860221866
threshold,expanding,enet,x4,1000,2,0.0220418904129629
threshold,expanding,enet,x5,1000,2,0.011763803762049723
threshold,expanding,enet,x6,1000,2,0.0028482743297819314
threshold,expanding,rf,x1,1000,2,-0.6741754277718714
threshold,expanding,rf,x2,1000,2,-1.359991691615794
threshold,expanding,rf,x3,1000,2,-0.007834142952084138
threshold,expanding,rf,x4,1000,2,0.00122657771490243
threshold,expanding,rf,x5,1000,2,-0.010066044363908969
threshold,expanding,rf,x6,1000,2,-0.0009696112404594459
threshold,expanding,xgboost,x1,1000,2,-0.707105650186878
threshold,expanding,xgboost,x2,1000,2,-1.3524267892452586
threshold,expanding,xgboost,x3,1000,2,-0.06772922734535515
threshold,expanding,xgboost,x4,1000,2,0.031109909295692257
threshold,expanding,xgboost,x5,1000,2,-0.022886132820015788
threshold,expanding,xgboost,x6,1000,2,0.006503587364649902
threshold,expanding,enet,x1,1000,3,0.015027645593057352
threshold,expanding,enet,x2,1000,3,-0.574436957518107
threshold,expanding,enet,x3,1000,3,0.0009849317171575836
threshold,expanding,enet,x4,1000,3,0.022041409419183908
threshold,expanding,enet,x5,1000,3,0.011766315728052583
threshold,expanding,enet,x6,1000,3,0.0028472080570272106
threshold,expanding,rf,x1,1000,3,-0.6739064725513745
threshold,expanding,rf,x2,1000,3,-1.3600564910228936
threshold,expanding,rf,x3,1000,3,-0.007846554390972907
threshold,expanding,rf,x4,1000,3,0.0011682081166413596
threshold,expanding,rf,x5,1000,3,-0.010101426421572175
threshold,expanding,rf,x6,1000,3,-0.0010676039590437573
threshold,expanding,xgboost,x1,1000,3,-0.706602989490545
threshold,expanding,xgboost,x2,1000,3,-1.3525899045254506
threshold,expanding,xgboost,x3,1000,3,-0.06782633382753367
threshold,expanding,xgboost,x4,1000,3,0.03091273610296073
threshold,expanding,xgboost,x5,1000,3,-0.02298363383278072
threshold,expanding,xgboost,x6,1000,3,0.006555822636183921
threshold,expanding,enet,x1,1000,4,0.015026489518411843
threshold,expanding,enet,x2,1000,4,-0.5744381257235266
threshold,expanding,enet,x3,1000,4,0.0009850508239998982
threshold,expanding,enet,x4,1000,4,0.022042679852973274
threshold,expanding,enet,x5,1000,4,0.011765290984445799
threshold,expanding,enet,x6,1000,4,0.002849167540067552
threshold,expanding,rf,x1,1000,4,-0.6739550845905284
threshold,expanding,rf,x2,1000,4,-1.3601440288177338
threshold,expanding,rf,x3,1000,4,-0.007829365253686552
threshold,expanding,rf,x4,1000,4,0.0012148312600274306
threshold,expanding,rf,x5,1000,4,-0.010061893348282322
threshold,expanding,rf,x6,1000,4,-0.001034799479012056
threshold,expanding,xgboost,x1,1000,4,-0.7067993415717747
threshold,expanding,xgboost,x2,1000,4,-1.3524300343238551
threshold,expanding,xgboost,x3,1000,4,-0.06780653874375361
threshold,expanding,xgboost,x4,1000,4,0.03087684933531618
threshold,expanding,xgboost,x5,1000,4,-0.022907637137642774
threshold,expanding,xgboost,x6,1000,4,0.006532399504544795
threshold,expanding,enet,x1,1000,5,0.015025910561400384
threshold,expanding,enet,x2,1000,5,-0.5744387518769672
threshold,expanding,enet,x3,1000,5,0.0009864121385120064
threshold,expanding,enet,x4,1000,5,0.02204142097506498
threshold,expanding,enet,x5,1000,5,0.01176603839124935
threshold,expanding,enet,x6,1000,5,0.0028495228071121403
threshold,expanding,rf,x1,1000,5,-0.6739566310135153
threshold,expanding,rf,x2,1000,5,-1.360003379965468
threshold,expanding,rf,x3,1000,5,-0.00785919167232155
threshold,expanding,rf,x4,1000,5,0.0011514147880623512
threshold,expanding,rf,x5,1000,5,-0.010126054498594477
threshold,expanding,rf,x6,1000,5,-0.001016497867378534
threshold,expanding,xgboost,x1,1000,5,-0.7069509711931651
threshold,expanding,xgboost,x2,1000,5,-1.35228943659283
threshold,expanding,xgboost,x3,1000,5,-0.06760483635725995
threshold,expanding,xgboost,x4,1000,5,0.030846656305538872
threshold,expanding,xgboost,x5,1000,5,-0.023033663356661394
threshold,expanding,xgboost,x6,1000,5,0.006497948257212224
threshold,expanding,enet,x1,1000,6,0.015025195609129067
threshold,expanding,enet,x2,1000,6,-0.5744363857545414
threshold,expanding,enet,x3,1000,6,0.0009866126391535987
threshold,expanding,enet,x4,1000,6,0.02204272782935987
threshold,expanding,enet,x5,1000,6,0.011765451453732883
threshold,expanding,enet,x6,1000,6,0.00284695121953763
threshold,expanding,rf,x1,1000,6,-0.6739744098863896
threshold,expanding,rf,x2,1000,6,-1.3600643085099078
threshold,expanding,rf,x3,1000,6,-0.007863516292492018
threshold,expanding,rf,x4,1000,6,0.0012156889913935874
threshold,expanding,rf,x5,1000,6,-0.010108665867884373
threshold,expanding,rf,x6,1000,6,-0.0010151286639353892
threshold,expanding,xgboost,x1,1000,6,-0.7068939879113363
threshold,expanding,xgboost,x2,1000,6,-1.3526799747382798
threshold,expanding,xgboost,x3,1000,6,-0.06777625918596433
threshold,expanding,xgboost,x4,1000,6,0.031196205303113553
threshold,expanding,xgboost,x5,1000,6,-0.022943827062296585
threshold,expanding,xgboost,x6,1000,6,0.006563540657597988
threshold,expanding,enet,x1,1000,7,0.01502548365849891
threshold,expanding,enet,x2,1000,7,-0.5744353577472235
threshold,expanding,enet,x3,1000,7,0.000982796649511129
threshold,expanding,enet,x4,1000,7,0.022040618607452125
threshold,expanding,enet,x5,1000,7,0.011767982960456124
threshold,expanding,enet,x6,1000,7,0.002849028867676962
threshold,expanding,rf,x1,1000,7,-0.6740877908924265
threshold,expanding,rf,x2,1000,7,-1.3600088596339743
threshold,expanding,rf,x3,1000,7,-0.007823043125890286
threshold,expanding,rf,x4,1000,7,0.0011445913729763767
threshold,expanding,rf,x5,1000,7,-0.009968093552020304
threshold,expanding,rf,x6,1000,7,-0.0010671443978805054
threshold,expanding,xgboost,x1,1000,7,-0.7068531941087206
threshold,expanding,xgboost,x2,1000,7,-1.352362754923189
threshold,expanding,xgboost,x3,1000,7,-0.06794784797856468
threshold,expanding,xgboost,x4,1000,7,0.030855540511069493
threshold,expanding,xgboost,x5,1000,7,-0.02276934624543876
threshold,expanding,xgboost,x6,1000,7,0.006543299807678123
