dgp,window,model,predictor,M,replicate,pbsv
polynomial,expanding,enet,x1,3,0,0.017507146997474354
polynomial,expanding,enet,x2,3,0,0.028367624156543075
polynomial,expanding,enet,x3,3,0,-0.9763643069207054
polynomial,expanding,enet,x4,3,0,0.004171216717184567
polynomial,expanding,enet,x5,3,0,0.0028013910031519837
polynomial,expanding,enet,x6,3,0,0.0021489547934748407
polynomial,expanding,rf,x1,3,0,-0.6533117573626223
polynomial,expanding,rf,x2,3,0,-0.41944024615089676
polynomial,expanding,rf,x3,3,0,-1.05883764353278
polynomial,expanding,rf,x4,3,0,-0.00421401210396007
polynomial,expanding,rf,x5,3,0,-0.001520149738885035
polynomial,expanding,rf,x6,3,0,-0.005702062586496155
polynomial,expanding,xgboost,x1,3,0,-0.9691617203512705
polynomial,expanding,xgboost,x2,3,0,-0.6289390396151773
polynomial,expanding,xgboost,x3,3,0,-1.4089118456610639
polynomial,expanding,xgboost,x4,3,0,0.005283339832641916
polynomial,expanding,xgboost,x5,3,0,0.0013758120535008282
polynomial,expanding,xgboost,x6,3,0,-0.0021849429245123972
polynomial,expanding,enet,x1,3,1,0.01752339823837497
polynomial,expanding,enet,x2,3,1,0.028342009174217326
polynomial,expanding,enet,x3,3,1,-0.9763169558151207
polynomial,expanding,enet,x4,3,1,0.004147296838218499
polynomial,expanding,enet,x5,3,1,0.002791561932627159
polynomial,expanding,enet,x6,3,1,0.0021447163788061254
polynomial,expanding,rf,x1,3,1,-0.6534355220688999
polynomial,expanding,rf,x2,3,1,-0.40930851077079294
polynomial,expanding,rf,x3,3,1,-1.0693843086372128
polynomial,expanding,rf,x4,3,1,-0.004212070699408654
polynomial,expanding,rf,x5,3,1,-0.0013128147824853127
polynomial,expanding,rf,x6,3,1,-0.005372644516840867
polynomial,expanding,xgboost,x1,3,1,-0.9690788947251634
polynomial,expanding,xgboost,x2,3,1,-0.5866047734642693
polynomial,expanding,xgboost,x3,3,1,-1.4507102402453853
polynomial,expanding,xgboost,x4,3,1,0.004312347306125878
polynomial,expanding,xgboost,x5,3,1,-0.00011364878497810427
polynomial,expanding,xgboost,x6,3,1,-0.00034318675221156614
polynomial,expanding,enet,x1,3,2,0.017456043685652567
polynomial,expanding,enet,x2,3,2,0.028368362347028997
polynomial,expanding,enet,x3,3,2,-0.9763113784329708
polynomial,expanding,enet,x4,3,2,0.0041704617791439675
polynomial,expanding,enet,x5,3,2,0.002797436874803383
polynomial,expanding,enet,x6,3,2,0.002151100493465341
polynomial,expanding,rf,x1,3,2,-0.6330185623207236
polynomial,expanding,rf,x2,3,2,-0.41888713924163073
polynomial,expanding,rf,x3,3,2,-1.0792387374728392
polynomial,expanding,rf,x4,3,2,-0.004289129959756943
polynomial,expanding,rf,x5,3,2,-0.0011070160238448128
polynomial,expanding,rf,x6,3,2,-0.006485286456845134
polynomial,expanding,xgboost,x1,3,2,-0.8861655011620008
polynomial,expanding,xgboost,x2,3,2,-0.6332932207373847
polynomial,expanding,xgboost,x3,3,2,-1.4928339287450736
polynomial,expanding,xgboost,x4,3,2,0.003706546358237824
polynomial,expanding,xgboost,x5,3,2,0.0018730945709944196
polynomial,expanding,xgboost,x6,3,2,0.004174613049345373
polynomial,expanding,enet,x1,3,3,0.017491774703483287
polynomial,expanding,enet,x2,3,3,0.02831819705630556
polynomial,expanding,enet,x3,3,3,-0.9762936959584216
polynomial,expanding,enet,x4,3,3,0.004170455774183068
polynomial,expanding,enet,x5,3,3,0.002796649784853648
polynomial,expanding,enet,x6,3,3,0.0021486453867195867
polynomial,expanding,rf,x1,3,3,-0.6430223588976777
polynomial,expanding,rf,x2,3,3,-0.39907761300594835
polynomial,expanding,rf,x3,3,3,-1.0896931657532594
polynomial,expanding,rf,x4,3,3,-0.004490082246294398
polynomial,expanding,rf,x5,3,3,-0.001058662318710768
polynomial,expanding,rf,x6,3,3,-0.005683989253749762
polynomial,expanding,xgboost,x1,3,3,-0.9273391901416725
polynomial,expanding,xgboost,x2,3,3,-0.5476032033800379
polynomial,expanding,xgboost,x3,3,3,-1.5359033730614808
polynomial,expanding,xgboost,x4,3,3,0.003554081412675991
polynomial,expanding,xgboost,x5,3,3,0.002718368253486777
polynomial,expanding,xgboost,x6,3,3,0.002034920251146932
polynomial,expanding,enet,x1,3,4,0.017488944242571264
polynomial,expanding,enet,x2,3,4,0.028342771352782403
polynomial,expanding,enet,x3,3,4,-0.9763108212025985
polynomial,expanding,enet,x4,3,4,0.004162738454761487
polynomial,expanding,enet,x5,3,4,0.002799770459146478
polynomial,expanding,enet,x6,3,4,0.0021486234404602587
polynomial,expanding,rf,x1,3,4,-0.6428677167036528
polynomial,expanding,rf,x2,3,4,-0.40887884556653314
polynomial,expanding,rf,x3,3,4,-1.0800587995415012
polynomial,expanding,rf,x4,3,4,-0.004191198589431326
polynomial,expanding,rf,x5,3,4,-0.0013537578315462688
polynomial,expanding,rf,x6,3,4,-0.005675553242975602
polynomial,expanding,xgboost,x1,3,4,-0.9336890063348954
polynomial,expanding,xgboost,x2,3,4,-0.58467843841611
polynomial,expanding,xgboost,x3,3,4,-1.4932537265536558
polynomial,expanding,xgboost,x4,3,4,0.004573575866257988
polynomial,expanding,xgboost,x5,3,4,0.002528943376258604
polynomial,expanding,xgboost,x6,3,4,0.001980255396262972
polynomial,expanding,enet,x1,3,5,0.01747309430540415
polynomial,expanding,enet,x2,3,5,0.02834265972520633
polynomial,expanding,enet,x3,3,5,-0.9762679467547092
polynomial,expanding,enet,x4,3,5,0.004147814815988138
polynomial,expanding,enet,x5,3,5,0.002791561932627159
polynomial,expanding,enet,x6,3,5,0.0021448427226068065
polynomial,expanding,rf,x1,3,5,-0.6333039464337726
polynomial,expanding,rf,x2,3,5,-0.4093453325263518
polynomial,expanding,rf,x3,3,5,-1.0900616675864254
polynomial,expanding,rf,x4,3,5,-0.004110002119167196
polynomial,expanding,rf,x5,3,5,-0.0013128147824853127
polynomial,expanding,rf,x6,3,5,-0.00489210802743778
polynomial,expanding,xgboost,x1,3,5,-0.887156017287093
polynomial,expanding,xgboost,x2,3,5,-0.5848548786600446
polynomial,expanding,xgboost,x3,3,5,-1.5352264898852148
polynomial,expanding,xgboost,x4,3,5,0.0050364759826460785
polynomial,expanding,xgboost,x5,3,5,-0.00011364878497810427
polynomial,expanding,xgboost,x6,3,5,-0.00022383803119700266
polynomial,expanding,enet,x1,3,6,0.01746943564459902
polynomial,expanding,enet,x2,3,6,0.028368362347028997
polynomial,expanding,enet,x3,3,6,-0.9763301038277911
polynomial,expanding,enet,x4,3,6,0.004178553600869013
polynomial,expanding,enet,x5,3,6,0.002794158205336054
polynomial,expanding,enet,x6,3,6,0.002151620777081309
polynomial,expanding,rf,x1,3,6,-0.6330467006477339
polynomial,expanding,rf,x2,3,6,-0.41888713924163073
polynomial,expanding,rf,x3,3,6,-1.0793452969622874
polynomial,expanding,rf,x4,3,6,-0.004234287333501878
polynomial,expanding,rf,x5,3,6,-0.0012023527822283182
polynomial,expanding,rf,x6,3,6,-0.006310094508257924
polynomial,expanding,xgboost,x1,3,6,-0.8857525291131786
polynomial,expanding,xgboost,x2,3,6,-0.6332932207373848
polynomial,expanding,xgboost,x3,3,6,-1.4949926917365388
polynomial,expanding,xgboost,x4,3,6,0.00614033720638892
polynomial,expanding,xgboost,x5,3,6,0.0014739652302996713
polynomial,expanding,xgboost,x6,3,6,0.0038857424845316624
polynomial,expanding,enet,x1,3,7,0.017503356884217187
polynomial,expanding,enet,x2,3,7,0.02829232832285918
polynomial,expanding,enet,x3,3,7,-0.9762863873628561
polynomial,expanding,enet,x4,3,7,0.004178340248708483
polynomial,expanding,enet,x5,3,7,0.0027968706121796285
polynomial,expanding,enet,x6,3,7,0.002147518042015036
polynomial,expanding,rf,x1,3,7,-0.6527046778797189
polynomial,expanding,rf,x2,3,7,-0.38807870522087956
polynomial,expanding,rf,x3,3,7,-1.0908712690800588
polynomial,expanding,rf,x4,3,7,-0.004366136631856736
polynomial,expanding,rf,x5,3,7,-0.0012490448490138177
polynomial,expanding,rf,x6,3,7,-0.005756037814112676
polynomial,expanding,xgboost,x1,3,7,-0.9747025895481062
polynomial,expanding,xgboost,x2,3,7,-0.5017321838162113
polynomial,expanding,xgboost,x3,3,7,-1.534673466076151
polynomial,expanding,xgboost,x4,3,7,0.004268500611399273
polynomial,expanding,xgboost,x5,3,7,0.0016855757386304477
polynomial,expanding,xgboost,x6,3,7,0.0026157664245569645
polynomial,expanding,enet,x1,6,0,0.017481940471875086
polynomial,expanding,enet,x2,6,0,0.028332106064060336
polynomial,expanding,enet,x3,6,0,-0.976311521990768
polynomial,expanding,enet,x4,6,0,0.004185367020469862
polynomial,expanding,enet,x5,6,0,0.0027977425401547094
polynomial,expanding,enet,x6,6,0,0.0021463926413315035
polynomial,expanding,rf,x1,6,0,-0.6427996683161008
polynomial,expanding,rf,x2,6,0,-0.4031298089109585
polynomial,expanding,rf,x3,6,0,-1.0849414921805218
polynomial,expanding,rf,x4,6,0,-0.004592655437927491
polynomial,expanding,rf,x5,6,0,-0.0013491803305589374
polynomial,expanding,rf,x6,6,0,-0.0062130662995727075
polynomial,expanding,xgboost,x1,6,0,-0.9294449698841666
polynomial,expanding,xgboost,x2,6,0,-0.5641504557512044
polynomial,expanding,xgboost,x3,6,0,-1.5153852148176779
polynomial,expanding,xgboost,x4,6,0,0.003671563246727257
polynomial,expanding,xgboost,x5,6,0,0.0018400401760264955
polynomial,expanding,xgboost,x6,6,0,0.0009306403644136855
polynomial,expanding,enet,x1,6,1,0.017476901242092446
polynomial,expanding,enet,x2,6,1,0.028331816804841092
polynomial,expanding,enet,x3,6,1,-0.9763029218335109
polynomial,expanding,enet,x4,6,1,0.00417762652092335
polynomial,expanding,enet,x5,6,1,0.0028026854560912287
polynomial,expanding,enet,x6,6,1,0.0021459185566862957
polynomial,expanding,rf,x1,6,1,-0.6478666316446492
polynomial,expanding,rf,x2,6,1,-0.4036247363910392
polynomial,expanding,rf,x3,6,1,-1.0802677927239186
polynomial,expanding,rf,x4,6,1,-0.004504943086801198
polynomial,expanding,rf,x5,6,1,-0.0012688196912803429
polynomial,expanding,rf,x6,6,1,-0.005492947937951631
polynomial,expanding,xgboost,x1,6,1,-0.9494565523847004
polynomial,expanding,xgboost,x2,6,1,-0.5648429666655618
polynomial,expanding,xgboost,x3,6,1,-1.492808916369274
polynomial,expanding,xgboost,x4,6,1,0.004217086632800182
polynomial,expanding,xgboost,x5,6,1,0.0014202779799050713
polynomial,expanding,xgboost,x6,6,1,-0.0010673258590510049
polynomial,expanding,enet,x1,6,2,0.017485529071401662
polynomial,expanding,enet,x2,6,2,0.02834249452806366
polynomial,expanding,enet,x3,6,2,-0.9763146887354167
polynomial,expanding,enet,x4,6,2,0.004175379241133574
polynomial,expanding,enet,x5,6,2,0.002794873842123883
polynomial,expanding,enet,x6,6,2,0.002148438799817335
polynomial,expanding,rf,x1,6,2,-0.6426036254057176
polynomial,expanding,rf,x2,6,2,-0.40902549156316165
polynomial,expanding,rf,x3,6,2,-1.0796723209200048
polynomial,expanding,rf,x4,6,2,-0.004673075674991052
polynomial,expanding,rf,x5,6,2,-0.001424605745913965
polynomial,expanding,rf,x6,6,2,-0.005626752165851327
polynomial,expanding,xgboost,x1,6,2,-0.9304129675094339
polynomial,expanding,xgboost,x2,6,2,-0.5847680234257505
polynomial,expanding,xgboost,x3,6,2,-1.4933197746749531
polynomial,expanding,xgboost,x4,6,2,0.004389100564854438
polynomial,expanding,xgboost,x5,6,2,0.001680642244518619
polynomial,expanding,xgboost,x6,6,2,-0.00010737386511699976
polynomial,expanding,enet,x1,6,3,0.017471977884146044
polynomial,expanding,enet,x2,6,3,0.02833029007209979
polynomial,expanding,enet,x3,6,3,-0.9762889960248319
polynomial,expanding,enet,x4,6,3,0.004172696217492833
polynomial,expanding,enet,x5,6,3,0.0027976389123111436
polynomial,expanding,enet,x6,6,3,0.0021484196859055857
polynomial,expanding,rf,x1,6,3,-0.6379873748774174
polynomial,expanding,rf,x2,6,3,-0.4035648588246463
polynomial,expanding,rf,x3,6,3,-1.089744079160459
polynomial,expanding,rf,x4,6,3,-0.004381794121778415
polynomial,expanding,rf,x5,6,3,-0.0012363222656567308
polynomial,expanding,rf,x6,6,3,-0.0061114422256824215
polynomial,expanding,xgboost,x1,6,3,-0.9092391343388758
polynomial,expanding,xgboost,x2,6,3,-0.5659464993738385
polynomial,expanding,xgboost,x3,6,3,-1.53527456005184
polynomial,expanding,xgboost,x4,6,3,0.004692368676976921
polynomial,expanding,xgboost,x5,6,3,0.0017077772827336357
polynomial,expanding,xgboost,x6,6,3,0.0015216511389621878
polynomial,expanding,enet,x1,6,4,0.017482922948330315
polynomial,expanding,enet,x2,6,4,0.02834321184561665
polynomial,expanding,enet,x3,6,4,-0.9763162872787
polynomial,expanding,enet,x4,6,4,0.004172212016154882
polynomial,expanding,enet,x5,6,4,0.0027995971917907183
polynomial,expanding,enet,x6,6,4,0.002150370023930851
polynomial,expanding,rf,x1,6,4,-0.6430135963810026
polynomial,expanding,rf,x2,6,4,-0.40912304093797847
polynomial,expanding,rf,x3,6,4,-1.0792859587503767
polynomial,expanding,rf,x4,6,4,-0.0044741727307998636
polynomial,expanding,rf,x5,6,4,-0.0013497189919741137
polynomial,expanding,rf,x6,6,4,-0.005779383683508573
polynomial,expanding,xgboost,x1,6,4,-0.9273909001766724
polynomial,expanding,xgboost,x2,6,4,-0.5881590301476235
polynomial,expanding,xgboost,x3,6,4,-1.4931504906586517
polynomial,expanding,xgboost,x4,6,4,0.0035918402815851382
polynomial,expanding,xgboost,x5,6,4,0.0015802188633819991
polynomial,expanding,xgboost,x6,6,4,0.0009899651720990017
polynomial,expanding,enet,x1,6,5,0.01747731418506619
polynomial,expanding,enet,x2,6,5,0.02835619361119812
polynomial,expanding,enet,x3,6,5,-0.9763120125060741
polynomial,expanding,enet,x4,6,5,0.004163583230453775
polynomial,expanding,enet,x5,6,5,0.002797384230071217
polynomial,expanding,enet,x6,6,5,0.002149563996408236
polynomial,expanding,rf,x1,6,5,-0.6427329134037653
polynomial,expanding,rf,x2,6,5,-0.4141401311724469
polynomial,expanding,rf,x3,6,5,-1.0744574893072798
polynomial,expanding,rf,x4,6,5,-0.004352194421432494
polynomial,expanding,rf,x5,6,5,-0.0013081648380596593
polynomial,expanding,rf,x6,6,5,-0.0060349783326560935
polynomial,expanding,xgboost,x1,6,5,-0.9314912370726512
polynomial,expanding,xgboost,x2,6,5,-0.6066299560020334
polynomial,expanding,xgboost,x3,6,5,-1.4731631888494021
polynomial,expanding,xgboost,x4,6,5,0.004358987496824396
polynomial,expanding,xgboost,x5,6,5,0.0011429881435233713
polynomial,expanding,xgboost,x6,6,5,0.0032440096178572206
polynomial,expanding,enet,x1,6,6,0.01749633809445328
polynomial,expanding,enet,x2,6,6,0.028344142636592833
polynomial,expanding,enet,x3,6,6,-0.97632503633123
polynomial,expanding,enet,x4,6,6,0.00417613935884061
polynomial,expanding,enet,x5,6,6,0.002793162834209902
polynomial,expanding,enet,x6,6,6,0.002147280154256914
polynomial,expanding,rf,x1,6,6,-0.6430444831138366
polynomial,expanding,rf,x2,6,6,-0.4091890659029203
polynomial,expanding,rf,x3,6,6,-1.0796516989954348
polynomial,expanding,rf,x4,6,6,-0.004307376502730165
polynomial,expanding,rf,x5,6,6,-0.0013530521183047577
polynomial,expanding,rf,x6,6,6,-0.005480194842413614
polynomial,expanding,xgboost,x1,6,6,-0.9274556124939372
polynomial,expanding,xgboost,x2,6,6,-0.5835363092641098
polynomial,expanding,xgboost,x3,6,6,-1.4937894006317982
polynomial,expanding,xgboost,x4,6,6,0.004506513405984736
polynomial,expanding,xgboost,x5,6,6,0.0006085188153813759
polynomial,expanding,xgboost,x6,6,6,-0.0028721064974028265
polynomial,expanding,enet,x1,6,7,0.017485182291118322
polynomial,expanding,enet,x2,6,7,0.028343481326634445
polynomial,expanding,enet,x3,6,7,-0.976324761122147
polynomial,expanding,enet,x4,6,7,0.004178773664342013
polynomial,expanding,enet,x5,6,7,0.0028013320447085968
polynomial,expanding,enet,x6,6,7,0.002148018542466971
polynomial,expanding,rf,x1,6,7,-0.6474777520429343
polynomial,expanding,rf,x2,6,7,-0.40895871590404065
polynomial,expanding,rf,x3,6,7,-1.0748220904658952
polynomial,expanding,rf,x4,6,7,-0.004489125155131779
polynomial,expanding,rf,x5,6,7,-0.0013179061290057303
polynomial,expanding,rf,x6,6,7,-0.005960281778632763
polynomial,expanding,xgboost,x1,6,7,-0.9517396351751652
polynomial,expanding,xgboost,x2,6,7,-0.5853376586750507
polynomial,expanding,xgboost,x3,6,7,-1.4730373551559535
polynomial,expanding,xgboost,x4,6,7,0.0032640546167803097
polynomial,expanding,xgboost,x5,6,7,0.002046528746163123
polynomial,expanding,xgboost,x6,6,7,0.0022656689773446668
polynomial,expanding,enet,x1,8,0,0.017510301998649752
polynomial,expanding,enet,x2,8,0,0.028330590165056735
polynomial,expanding,enet,x3,8,0,-0.9763423624735206
polynomial,expanding,enet,x4,8,0,0.004187605469747946
polynomial,expanding,enet,x5,8,0,0.002799568524240126
polynomial,expanding,enet,x6,8,0,0.0021463230629494012
polynomial,expanding,rf,x1,8,0,-0.6531697403374599
polynomial,expanding,rf,x2,8,0,-0.40401577597028576
polynomial,expanding,rf,x3,8,0,-1.0741021492071807
polynomial,expanding,rf,x4,8,0,-0.0043987855898831585
polynomial,expanding,rf,x5,8,0,-0.0013749836969039753
polynomial,expanding,rf,x6,8,0,-0.005964436673926737
polynomial,expanding,xgboost,x1,8,0,-0.9704477089673015
polynomial,expanding,xgboost,x2,8,0,-0.5651924065046183
polynomial,expanding,xgboost,x3,8,0,-1.474762144065635
polynomial,expanding,xgboost,x4,8,0,0.005179500915693858
polynomial,expanding,xgboost,x5,8,0,0.0016784842944313205
polynomial,expanding,xgboost,x6,8,0,0.0010058776615481102
polynomial,expanding,enet,x1,8,1,0.017467405607970915
polynomial,expanding,enet,x2,8,1,0.028351352590410023
polynomial,expanding,enet,x3,8,1,-0.9763183616445633
polynomial,expanding,enet,x4,8,1,0.004183671803879074
polynomial,expanding,enet,x5,8,1,0.0027978545341046934
polynomial,expanding,enet,x6,8,1,0.0021501038553219942
polynomial,expanding,rf,x1,8,1,-0.6414506013330354
polynomial,expanding,rf,x2,8,1,-0.4112804510319404
polynomial,expanding,rf,x3,8,1,-1.0783145924058823
polynomial,expanding,rf,x4,8,1,-0.004583656148234888
polynomial,expanding,rf,x5,8,1,-0.0012939862114571266
polynomial,expanding,rf,x6,8,1,-0.006102584345090034
polynomial,expanding,xgboost,x1,8,1,-0.925577488646737
polynomial,expanding,xgboost,x2,8,1,-0.5949708991410054
polynomial,expanding,xgboost,x3,8,1,-1.4892070604003185
polynomial,expanding,xgboost,x4,8,1,0.004988183369210322
polynomial,expanding,xgboost,x5,8,1,0.0013618946405339338
polynomial,expanding,xgboost,x6,8,1,0.000866973512434796
polynomial,expanding,enet,x1,8,2,0.017495098818479493
polynomial,expanding,enet,x2,8,2,0.02833896454426954
polynomial,expanding,enet,x3,8,2,-0.9763189461388584
polynomial,expanding,enet,x4,8,2,0.004171328567575433
polynomial,expanding,enet,x5,8,2,0.002795693810581895
polynomial,expanding,enet,x6,8,2,0.0021498871450754686
polynomial,expanding,rf,x1,8,2,-0.6455123532466174
polynomial,expanding,rf,x2,8,2,-0.4082343438838307
polynomial,expanding,rf,x3,8,2,-1.077549057992556
polynomial,expanding,rf,x4,8,2,-0.004292991402760266
polynomial,expanding,rf,x5,8,2,-0.0012691047212024797
polynomial,expanding,rf,x6,8,2,-0.00616802022867366
polynomial,expanding,xgboost,x1,8,2,-0.9415504433254756
polynomial,expanding,xgboost,x2,8,2,-0.5793744221855822
polynomial,expanding,xgboost,x3,8,2,-1.4914691970617322
polynomial,expanding,xgboost,x4,8,2,0.005145167815758314
polynomial,expanding,xgboost,x5,8,2,0.0011926701673040108
polynomial,expanding,xgboost,x6,8,2,0.0035178279238462923
polynomial,expanding,enet,x1,8,3,0.01748402314630479
polynomial,expanding,enet,x2,8,3,0.02834089456002739
polynomial,expanding,enet,x3,8,3,-0.9763234616371657
polynomial,expanding,enet,x4,8,3,0.004180515307271954
polynomial,expanding,enet,x5,8,3,0.002798736061039697
polynomial,expanding,enet,x6,8,3,0.002151319309645211
polynomial,expanding,rf,x1,8,3,-0.645025818311904
polynomial,expanding,rf,x2,8,3,-0.4079525215215989
polynomial,expanding,rf,x3,8,3,-1.0779162430217544
polynomial,expanding,rf,x4,8,3,-0.004514335291141203
polynomial,expanding,rf,x5,8,3,-0.0013592360266132808
polynomial,expanding,rf,x6,8,3,-0.006257717302628474
polynomial,expanding,xgboost,x1,8,3,-0.9412444669944541
polynomial,expanding,xgboost,x2,8,3,-0.5784257631505735
polynomial,expanding,xgboost,x3,8,3,-1.490353813764567
polynomial,expanding,xgboost,x4,8,3,0.004407318040571109
polynomial,expanding,xgboost,x5,8,3,0.0014184747334590603
polynomial,expanding,xgboost,x6,8,3,0.001659854469682892
polynomial,expanding,enet,x1,8,4,0.017474752931030985
polynomial,expanding,enet,x2,8,4,0.02834022104909978
polynomial,expanding,enet,x3,8,4,-0.9763140242981674
polynomial,expanding,enet,x4,8,4,0.004182211195956048
polynomial,expanding,enet,x5,8,4,0.0027998230009964598
polynomial,expanding,enet,x6,8,4,0.0021490428682076346
polynomial,expanding,rf,x1,8,4,-0.6453037542418085
polynomial,expanding,rf,x2,8,4,-0.40789316765961614
polynomial,expanding,rf,x3,8,4,-1.0782554723232858
polynomial,expanding,rf,x4,8,4,-0.004488837030860254
polynomial,expanding,rf,x5,8,4,-0.0012054897258487185
polynomial,expanding,rf,x6,8,4,-0.005879150494220886
polynomial,expanding,xgboost,x1,8,4,-0.940757774577718
polynomial,expanding,xgboost,x2,8,4,-0.5789374660045958
polynomial,expanding,xgboost,x3,8,4,-1.48956227671769
polynomial,expanding,xgboost,x4,8,4,0.0050416819800215285
polynomial,expanding,xgboost,x5,8,4,0.0018015178415704963
polynomial,expanding,xgboost,x6,8,4,-0.00012407918746987212
polynomial,expanding,enet,x1,8,5,0.017449410427450907
polynomial,expanding,enet,x2,8,5,0.02835993548603455
polynomial,expanding,enet,x3,8,5,-0.9763020538834493
polynomial,expanding,enet,x4,8,5,0.004176849210142608
polynomial,expanding,enet,x5,8,5,0.00280096171753072
polynomial,expanding,enet,x6,8,5,0.002146923789413946
polynomial,expanding,rf,x1,8,5,-0.6338322411735067
polynomial,expanding,rf,x2,8,5,-0.4152170975452487
polynomial,expanding,rf,x3,8,5,-1.0830619752846404
polynomial,expanding,rf,x4,8,5,-0.004182864764196298
polynomial,expanding,rf,x5,8,5,-0.0012464473820172906
polynomial,expanding,rf,x6,8,5,-0.0054852453260310075
polynomial,expanding,xgboost,x1,8,5,-0.8926500347216053
polynomial,expanding,xgboost,x2,8,5,-0.6119783890463852
polynomial,expanding,xgboost,x3,8,5,-1.503990969524589
polynomial,expanding,xgboost,x4,8,5,0.005330069082343389
polynomial,expanding,xgboost,x5,8,5,0.0014492723037333038
polynomial,expanding,xgboost,x6,8,5,-0.0006983447593790076
polynomial,expanding,enet,x1,8,6,0.017464345721011076
polynomial,expanding,enet,x2,8,6,0.02833131158794122
polynomial,expanding,enet,x3,8,6,-0.9762832608608131
polynomial,expanding,enet,x4,8,6,0.004177273624511951
polynomial,expanding,enet,x5,8,6,0.002795089559169933
polynomial,expanding,enet,x6,8,6,0.0021472671153023037
polynomial,expanding,rf,x1,8,6,-0.6416929604173249
polynomial,expanding,rf,x2,8,6,-0.40381498998342036
polynomial,expanding,rf,x3,8,6,-1.0861514150227385
polynomial,expanding,rf,x4,8,6,-0.004294795609586205
polynomial,expanding,rf,x5,8,6,-0.001357647370511167
polynomial,expanding,rf,x6,8,6,-0.005714063072059072
polynomial,expanding,xgboost,x1,8,6,-0.924946189639174
polynomial,expanding,xgboost,x2,8,6,-0.5650414684076493
polynomial,expanding,xgboost,x3,8,6,-1.5193200751312688
polynomial,expanding,xgboost,x4,8,6,0.003908294168667156
polynomial,expanding,xgboost,x5,8,6,0.0009415857622291357
polynomial,expanding,xgboost,x6,8,6,0.0019194565813142744
polynomial,expanding,enet,x1,8,7,0.017479613630959373
polynomial,expanding,enet,x2,8,7,0.02833000817960324
polynomial,expanding,enet,x3,8,7,-0.9762970612652416
polynomial,expanding,enet,x4,8,7,0.004169445865566834
polynomial,expanding,enet,x5,8,7,0.0028019561015597827
polynomial,expanding,enet,x6,8,7,0.0021480642346758394
polynomial,expanding,rf,x1,8,7,-0.641618686755474
polynomial,expanding,rf,x2,8,7,-0.40385323165185927
polynomial,expanding,rf,x3,8,7,-1.086734127240725
polynomial,expanding,rf,x4,8,7,-0.004102589078729735
polynomial,expanding,rf,x5,8,7,-0.001269589112252778
polynomial,expanding,rf,x6,8,7,-0.0054476476365996895
polynomial,expanding,xgboost,x1,8,7,-0.9217329373214798
polynomial,expanding,xgboost,x2,8,7,-0.5648494147185967
polynomial,expanding,xgboost,x3,8,7,-1.5199803614002145
polynomial,expanding,xgboost,x4,8,7,0.004851249964881704
polynomial,expanding,xgboost,x5,8,7,0.001649337405467688
polynomial,expanding,xgboost,x6,8,7,-0.002476270595939939
polynomial,expanding,enet,x1,12,0,0.01748938562646742
polynomial,expanding,enet,x2,12,0,0.028343554043388213
polynomial,expanding,enet,x3,12,0,-0.9763096548522291
polynomial,expanding,enet,x4,12,0,0.004165001712444642
polynomial,expanding,enet,x5,12,0,0.002797153068817615
polynomial,expanding,enet,x6,12,0,0.0021465871482348096
polynomial,expanding,rf,x1,12,0,-0.642865850703792
polynomial,expanding,rf,x2,12,0,-0.4089274752481224
polynomial,expanding,rf,x3,12,0,-1.0800827023825177
polynomial,expanding,rf,x4,12,0,-0.004148850492917078
polynomial,expanding,rf,x5,12,0,-0.0015197999362006425
polynomial,expanding,rf,x6,12,0,-0.0054811927120904285
polynomial,expanding,xgboost,x1,12,0,-0.9275493475878678
polynomial,expanding,xgboost,x2,12,0,-0.5853841371218674
polynomial,expanding,xgboost,x3,12,0,-1.493511096383252
polynomial,expanding,xgboost,x4,12,0,0.00469535056800599
polynomial,expanding,xgboost,x5,12,0,0.0011918032074982414
polynomial,expanding,xgboost,x6,12,0,-0.0019809693483987256
polynomial,expanding,enet,x1,12,1,0.017479077210837208
polynomial,expanding,enet,x2,12,1,0.028344822892441873
polynomial,expanding,enet,x3,12,1,-0.9763251762991795
polynomial,expanding,enet,x4,12,1,0.004183782291844999
polynomial,expanding,enet,x5,12,1,0.0027988805862761055
polynomial,expanding,enet,x6,12,1,0.0021506400649029165
polynomial,expanding,rf,x1,12,1,-0.64281658197895
polynomial,expanding,rf,x2,12,1,-0.408686174629353
polynomial,expanding,rf,x3,12,1,-1.0798019364101623
polynomial,expanding,rf,x4,12,1,-0.004410516262379964
polynomial,expanding,rf,x5,12,1,-0.0013218127697610476
polynomial,expanding,rf,x6,12,1,-0.0059888494250341555
polynomial,expanding,xgboost,x1,12,1,-0.9300759283465408
polynomial,expanding,xgboost,x2,12,1,-0.5857999985890093
polynomial,expanding,xgboost,x3,12,1,-1.4937754839234547
polynomial,expanding,xgboost,x4,12,1,0.004655263662392541
polynomial,expanding,xgboost,x5,12,1,0.0014243408915357119
polynomial,expanding,xgboost,x6,12,1,0.0010334096391949783
polynomial,expanding,enet,x1,12,2,0.017492425264448996
polynomial,expanding,enet,x2,12,2,0.028305064983778605
polynomial,expanding,enet,x3,12,2,-0.9762889302818568
polynomial,expanding,enet,x4,12,2,0.004175165409881905
polynomial,expanding,enet,x5,12,2,0.00279860907591839
polynomial,expanding,enet,x6,12,2,0.0021496922949525246
polynomial,expanding,rf,x1,12,2,-0.6478233197889752
polynomial,expanding,rf,x2,12,2,-0.3935913047017523
polynomial,expanding,rf,x3,12,2,-1.0899029641631806
polynomial,expanding,rf,x4,12,2,-0.0044595567704424815
polynomial,expanding,rf,x5,12,2,-0.0011972250731283423
polynomial,expanding,rf,x6,12,2,-0.006051500978161632
polynomial,expanding,xgboost,x1,12,2,-0.9523960648820057
polynomial,expanding,xgboost,x2,12,2,-0.5227142498839538
polynomial,expanding,xgboost,x3,12,2,-1.536072790965795
polynomial,expanding,xgboost,x4,12,2,0.004268299527959346
polynomial,expanding,xgboost,x5,12,2,0.0012878241518844795
polynomial,expanding,xgboost,x6,12,2,0.003088585386029019
polynomial,expanding,enet,x1,12,3,0.01747582738786076
polynomial,expanding,enet,x2,12,3,0.028351499234207433
polynomial,expanding,enet,x3,12,3,-0.9763141941243881
polynomial,expanding,enet,x4,12,3,0.0041684916430599905
polynomial,expanding,enet,x5,12,3,0.002802492962918494
polynomial,expanding,enet,x6,12,3,0.0021479096434650993
polynomial,expanding,rf,x1,12,3,-0.6403903901602571
polynomial,expanding,rf,x2,12,3,-0.4112213459010392
polynomial,expanding,rf,x3,12,3,-1.0798245535303985
polynomial,expanding,rf,x4,12,3,-0.00443997667253752
polynomial,expanding,rf,x5,12,3,-0.0012964149600717307
polynomial,expanding,rf,x6,12,3,-0.0058531902513362
polynomial,expanding,xgboost,x1,12,3,-0.918591586540994
polynomial,expanding,xgboost,x2,12,3,-0.5971209796046181
polynomial,expanding,xgboost,x3,12,3,-1.4940933808685475
polynomial,expanding,xgboost,x4,12,3,0.0038901829710676996
polynomial,expanding,xgboost,x5,12,3,0.0023783510409320086
polynomial,expanding,xgboost,x6,12,3,0.000999016336277997
polynomial,expanding,enet,x1,12,4,0.017505007715054016
polynomial,expanding,enet,x2,12,4,0.028318662836081348
polynomial,expanding,enet,x3,12,4,-0.9763184636156033
polynomial,expanding,enet,x4,12,4,0.004177659284195334
polynomial,expanding,enet,x5,12,4,0.0027986946910108315
polynomial,expanding,enet,x6,12,4,0.00215046583638534
polynomial,expanding,rf,x1,12,4,-0.6528789841796169
polynomial,expanding,rf,x2,12,4,-0.39832427609879684
polynomial,expanding,rf,x3,12,4,-1.0798396496854523
polynomial,expanding,rf,x4,12,4,-0.004404496379177576
polynomial,expanding,rf,x5,12,4,-0.0013082994170068492
polynomial,expanding,rf,x6,12,4,-0.006270165715589804
polynomial,expanding,xgboost,x1,12,4,-0.9731610215747183
polynomial,expanding,xgboost,x2,12,4,-0.5450750377142568
polynomial,expanding,xgboost,x3,12,4,-1.493873386121627
polynomial,expanding,xgboost,x4,12,4,0.004916134029861491
polynomial,expanding,xgboost,x5,12,4,0.0018665458456409063
polynomial,expanding,xgboost,x6,12,4,0.0027883688692180164
polynomial,expanding,enet,x1,12,5,0.01750652273087409
polynomial,expanding,enet,x2,12,5,0.028337196411724535
polynomial,expanding,enet,x3,12,5,-0.9763258836394987
polynomial,expanding,enet,x4,12,5,0.0041706251192932435
polynomial,expanding,enet,x5,12,5,0.002796723455623984
polynomial,expanding,enet,x6,12,5,0.0021468426691062157
polynomial,expanding,rf,x1,12,5,-0.6506314045012315
polynomial,expanding,rf,x2,12,5,-0.40608405777253703
polynomial,expanding,rf,x3,12,5,-1.0748221521243093
polynomial,expanding,rf,x4,12,5,-0.004324073101131439
polynomial,expanding,rf,x5,12,5,-0.001382964969448434
polynomial,expanding,rf,x6,12,5,-0.005781219006982659
polynomial,expanding,xgboost,x1,12,5,-0.9610397617374454
polynomial,expanding,xgboost,x2,12,5,-0.5751065192209588
polynomial,expanding,xgboost,x3,12,5,-1.4719493289440122
polynomial,expanding,xgboost,x4,12,5,0.004663471042359146
polynomial,expanding,xgboost,x5,12,5,0.0012974372982664517
polynomial,expanding,xgboost,x6,12,5,-0.000403695104090764
polynomial,expanding,enet,x1,12,6,0.017464399595685853
polynomial,expanding,enet,x2,12,6,0.028338611654108226
polynomial,expanding,enet,x3,12,6,-0.9762911415188852
polynomial,expanding,enet,x4,12,6,0.004172515780800745
polynomial,expanding,enet,x5,12,6,0.002798593207254748
polynomial,expanding,enet,x6,12,6,0.00214904802815911
polynomial,expanding,rf,x1,12,6,-0.6401386732317503
polynomial,expanding,rf,x2,12,6,-0.40597035492699485
polynomial,expanding,rf,x3,12,6,-1.08539521963715
polynomial,expanding,rf,x4,12,6,-0.004397744738273275
polynomial,expanding,rf,x5,12,6,-0.001286224922605846
polynomial,expanding,rf,x6,12,6,-0.005837654018866156
polynomial,expanding,xgboost,x1,12,6,-0.9197229339842905
polynomial,expanding,xgboost,x2,12,6,-0.5760167631758831
polynomial,expanding,xgboost,x3,12,6,-1.5134725980199735
polynomial,expanding,xgboost,x4,12,6,0.004602196971749906
polynomial,expanding,xgboost,x5,12,6,0.0013368603678974762
polynomial,expanding,xgboost,x6,12,6,0.0007348411746180746
polynomial,expanding,enet,x1,12,7,0.01745793461684092
polynomial,expanding,enet,x2,12,7,0.02836408759276458
polynomial,expanding,enet,x3,12,7,-0.9763164352230361
polynomial,expanding,enet,x4,12,7,0.004180550072854154
polynomial,expanding,enet,x5,12,7,0.0027969468189219158
polynomial,expanding,enet,x6,12,7,0.0021489428687781844
polynomial,expanding,rf,x1,12,7,-0.6375563689110907
polynomial,expanding,rf,x2,12,7,-0.4164308386141764
polynomial,expanding,rf,x3,12,7,-1.0775855331045499
polynomial,expanding,rf,x4,12,7,-0.004359265576304117
polynomial,expanding,rf,x5,12,7,-0.0013932355269500134
polynomial,expanding,rf,x6,12,7,-0.005700629742569389
polynomial,expanding,xgboost,x1,12,7,-0.90945224137836
polynomial,expanding,xgboost,x2,12,7,-0.6174945644286084
polynomial,expanding,xgboost,x3,12,7,-1.4826982200091214
polynomial,expanding,xgboost,x4,12,7,0.0047152727736834805
polynomial,expanding,xgboost,x5,12,7,0.001500072389991965
polynomial,expanding,xgboost,x6,12,7,0.0008912839865328296
polynomial,expanding,enet,x1,18,0,0.017489283683805187
polynomial,expanding,enet,x2,18,0,0.028340020392577287
polynomial,expanding,enet,x3,18,0,-0.9763224026159452
polynomial,expanding,enet,x4,18,0,0.004176065725170782
polynomial,expanding,enet,x5,18,0,0.002799934294662681
polynomial,expanding,enet,x6,18,0,0.0021491252668527114
polynomial,expanding,rf,x1,18,0,-0.6462632856174877
polynomial,expanding,rf,x2,18,0,-0.4073070740180014
polynomial,expanding,rf,x3,18,0,-1.0779539540547545
polynomial,expanding,rf,x4,18,0,-0.0043892044103059176
polynomial,expanding,rf,x5,18,0,-0.0012469143421480016
polynomial,expanding,rf,x6,18,0,-0.005865439032942861
polynomial,expanding,xgboost,x1,18,0,-0.9432911496976859
polynomial,expanding,xgboost,x2,18,0,-0.5783315614099269
polynomial,expanding,xgboost,x3,18,0,-1.4874343736477078
polynomial,expanding,xgboost,x4,18,0,0.00421909479764335
polynomial,expanding,xgboost,x5,18,0,0.0015661920228942144
polynomial,expanding,xgboost,x6,18,0,0.0007334012689012446
polynomial,expanding,enet,x1,18,1,0.017470624380089186
polynomial,expanding,enet,x2,18,1,0.02834701326024168
polynomial,expanding,enet,x3,18,1,-0.9762990072787687
polynomial,expanding,enet,x4,18,1,0.004166341117526118
polynomial,expanding,enet,x5,18,1,0.0027981525586953473
polynomial,expanding,enet,x6,18,1,0.0021489027093397
polynomial,expanding,rf,x1,18,1,-0.6393111436263816
polynomial,expanding,rf,x2,18,1,-0.4106043268105934
polynomial,expanding,rf,x3,18,1,-1.0817060510105663
polynomial,expanding,rf,x4,18,1,-0.004162743833111018
polynomial,expanding,rf,x5,18,1,-0.0013778114333753916
polynomial,expanding,rf,x6,18,1,-0.005863794761612177
polynomial,expanding,xgboost,x1,18,1,-0.9164303117206427
polynomial,expanding,xgboost,x2,18,1,-0.593456872503464
polynomial,expanding,xgboost,x3,18,1,-1.5003295714721367
polynomial,expanding,xgboost,x4,18,1,0.004778311217456094
polynomial,expanding,xgboost,x5,18,1,0.0017406557218934816
polynomial,expanding,xgboost,x6,18,1,0.0011593920910123272
polynomial,expanding,enet,x1,18,2,0.017486233452098505
polynomial,expanding,enet,x2,18,2,0.02834800074293806
polynomial,expanding,enet,x3,18,2,-0.9763258487057187
polynomial,expanding,enet,x4,18,2,0.004179786609594616
polynomial,expanding,enet,x5,18,2,0.002795238357092167
polynomial,expanding,enet,x6,18,2,0.00214861629111872
polynomial,expanding,rf,x1,18,2,-0.646422085190532
polynomial,expanding,rf,x2,18,2,-0.41066547807504716
polynomial,expanding,rf,x3,18,2,-1.0741701934512418
polynomial,expanding,rf,x4,18,2,-0.0042873637074794585
polynomial,expanding,rf,x5,18,2,-0.001322257588297034
polynomial,expanding,rf,x6,18,2,-0.006158493463042918
polynomial,expanding,xgboost,x1,18,2,-0.9442595258240737
polynomial,expanding,xgboost,x2,18,2,-0.5922441825901108
polynomial,expanding,xgboost,x3,18,2,-1.4741306880611353
polynomial,expanding,xgboost,x4,18,2,0.004788399334513792
polynomial,expanding,xgboost,x5,18,2,0.0007712016705727384
polynomial,expanding,xgboost,x6,18,2,0.0025363988043517163
polynomial,expanding,enet,x1,18,3,0.017470122889858473
polynomial,expanding,enet,x2,18,3,0.028351036897526175
polynomial,expanding,enet,x3,18,3,-0.9763091356898053
polynomial,expanding,enet,x4,18,3,0.004174825302438278
polynomial,expanding,enet,x5,18,3,0.0027959265088420837
polynomial,expanding,enet,x6,18,3,0.0021492508382636106
polynomial,expanding,rf,x1,18,3,-0.637872948879314
polynomial,expanding,rf,x2,18,3,-0.4126677439266435
polynomial,expanding,rf,x3,18,3,-1.0813987840195733
polynomial,expanding,rf,x4,18,3,-0.004192512407202593
polynomial,expanding,rf,x5,18,3,-0.0014229802855238265
polynomial,expanding,rf,x6,18,3,-0.005470901957383114
polynomial,expanding,xgboost,x1,18,3,-0.9097652978930942
polynomial,expanding,xgboost,x2,18,3,-0.5982707930279898
polynomial,expanding,xgboost,x3,18,3,-1.500892327818667
polynomial,expanding,xgboost,x4,18,3,0.005588829523904191
polynomial,expanding,xgboost,x5,18,3,0.0014966448730468237
polynomial,expanding,xgboost,x6,18,3,-0.0006954523230817689
polynomial,expanding,enet,x1,18,4,0.017481840844758456
polynomial,expanding,enet,x2,18,4,0.028356054938020698
polynomial,expanding,enet,x3,18,4,-0.9763268492565792
polynomial,expanding,enet,x4,18,4,0.004175335127975262
polynomial,expanding,enet,x5,18,4,0.0027968710645176354
polynomial,expanding,enet,x6,18,4,0.0021487740284303397
polynomial,expanding,rf,x1,18,4,-0.6445317249810755
polynomial,expanding,rf,x2,18,4,-0.41421821117393837
polynomial,expanding,rf,x3,18,4,-1.0729424765226927
polynomial,expanding,rf,x4,18,4,-0.004256972213134468
polynomial,expanding,rf,x5,18,4,-0.0013579074823931478
polynomial,expanding,rf,x6,18,4,-0.005718579102406202
polynomial,expanding,xgboost,x1,18,4,-0.9380760227753169
polynomial,expanding,xgboost,x2,18,4,-0.606546764898024
polynomial,expanding,xgboost,x3,18,4,-1.4653996483553338
polynomial,expanding,xgboost,x4,18,4,0.0052316375541327014
polynomial,expanding,xgboost,x5,18,4,0.001119766575345787
polynomial,expanding,xgboost,x6,18,4,0.0011326352333145212
polynomial,expanding,enet,x1,18,5,0.017473435160136233
polynomial,expanding,enet,x2,18,5,0.028334823242176548
polynomial,expanding,enet,x3,18,5,-0.97629077327155
polynomial,expanding,enet,x4,18,5,0.00417017203689322
polynomial,expanding,enet,x5,18,5,0.0027971149538460966
polynomial,expanding,enet,x6,18,5,0.002147254625621252
polynomial,expanding,rf,x1,18,5,-0.6393010226959482
polynomial,expanding,rf,x2,18,5,-0.4056210778447063
polynomial,expanding,rf,x3,18,5,-1.0869711865511005
polynomial,expanding,rf,x4,18,5,-0.00426719299733939
polynomial,expanding,rf,x5,18,5,-0.0013096805237334437
polynomial,expanding,rf,x6,18,5,-0.005555710862812529
polynomial,expanding,xgboost,x1,18,5,-0.9148680007109546
polynomial,expanding,xgboost,x2,18,5,-0.5712913465359354
polynomial,expanding,xgboost,x3,18,5,-1.5215913487822923
polynomial,expanding,xgboost,x4,18,5,0.004307381786542435
polynomial,expanding,xgboost,x5,18,5,0.0013645963546294573
polynomial,expanding,xgboost,x6,18,5,-0.0004596787778709162
polynomial,expanding,enet,x1,18,6,0.01747849250287413
polynomial,expanding,enet,x2,18,6,0.028347548528025606
polynomial,expanding,enet,x3,18,6,-0.9763088289429623
polynomial,expanding,enet,x4,18,6,0.004169175451958989
polynomial,expanding,enet,x5,18,6,0.002798074329009125
polynomial,expanding,enet,x6,18,6,0.002147564878217866
polynomial,expanding,rf,x1,18,6,-0.6412620939357913
polynomial,expanding,rf,x2,18,6,-0.41077299956385654
polynomial,expanding,rf,x3,18,6,-1.0800358663687692
polynomial,expanding,rf,x4,18,6,-0.004184681747347331
polynomial,expanding,rf,x5,18,6,-0.0013382189335962148
polynomial,expanding,rf,x6,18,6,-0.005432010926279663
polynomial,expanding,xgboost,x1,18,6,-0.9233471834369618
polynomial,expanding,xgboost,x2,18,6,-0.5919998707666205
polynomial,expanding,xgboost,x3,18,6,-1.4939830473631361
polynomial,expanding,xgboost,x4,18,6,0.004919976624240331
polynomial,expanding,xgboost,x5,18,6,0.0018809595895945058
polynomial,expanding,xgboost,x6,18,6,-9.231312998150524e-06
polynomial,expanding,enet,x1,18,7,0.017484531627537034
polynomial,expanding,enet,x2,18,7,0.028352978318563354
polynomial,expanding,enet,x3,18,7,-0.976329718859755
polynomial,expanding,enet,x4,18,7,0.004177355168678109
polynomial,expanding,enet,x5,18,7,0.0027973244415273233
polynomial,expanding,enet,x6,18,7,0.002149556050572568
polynomial,expanding,rf,x1,18,7,-0.6447560935511167
polynomial,expanding,rf,x2,18,7,-0.41235045639349655
polynomial,expanding,rf,x3,18,7,-1.07426209031419
polynomial,expanding,rf,x4,18,7,-0.004308478812671651
polynomial,expanding,rf,x5,18,7,-0.0013612880885837983
polynomial,expanding,rf,x6,18,7,-0.005987464315581392
polynomial,expanding,xgboost,x1,18,7,-0.9358726122683605
polynomial,expanding,xgboost,x2,18,7,-0.5995484402434124
polynomial,expanding,xgboost,x3,18,7,-1.4738880493108129
polynomial,expanding,xgboost,x4,18,7,0.00559689564944724
polynomial,expanding,xgboost,x5,18,7,0.0009701232974243154
polynomial,expanding,xgboost,x6,18,7,0.0002036862098321077
polynomial,expanding,enet,x1,30,0,0.01748873365691821
polynomial,expanding,enet,x2,30,0,0.028353349519732347
polynomial,expanding,enet,x3,30,0,-0.9763282240398329
polynomial,expanding,enet,x4,30,0,0.004171054182669446
polynomial,expanding,enet,x5,30,0,0.0027983952906789566
polynomial,expanding,enet,x6,30,0,0.002148718136957369
polynomial,expanding,rf,x1,30,0,-0.6439098843462735
polynomial,expanding,rf,x2,30,0,-0.41324594210745696
polynomial,expanding,rf,x3,30,0,-1.0744573655365686
polynomial,expanding,rf,x4,30,0,-0.004209323799194224
polynomial,expanding,rf,x5,30,0,-0.0013432423178536324
polynomial,expanding,rf,x6,30,0,-0.00586011336829347
polynomial,expanding,xgboost,x1,30,0,-0.9340479950154454
polynomial,expanding,xgboost,x2,30,0,-0.601455522897688
polynomial,expanding,xgboost,x3,30,0,-1.4735605412137311
polynomial,expanding,xgboost,x4,30,0,0.005163740178065187
polynomial,expanding,xgboost,x5,30,0,0.0013291975346084283
polynomial,expanding,xgboost,x6,30,0,3.2724748308884015e-05
polynomial,expanding,enet,x1,30,1,0.017480113534761643
polynomial,expanding,enet,x2,30,1,0.028346034866195892
polynomial,expanding,enet,x3,30,1,-0.9763096135164797
polynomial,expanding,enet,x4,30,1,0.004171068670913576
polynomial,expanding,enet,x5,30,1,0.0027977335582740183
polynomial,expanding,enet,x6,30,1,0.002146689633457995
polynomial,expanding,rf,x1,30,1,-0.6419894438853633
polynomial,expanding,rf,x2,30,1,-0.40989354224133373
polynomial,expanding,rf,x3,30,1,-1.080065412539349
polynomial,expanding,rf,x4,30,1,-0.004111826402012338
polynomial,expanding,rf,x5,30,1,-0.0013604166781656065
polynomial,expanding,rf,x6,30,1,-0.0056052297294162095
polynomial,expanding,xgboost,x1,30,1,-0.9254024462184192
polynomial,expanding,xgboost,x2,30,1,-0.5894642819850102
polynomial,expanding,xgboost,x3,30,1,-1.4932536822601958
polynomial,expanding,xgboost,x4,30,1,0.005054254263409356
polynomial,expanding,xgboost,x5,30,1,0.0013761306344956203
polynomial,expanding,xgboost,x6,30,1,-0.0008483711001614824
polynomial,expanding,enet,x1,30,2,0.01748380730404459
polynomial,expanding,enet,x2,30,2,0.028345391986152026
polynomial,expanding,enet,x3,30,2,-0.9763159072962689
polynomial,expanding,enet,x4,30,2,0.004174961645906709
polynomial,expanding,enet,x5,30,2,0.0027968237419327894
polynomial,expanding,enet,x6,30,2,0.002146949365356073
polynomial,expanding,rf,x1,30,2,-0.6430321579414553
polynomial,expanding,rf,x2,30,2,-0.41020599970187044
polynomial,expanding,rf,x3,30,2,-1.0787787414295011
polynomial,expanding,rf,x4,30,2,-0.0041880714786593975
polynomial,expanding,rf,x5,30,2,-0.001388818426785184
polynomial,expanding,rf,x6,30,2,-0.005432082497368684
polynomial,expanding,xgboost,x1,30,2,-0.9292684054396585
polynomial,expanding,xgboost,x2,30,2,-0.5888217876435241
polynomial,expanding,xgboost,x3,30,2,-1.4896052876510635
polynomial,expanding,xgboost,x4,30,2,0.00456771237091258
polynomial,expanding,xgboost,x5,30,2,0.0016502472086200371
polynomial,expanding,xgboost,x6,30,2,-0.0010608755111685502
polynomial,expanding,enet,x1,30,3,0.017486407212998174
polynomial,expanding,enet,x2,30,3,0.028340506303570677
polynomial,expanding,enet,x3,30,3,-0.9763154257299324
polynomial,expanding,enet,x4,30,3,0.0041730450818596495
polynomial,expanding,enet,x5,30,3,0.002797720084520698
polynomial,expanding,enet,x6,30,3,0.0021497737941064206
polynomial,expanding,rf,x1,30,3,-0.6448820044720108
polynomial,expanding,rf,x2,30,3,-0.4080035385013165
polynomial,expanding,rf,x3,30,3,-1.078644203657834
polynomial,expanding,rf,x4,30,3,-0.004239241959386083
polynomial,expanding,rf,x5,30,3,-0.0013649058435657225
polynomial,expanding,rf,x6,30,3,-0.0058919770415271
polynomial,expanding,xgboost,x1,30,3,-0.9364496213060385
polynomial,expanding,xgboost,x2,30,3,-0.5830723385156485
polynomial,expanding,xgboost,x3,30,3,-1.4895375492888645
polynomial,expanding,xgboost,x4,30,3,0.004753823489120279
polynomial,expanding,xgboost,x5,30,3,0.0011393581245955132
polynomial,expanding,xgboost,x6,30,3,0.0006279308309536565
polynomial,expanding,enet,x1,30,4,0.017488396191051064
polynomial,expanding,enet,x2,30,4,0.02833918726724122
polynomial,expanding,enet,x3,30,4,-0.9763170964885446
polynomial,expanding,enet,x4,30,4,0.00417464751200584
polynomial,expanding,enet,x5,30,4,0.0027991075350598674
polynomial,expanding,enet,x6,30,4,0.0021477847303098246
polynomial,expanding,rf,x1,30,4,-0.6458475212979619
polynomial,expanding,rf,x2,30,4,-0.4067175065338763
polynomial,expanding,rf,x3,30,4,-1.0791369806218372
polynomial,expanding,rf,x4,30,4,-0.004288755881108626
polynomial,expanding,rf,x5,30,4,-0.0013952967398432289
polynomial,expanding,rf,x6,30,4,-0.005639810401012839
polynomial,expanding,xgboost,x1,30,4,-0.9416831598610362
polynomial,expanding,xgboost,x2,30,4,-0.5769978057804284
polynomial,expanding,xgboost,x3,30,4,-1.4891624191014254
polynomial,expanding,xgboost,x4,30,4,0.004536953216299866
polynomial,expanding,xgboost,x5,30,4,0.001814696466511423
polynomial,expanding,xgboost,x6,30,4,-0.0010466616058034117
polynomial,expanding,enet,x1,30,5,0.01746856199954257
polynomial,expanding,enet,x2,30,5,0.02834848468584915
polynomial,expanding,enet,x3,30,5,-0.9763080473680389
polynomial,expanding,enet,x4,30,5,0.004176452760530373
polynomial,expanding,enet,x5,30,5,0.002797468927589327
polynomial,expanding,enet,x6,30,5,0.002149105741650807
polynomial,expanding,rf,x1,30,5,-0.6399112743448111
polynomial,expanding,rf,x2,30,5,-0.41101903209372354
polynomial,expanding,rf,x3,30,5,-1.0808029282738574
polynomial,expanding,rf,x4,30,5,-0.004204226671362976
polynomial,expanding,rf,x5,30,5,-0.001342113810749616
polynomial,expanding,rf,x6,30,5,-0.005746296281135891
polynomial,expanding,xgboost,x1,30,5,-0.9165431428966683
polynomial,expanding,xgboost,x2,30,5,-0.5947345916672979
polynomial,expanding,xgboost,x3,30,5,-1.4983240178093573
polynomial,expanding,xgboost,x4,30,5,0.005437689850184979
polynomial,expanding,xgboost,x5,30,5,0.0015184863306019537
polynomial,expanding,xgboost,x6,30,5,0.00010717952665469561
polynomial,expanding,enet,x1,30,6,0.01747716599001725
polynomial,expanding,enet,x2,30,6,0.02834291819124033
polynomial,expanding,enet,x3,30,6,-0.9763050755320405
polynomial,expanding,enet,x4,30,6,0.0041716222329433545
polynomial,expanding,enet,x5,30,6,0.002796329256457919
polynomial,expanding,enet,x6,30,6,0.0021490666085048978
polynomial,expanding,rf,x1,30,6,-0.6409462355371917
polynomial,expanding,rf,x2,30,6,-0.4090153225180656
polynomial,expanding,rf,x3,30,6,-1.0817737677606103
polynomial,expanding,rf,x4,30,6,-0.0042128681744175575
polynomial,expanding,rf,x5,30,6,-0.0013668418207261723
polynomial,expanding,rf,x6,30,6,-0.005710835664628925
polynomial,expanding,xgboost,x1,30,6,-0.9199295305903707
polynomial,expanding,xgboost,x2,30,6,-0.5860557355584348
polynomial,expanding,xgboost,x3,30,6,-1.5020714353558946
polynomial,expanding,xgboost,x4,30,6,0.004782016021772203
polynomial,expanding,xgboost,x5,30,6,0.0012970532542470048
polynomial,expanding,xgboost,x6,30,6,-0.0005607644372009742
polynomial,expanding,enet,x1,30,7,0.017482600295777098
polynomial,expanding,enet,x2,30,7,0.02833873361065243
polynomial,expanding,enet,x3,30,7,-0.9763045126405189
polynomial,expanding,enet,x4,30,7,0.004171196351662994
polynomial,expanding,enet,x5,30,7,0.0027978598508914413
polynomial,expanding,enet,x6,30,7,0.0021461492786584084
polynomial,expanding,rf,x1,30,7,-0.6429833678457363
polynomial,expanding,rf,x2,30,7,-0.4069541193527044
polynomial,expanding,rf,x3,30,7,-1.0823338167891385
polynomial,expanding,rf,x4,30,7,-0.004278614439617479
polynomial,expanding,rf,x5,30,7,-0.0012401018462595856
polynomial,expanding,rf,x6,30,7,-0.005235851202183861
polynomial,expanding,xgboost,x1,30,7,-0.9286333544421174
polynomial,expanding,xgboost,x2,30,7,-0.5768169178529862
polynomial,expanding,xgboost,x3,30,7,-1.5012664050327227
polynomial,expanding,xgboost,x4,30,7,0.0045940090377680765
polynomial,expanding,xgboost,x5,30,7,0.0014304795055920564
polynomial,expanding,xgboost,x6,30,7,-0.0018462078814158918
polynomial,expanding,enet,x1,40,0,0.0174861600740793
polynomial,expanding,enet,x2,40,0,0.028348134120597095
polynomial,expanding,enet,x3,40,0,-0.9763267862710855
polynomial,expanding,enet,x4,40,0,0.0041776551989552825
polynomial,expanding,enet,x5,40,0,0.002798074433933595
polynomial,expanding,enet,x6,40,0,0.002148789190643585
polynomial,expanding,rf,x1,40,0,-0.6454774888119141
polynomial,expanding,rf,x2,40,0,-0.41084685066202126
polynomial,expanding,rf,x3,40,0,-1.0750371295494223
polynomial,expanding,rf,x4,40,0,-0.004393878315614702
polynomial,expanding,rf,x5,40,0,-0.0014062837363836122
polynomial,expanding,rf,x6,40,0,-0.005864240400284093
polynomial,expanding,xgboost,x1,40,0,-0.9392436663947837
polynomial,expanding,xgboost,x2,40,0,-0.5920937235897791
polynomial,expanding,xgboost,x3,40,0,-1.4767143784047927
polynomial,expanding,xgboost,x4,40,0,0.004420798087621594
polynomial,expanding,xgboost,x5,40,0,0.001453461525019889
polynomial,expanding,xgboost,x6,40,0,-0.00036088788916764647
polynomial,expanding,enet,x1,40,1,0.017497481731056114
polynomial,expanding,enet,x2,40,1,0.02833629196317457
polynomial,expanding,enet,x3,40,1,-0.9763185143850904
polynomial,expanding,enet,x4,40,1,0.004171469630840058
polynomial,expanding,enet,x5,40,1,0.002797168724301369
polynomial,expanding,enet,x6,40,1,0.0021481290828417486
polynomial,expanding,rf,x1,40,1,-0.6485576943680476
polynomial,expanding,rf,x2,40,1,-0.40610166303332773
polynomial,expanding,rf,x3,40,1,-1.0769326032889677
polynomial,expanding,rf,x4,40,1,-0.004211679765617371
polynomial,expanding,rf,x5,40,1,-0.001370848919165102
polynomial,expanding,rf,x6,40,1,-0.00585138210051489
polynomial,expanding,xgboost,x1,40,1,-0.9521149377565911
polynomial,expanding,xgboost,x2,40,1,-0.5749388341200395
polynomial,expanding,xgboost,x3,40,1,-1.4822610774554437
polynomial,expanding,xgboost,x4,40,1,0.004930915106685299
polynomial,expanding,xgboost,x5,40,1,0.001185695381859031
polynomial,expanding,xgboost,x6,40,1,0.0006598421776481955
polynomial,expanding,enet,x1,40,2,0.01747067617524541
polynomial,expanding,enet,x2,40,2,0.02835178075738943
polynomial,expanding,enet,x3,40,2,-0.9763160308731107
polynomial,expanding,enet,x4,40,2,0.004177979273735788
polynomial,expanding,enet,x5,40,2,0.002798891683876631
polynomial,expanding,enet,x6,40,2,0.0021487297299868703
polynomial,expanding,rf,x1,40,2,-0.6392605943781857
polynomial,expanding,rf,x2,40,2,-0.41232412338031976
polynomial,expanding,rf,x3,40,2,-1.0798551936889331
polynomial,expanding,rf,x4,40,2,-0.004315586746482874
polynomial,expanding,rf,x5,40,2,-0.0014052689539772012
polynomial,expanding,rf,x6,40,2,-0.0058651043277416215
polynomial,expanding,xgboost,x1,40,2,-0.9149933156362448
polynomial,expanding,xgboost,x2,40,2,-0.5990605401171185
polynomial,expanding,xgboost,x3,40,2,-1.495441929694123
polynomial,expanding,xgboost,x4,40,2,0.004607420197847887
polynomial,expanding,xgboost,x5,40,2,0.00172022237654752
polynomial,expanding,xgboost,x6,40,2,0.0006297462072093251
polynomial,expanding,enet,x1,40,3,0.01747789213747335
polynomial,expanding,enet,x2,40,3,0.02835743593138502
polynomial,expanding,enet,x3,40,3,-0.9763196156724195
polynomial,expanding,enet,x4,40,3,0.004169546034671118
polynomial,expanding,enet,x5,40,3,0.0027970941109471625
polynomial,expanding,enet,x6,40,3,0.00214967420506621
polynomial,expanding,rf,x1,40,3,-0.6422771934127903
polynomial,expanding,rf,x2,40,3,-0.41464160607895983
polynomial,expanding,rf,x3,40,3,-1.0746239492819547
polynomial,expanding,rf,x4,40,3,-0.00431714719566777
polynomial,expanding,rf,x5,40,3,-0.0012946210610627396
polynomial,expanding,rf,x6,40,3,-0.0058713544452047685
polynomial,expanding,xgboost,x1,40,3,-0.9274340245630739
polynomial,expanding,xgboost,x2,40,3,-0.609179201539239
polynomial,expanding,xgboost,x3,40,3,-1.4723031694969577
polynomial,expanding,xgboost,x4,40,3,0.004380897936639858
polynomial,expanding,xgboost,x5,40,3,0.0012487832372159557
polynomial,expanding,xgboost,x6,40,3,0.0007483177595333457
polynomial,expanding,enet,x1,40,4,0.01746926008905874
polynomial,expanding,enet,x2,40,4,0.02835009959702403
polynomial,expanding,enet,x3,40,4,-0.976309365017902
polynomial,expanding,enet,x4,40,4,0.004176327587339846
polynomial,expanding,enet,x5,40,4,0.002797186367007554
polynomial,expanding,enet,x6,40,4,0.002148518124595289
polynomial,expanding,rf,x1,40,4,-0.6391717868026485
polynomial,expanding,rf,x2,40,4,-0.4114904639215841
polynomial,expanding,rf,x3,40,4,-1.0808601697680582
polynomial,expanding,rf,x4,40,4,-0.00442391935542365
polynomial,expanding,rf,x5,40,4,-0.0013571437352256188
polynomial,expanding,rf,x6,40,4,-0.005722387892700037
polynomial,expanding,xgboost,x1,40,4,-0.9147277301210277
polynomial,expanding,xgboost,x2,40,4,-0.5958061117484641
polynomial,expanding,xgboost,x3,40,4,-1.498036500970104
polynomial,expanding,xgboost,x4,40,4,0.004608714493690477
polynomial,expanding,xgboost,x5,40,4,0.0012888598354520442
polynomial,expanding,xgboost,x6,40,4,0.00013437184457155139
polynomial,expanding,enet,x1,40,5,0.01747307364023958
polynomial,expanding,enet,x2,40,5,0.028336475042441505
polynomial,expanding,enet,x3,40,5,-0.976294116949829
polynomial,expanding,enet,x4,40,5,0.004170552729206434
polynomial,expanding,enet,x5,40,5,0.00279836039913407
polynomial,expanding,enet,x6,40,5,0.0021476818859309356
polynomial,expanding,rf,x1,40,5,-0.6408054802707103
polynomial,expanding,rf,x2,40,5,-0.40616800383285
polynomial,expanding,rf,x3,40,5,-1.0848586981702624
polynomial,expanding,rf,x4,40,5,-0.004294209256191184
polynomial,expanding,rf,x5,40,5,-0.0013272937958062558
polynomial,expanding,rf,x6,40,5,-0.005572186149820168
polynomial,expanding,xgboost,x1,40,5,-0.9208525413286488
polynomial,expanding,xgboost,x2,40,5,-0.5744388705917522
polynomial,expanding,xgboost,x3,40,5,-1.5134337705309826
polynomial,expanding,xgboost,x4,40,5,0.004491522768753817
polynomial,expanding,xgboost,x5,40,5,0.0015484804609575409
polynomial,expanding,xgboost,x6,40,5,0.00014678255579063382
polynomial,expanding,enet,x1,40,6,0.0174835598713811
polynomial,expanding,enet,x2,40,6,0.02833648639050878
polynomial,expanding,enet,x3,40,6,-0.9763120071971574
polynomial,expanding,enet,x4,40,6,0.004178384160357973
polynomial,expanding,enet,x5,40,6,0.0027968920762384054
polynomial,expanding,enet,x6,40,6,0.0021487114457947208
polynomial,expanding,rf,x1,40,6,-0.6444946981983701
polynomial,expanding,rf,x2,40,6,-0.4061249021074351
polynomial,expanding,rf,x3,40,6,-1.0808231151851626
polynomial,expanding,rf,x4,40,6,-0.004339458359241666
polynomial,expanding,rf,x5,40,6,-0.0013569165609691515
polynomial,expanding,rf,x6,40,6,-0.005886781064461577
polynomial,expanding,xgboost,x1,40,6,-0.9365836497876344
polynomial,expanding,xgboost,x2,40,6,-0.5737867751674541
polynomial,expanding,xgboost,x3,40,6,-1.497951905072908
polynomial,expanding,xgboost,x4,40,6,0.004588110483408361
polynomial,expanding,xgboost,x5,40,6,0.0012838600753561163
polynomial,expanding,xgboost,x6,40,6,-8.803719664977062e-05
polynomial,expanding,enet,x1,40,7,0.017480565767183275
polynomial,expanding,enet,x2,40,7,0.028340690547504925
polynomial,expanding,enet,x3,40,7,-0.9763054545250445
polynomial,expanding,enet,x4,40,7,0.004170198561783389
polynomial,expanding,enet,x5,40,7,0.002799399470465547
polynomial,expanding,enet,x6,40,7,0.002146626925230627
polynomial,expanding,rf,x1,40,7,-0.6430284588168614
polynomial,expanding,rf,x2,40,7,-0.40760278544464745
polynomial,expanding,rf,x3,40,7,-1.0813561891265504
polynomial,expanding,rf,x4,40,7,-0.004261040563190194
polynomial,expanding,rf,x5,40,7,-0.0013205015688744382
polynomial,expanding,rf,x6,40,7,-0.005456895955516456
polynomial,expanding,xgboost,x1,40,7,-0.9308090566969349
polynomial,expanding,xgboost,x2,40,7,-0.5809695345581688
polynomial,expanding,xgboost,x3,40,7,-1.4972567946562043
polynomial,expanding,xgboost,x4,40,7,0.004918162803582374
polynomial,expanding,xgboost,x5,40,7,0.0012868625895648329
polynomial,expanding,xgboost,x6,40,7,0.0002919638522794088
polynomial,expanding,enet,x1,60,0,0.017489215966750436
polynomial,expanding,enet,x2,60,0,0.028333101618498953
polynomial,expanding,enet,x3,60,0,-0.9763067332268869
polynomial,expanding,enet,x4,60,0,0.00416969416292757
polynomial,expanding,enet,x5,60,0,0.0027977693036546885
polynomial,expanding,enet,x6,60,0,0.00214897892217882
polynomial,expanding,rf,x1,60,0,-0.6454650936007024
polynomial,expanding,rf,x2,60,0,-0.40504306824569297
polynomial,expanding,rf,x3,60,0,-1.0811889672335224
polynomial,expanding,rf,x4,60,0,-0.004257429311596853
polynomial,expanding,rf,x5,60,0,-0.0012742671987750623
polynomial,expanding,rf,x6,60,0,-0.005797045885350656
polynomial,expanding,xgboost,x1,60,0,-0.9404334023964227
polynomial,expanding,xgboost,x2,60,0,-0.5687209765995404
polynomial,expanding,xgboost,x3,60,0,-1.5003666273899714
polynomial,expanding,xgboost,x4,60,0,0.004612903518530864
polynomial,expanding,xgboost,x5,60,0,0.0014850036707623009
polynomial,expanding,xgboost,x6,60,0,0.0008847025307593718
polynomial,expanding,enet,x1,60,1,0.017473443125945873
polynomial,expanding,enet,x2,60,1,0.028350070611320218
polynomial,expanding,enet,x3,60,1,-0.9763152057018505
polynomial,expanding,enet,x4,60,1,0.0041782732813649085
polynomial,expanding,enet,x5,60,1,0.0027972740676285596
polynomial,expanding,enet,x6,60,1,0.002148171362714335
polynomial,expanding,rf,x1,60,1,-0.6409674142118272
polynomial,expanding,rf,x2,60,1,-0.4116201445725072
polynomial,expanding,rf,x3,60,1,-1.079216918359528
polynomial,expanding,rf,x4,60,1,-0.004230437117061899
polynomial,expanding,rf,x5,60,1,-0.0012892333985441058
polynomial,expanding,rf,x6,60,1,-0.005701723816171792
polynomial,expanding,xgboost,x1,60,1,-0.9210198707959679
polynomial,expanding,xgboost,x2,60,1,-0.5960487426647366
polynomial,expanding,xgboost,x3,60,1,-1.4919398009419842
polynomial,expanding,xgboost,x4,60,1,0.004959630389309747
polynomial,expanding,xgboost,x5,60,1,0.0013468907462907984
polynomial,expanding,xgboost,x6,60,1,0.0001634966012065216
polynomial,expanding,enet,x1,60,2,0.0174786853154283
polynomial,expanding,enet,x2,60,2,0.028343401586545653
polynomial,expanding,enet,x3,60,2,-0.976311169618801
polynomial,expanding,enet,x4,60,2,0.004174122886801868
polynomial,expanding,enet,x5,60,2,0.002798010180655623
polynomial,expanding,enet,x6,60,2,0.0021489763964928892
polynomial,expanding,rf,x1,60,2,-0.6423440332413684
polynomial,expanding,rf,x2,60,2,-0.4089117314081918
polynomial,expanding,rf,x3,60,2,-1.0802493414992411
polynomial,expanding,rf,x4,60,2,-0.004231906502657612
polynomial,expanding,rf,x5,60,2,-0.0013852457555378302
polynomial,expanding,rf,x6,60,2,-0.0059036130686432875
polynomial,expanding,xgboost,x1,60,2,-0.9274469569317234
polynomial,expanding,xgboost,x2,60,2,-0.5856930344355522
polynomial,expanding,xgboost,x3,60,2,-1.4961635179903838
polynomial,expanding,xgboost,x4,60,2,0.005171087780719741
polynomial,expanding,xgboost,x5,60,2,0.0013012162460207903
polynomial,expanding,xgboost,x6,60,2,0.00029280866503702727
polynomial,expanding,enet,x1,60,3,0.017488013007904323
polynomial,expanding,enet,x2,60,3,0.028346199730921815
polynomial,expanding,enet,x3,60,3,-0.976325036920339
polynomial,expanding,enet,x4,60,3,0.004176994886270443
polynomial,expanding,enet,x5,60,3,0.002796735607511036
polynomial,expanding,enet,x6,60,3,0.0021491204348550157
polynomial,expanding,rf,x1,60,3,-0.6453794562998661
polynomial,expanding,rf,x2,60,3,-0.4099550460718279
polynomial,expanding,rf,x3,60,3,-1.076049212571895
polynomial,expanding,rf,x4,60,3,-0.004347945994410966
polynomial,expanding,rf,x5,60,3,-0.0014062025904395352
polynomial,expanding,rf,x6,60,3,-0.005888007947200753
polynomial,expanding,xgboost,x1,60,3,-0.9398422535313747
polynomial,expanding,xgboost,x2,60,3,-0.5900993349394732
polynomial,expanding,xgboost,x3,60,3,-1.479545212627167
polynomial,expanding,xgboost,x4,60,3,0.004976987456236948
polynomial,expanding,xgboost,x5,60,3,0.0012284250205145952
polynomial,expanding,xgboost,x6,60,3,0.00074299195538212
polynomial,expanding,enet,x1,60,4,0.017492314766040906
polynomial,expanding,enet,x2,60,4,0.028341282302759254
polynomial,expanding,enet,x3,60,4,-0.9763176708534582
polynomial,expanding,enet,x4,60,4,0.004169734733301289
polynomial,expanding,enet,x5,60,4,0.0027980421998362926
polynomial,expanding,enet,x6,60,4,0.0021483235986439865
polynomial,expanding,rf,x1,60,4,-0.6456020031299271
polynomial,expanding,rf,x2,60,4,-0.40799491986787306
polynomial,expanding,rf,x3,60,4,-1.0781063477083754
polynomial,expanding,rf,x4,60,4,-0.004269064731305035
polynomial,expanding,rf,x5,60,4,-0.0012804498172746721
polynomial,expanding,rf,x6,60,4,-0.005773086220884797
polynomial,expanding,xgboost,x1,60,4,-0.93955739460376
polynomial,expanding,xgboost,x2,60,4,-0.5819226137273714
polynomial,expanding,xgboost,x3,60,4,-1.4881328342437112
polynomial,expanding,xgboost,x4,60,4,0.0048246080792127
polynomial,expanding,xgboost,x5,60,4,0.0012200961935144971
polynomial,expanding,xgboost,x6,60,4,0.001029741636233981
polynomial,expanding,enet,x1,60,5,0.01747385631296084
polynomial,expanding,enet,x2,60,5,0.028346887694494945
polynomial,expanding,enet,x3,60,5,-0.9763061907100133
polynomial,expanding,enet,x4,60,5,0.004172137455489977
polynomial,expanding,enet,x5,60,5,0.0027970021891089623
polynomial,expanding,enet,x6,60,5,0.0021483338050820736
polynomial,expanding,rf,x1,60,5,-0.6397956715014398
polynomial,expanding,rf,x2,60,5,-0.41059383731415894
polynomial,expanding,rf,x3,60,5,-1.0814636254620162
polynomial,expanding,rf,x4,60,5,-0.004284488187927512
polynomial,expanding,rf,x5,60,5,-0.0013527244236057224
polynomial,expanding,rf,x6,60,5,-0.005535524586492024
polynomial,expanding,xgboost,x1,60,5,-0.91671215742822
polynomial,expanding,xgboost,x2,60,5,-0.5915281637133406
polynomial,expanding,xgboost,x3,60,5,-1.499522045882488
polynomial,expanding,xgboost,x4,60,5,0.004432960393083953
polynomial,expanding,xgboost,x5,60,5,0.001365035743702279
polynomial,expanding,xgboost,x6,60,5,-0.0005740257786196209
polynomial,expanding,enet,x1,60,6,0.017477394659631895
polynomial,expanding,enet,x2,60,6,0.028352557791507516
polynomial,expanding,enet,x3,60,6,-0.9763242718267918
polynomial,expanding,enet,x4,60,6,0.004179338934849697
polynomial,expanding,enet,x5,60,6,0.002798201349188593
polynomial,expanding,enet,x6,60,6,0.0021488058387374924
polynomial,expanding,rf,x1,60,6,-0.6409036829153497
polynomial,expanding,rf,x2,60,6,-0.4126212590490837
polynomial,expanding,rf,x3,60,6,-1.07821292089926
polynomial,expanding,rf,x4,60,6,-0.004299582115467078
polynomial,expanding,rf,x5,60,6,-0.0012742931464699736
polynomial,expanding,rf,x6,60,6,-0.005714133350010094
polynomial,expanding,xgboost,x1,60,6,-0.921177380396326
polynomial,expanding,xgboost,x2,60,6,-0.6002030369735941
polynomial,expanding,xgboost,x3,60,6,-1.4878602638898013
polynomial,expanding,xgboost,x4,60,6,0.004812865559348826
polynomial,expanding,xgboost,x5,60,6,0.0016251717597274358
polynomial,expanding,xgboost,x6,60,6,0.00026424727476340913
polynomial,expanding,enet,x1,60,7,0.017470705549303002
polynomial,expanding,enet,x2,60,7,0.02834703176551374
polynomial,expanding,enet,x3,60,7,-0.9763076846635531
polynomial,expanding,enet,x4,60,7,0.004174686557891009
polynomial,expanding,enet,x5,60,7,0.0027984965051230048
polynomial,expanding,enet,x6,60,7,0.0021487910328458907
polynomial,expanding,rf,x1,60,7,-0.639254120445466
polynomial,expanding,rf,x2,60,7,-0.41048563586894704
polynomial,expanding,rf,x3,60,7,-1.081891674746142
polynomial,expanding,rf,x4,60,7,-0.004235735160803848
polynomial,expanding,rf,x5,60,7,-0.0013317761317008828
polynomial,expanding,rf,x6,60,7,-0.0058269291225804855
polynomial,expanding,xgboost,x1,60,7,-0.9141984327976824
polynomial,expanding,xgboost,x2,60,7,-0.5926177332490297
polynomial,expanding,xgboost,x3,60,7,-1.5021937928635476
polynomial,expanding,xgboost,x4,60,7,0.0047632770938245365
polynomial,expanding,xgboost,x5,60,7,0.0014093736215028427
polynomial,expanding,xgboost,x6,60,7,0.0002989115290506679
polynomial,expanding,enet,x1,80,0,0.017475816105028616
polynomial,expanding,enet,x2,80,0,0.028342436565058027
polynomial,expanding,enet,x3,80,0,-0.9763088659963411
polynomial,expanding,enet,x4,80,0,0.004176583693054989
polynomial,expanding,enet,x5,80,0,0.0027978422149166878
polynomial,expanding,enet,x6,80,0,0.002148214165406287
polynomial,expanding,rf,x1,80,0,-0.6422970713293669
polynomial,expanding,rf,x2,80,0,-0.4083059408244175
polynomial,expanding,rf,x3,80,0,-1.08098105264235
polynomial,expanding,rf,x4,80,0,-0.0043137138110228655
polynomial,expanding,rf,x5,80,0,-0.0013276942497914529
polynomial,expanding,rf,x6,80,0,-0.005800398618691241
polynomial,expanding,xgboost,x1,80,0,-0.9274405728010391
polynomial,expanding,xgboost,x2,80,0,-0.5837737008123404
polynomial,expanding,xgboost,x3,80,0,-1.4976985297006344
polynomial,expanding,xgboost,x4,80,0,0.004499593104924843
polynomial,expanding,xgboost,x5,80,0,0.0015889825744534985
polynomial,expanding,xgboost,x6,80,0,0.0002858309687539487
polynomial,expanding,enet,x1,80,1,0.017485894556165157
polynomial,expanding,enet,x2,80,1,0.028341418832800752
polynomial,expanding,enet,x3,80,1,-0.9763167963417219
polynomial,expanding,enet,x4,80,1,0.004174870421274337
polynomial,expanding,enet,x5,80,1,0.0027992019085085807
polynomial,expanding,enet,x6,80,1,0.0021474373700966195
polynomial,expanding,rf,x1,80,1,-0.644790747660441
polynomial,expanding,rf,x2,80,1,-0.40803171558899043
polynomial,expanding,rf,x3,80,1,-1.0788450223938395
polynomial,expanding,rf,x4,80,1,-0.004291570132001476
polynomial,expanding,rf,x5,80,1,-0.0013512001440382892
polynomial,expanding,rf,x6,80,1,-0.005715615556329714
polynomial,expanding,xgboost,x1,80,1,-0.9369364728629002
polynomial,expanding,xgboost,x2,80,1,-0.581400652316406
polynomial,expanding,xgboost,x3,80,1,-1.4905449850749384
polynomial,expanding,xgboost,x4,80,1,0.004839058236688107
polynomial,expanding,xgboost,x5,80,1,0.001512601884950307
polynomial,expanding,xgboost,x6,80,1,-7.946533275109135e-06
polynomial,expanding,enet,x1,80,2,0.017484034857258003
polynomial,expanding,enet,x2,80,2,0.028342684360037097
polynomial,expanding,enet,x3,80,2,-0.9763159311804426
polynomial,expanding,enet,x4,80,2,0.004175919289863267
polynomial,expanding,enet,x5,80,2,0.0027965513534519647
polynomial,expanding,enet,x6,80,2,0.0021487680669558585
polynomial,expanding,rf,x1,80,2,-0.6435133089973457
polynomial,expanding,rf,x2,80,2,-0.40888440268133497
polynomial,expanding,rf,x3,80,2,-1.0793043801292383
polynomial,expanding,rf,x4,80,2,-0.0042334330469509796
polynomial,expanding,rf,x5,80,2,-0.0013765727887696839
polynomial,expanding,rf,x6,80,2,-0.00571377383200086
polynomial,expanding,xgboost,x1,80,2,-0.9317937861604854
polynomial,expanding,xgboost,x2,80,2,-0.5856257755129567
polynomial,expanding,xgboost,x3,80,2,-1.4913158287386505
polynomial,expanding,xgboost,x4,80,2,0.004797159726638222
polynomial,expanding,xgboost,x5,80,2,0.0014594209109531978
polynomial,expanding,xgboost,x6,80,2,-5.958689138038653e-05
polynomial,expanding,enet,x1,80,3,0.017485326264584343
polynomial,expanding,enet,x2,80,3,0.028340239770180083
polynomial,expanding,enet,x3,80,3,-0.9763133972997149
polynomial,expanding,enet,x4,80,3,0.004174546723682768
polynomial,expanding,enet,x5,80,3,0.002797347724524135
polynomial,expanding,enet,x6,80,3,0.002147963563867142
polynomial,expanding,rf,x1,80,3,-0.6450640730204547
polynomial,expanding,rf,x2,80,3,-0.40771043906226484
polynomial,expanding,rf,x3,80,3,-1.0787754594595822
polynomial,expanding,rf,x4,80,3,-0.004306249392979608
polynomial,expanding,rf,x5,80,3,-0.0013643712310377116
polynomial,expanding,rf,x6,80,3,-0.0058052793093216395
polynomial,expanding,xgboost,x1,80,3,-0.9379094552509402
polynomial,expanding,xgboost,x2,80,3,-0.5805588595720498
polynomial,expanding,xgboost,x3,80,3,-1.4902836523207197
polynomial,expanding,xgboost,x4,80,3,0.004760299645165454
polynomial,expanding,xgboost,x5,80,3,0.001254290186951197
polynomial,expanding,xgboost,x6,80,3,0.00019898064571150786
polynomial,expanding,enet,x1,80,4,0.017479569001743505
polynomial,expanding,enet,x2,80,4,0.02834408359871334
polynomial,expanding,enet,x3,80,4,-0.9763117444988687
polynomial,expanding,enet,x4,80,4,0.004173636803253067
polynomial,expanding,enet,x5,80,4,0.002798221498328146
polynomial,expanding,enet,x6,80,4,0.0021482603439541533
polynomial,expanding,rf,x1,80,4,-0.642055894201673
polynomial,expanding,rf,x2,80,4,-0.4092414885732378
polynomial,expanding,rf,x3,80,4,-1.08047805560101
polynomial,expanding,rf,x4,80,4,-0.004271551725562375
polynomial,expanding,rf,x5,80,4,-0.0013074940861101919
polynomial,expanding,rf,x6,80,4,-0.005671387288046883
polynomial,expanding,xgboost,x1,80,4,-0.9254748713668984
polynomial,expanding,xgboost,x2,80,4,-0.5869075745909932
polynomial,expanding,xgboost,x3,80,4,-1.4965239434644577
polynomial,expanding,xgboost,x4,80,4,0.004551868200079608
polynomial,expanding,xgboost,x5,80,4,0.0013518764187005344
polynomial,expanding,xgboost,x6,80,4,0.0004642481376877311
polynomial,expanding,enet,x1,80,5,0.01748045065197984
polynomial,expanding,enet,x2,80,5,0.028341454629900786
polynomial,expanding,enet,x3,80,5,-0.976314466111376
polynomial,expanding,enet,x4,80,5,0.004177659552350235
polynomial,expanding,enet,x5,80,5,0.00279841319808124
polynomial,expanding,enet,x6,80,5,0.002148514826187359
polynomial,expanding,rf,x1,80,5,-0.6434876842332787
polynomial,expanding,rf,x2,80,5,-0.4081347428117753
polynomial,expanding,rf,x3,80,5,-1.0798608249065373
polynomial,expanding,rf,x4,80,5,-0.004382678291532679
polynomial,expanding,rf,x5,80,5,-0.0013522758977079108
polynomial,expanding,rf,x6,80,5,-0.0058076653348082844
polynomial,expanding,xgboost,x1,80,5,-0.9320075565956433
polynomial,expanding,xgboost,x2,80,5,-0.581505915865363
polynomial,expanding,xgboost,x3,80,5,-1.4954227684664176
polynomial,expanding,xgboost,x4,80,5,0.004629322083135555
polynomial,expanding,xgboost,x5,80,5,0.0014161754788623276
polynomial,expanding,xgboost,x6,80,5,0.0003523466995445174
polynomial,expanding,enet,x1,80,6,0.017487196491603962
polynomial,expanding,enet,x2,80,6,0.028339532492578135
polynomial,expanding,enet,x3,80,6,-0.9763105696568722
polynomial,expanding,enet,x4,80,6,0.004170358074217053
polynomial,expanding,enet,x5,80,6,0.0027979075408317454
polynomial,expanding,enet,x6,80,6,0.0021476018047648674
polynomial,expanding,rf,x1,80,6,-0.6450460733970285
polynomial,expanding,rf,x2,80,6,-0.40738068301664654
polynomial,expanding,rf,x3,80,6,-1.0793441106300983
polynomial,expanding,rf,x4,80,6,-0.004287271505864864
polynomial,expanding,rf,x5,80,6,-0.0013520309018953125
polynomial,expanding,rf,x6,80,6,-0.005615702024106781
polynomial,expanding,xgboost,x1,80,6,-0.9377953891544785
polynomial,expanding,xgboost,x2,80,6,-0.5786986182212412
polynomial,expanding,xgboost,x3,80,6,-1.491590416061112
polynomial,expanding,xgboost,x4,80,6,0.00449660794070567
polynomial,expanding,xgboost,x5,80,6,0.0014309927402232996
polynomial,expanding,xgboost,x6,80,6,-0.000381573909979116
polynomial,expanding,enet,x1,80,7,0.017486553562262183
polynomial,expanding,enet,x2,80,7,0.02833658056995212
polynomial,expanding,enet,x3,80,7,-0.9763115474425227
polynomial,expanding,enet,x4,80,7,0.00417386378905375
polynomial,expanding,enet,x5,80,7,0.0027988198625280626
polynomial,expanding,enet,x6,80,7,0.0021477564058500096
polynomial,expanding,rf,x1,80,7,-0.6445979131092542
polynomial,expanding,rf,x2,80,7,-0.4062466891934709
polynomial,expanding,rf,x3,80,7,-1.080897030180568
polynomial,expanding,rf,x4,80,7,-0.004237471418552299
polynomial,expanding,rf,x5,80,7,-0.001363819720015913
polynomial,expanding,rf,x6,80,7,-0.005682947853778819
polynomial,expanding,xgboost,x1,80,7,-0.9368226004846452
polynomial,expanding,xgboost,x2,80,7,-0.5737644709889164
polynomial,expanding,xgboost,x3,80,7,-1.498330381398263
polynomial,expanding,xgboost,x4,80,7,0.004874708404118623
polynomial,expanding,xgboost,x5,80,7,0.0016040894049890743
polynomial,expanding,xgboost,x6,80,7,-9.974160316470887e-05
polynomial,expanding,enet,x1,100,0,0.017475023032708502
polynomial,expanding,enet,x2,100,0,0.02834327380103879
polynomial,expanding,enet,x3,100,0,-0.9763055259899694
polynomial,expanding,enet,x4,100,0,0.0041735972570196185
polynomial,expanding,enet,x5,100,0,0.002797664988139894
polynomial,expanding,enet,x6,100,0,0.0021479936581860672
polynomial,expanding,rf,x1,100,0,-0.6405650905367417
polynomial,expanding,rf,x2,100,0,-0.40887901553921374
polynomial,expanding,rf,x3,100,0,-1.0824077733901292
polynomial,expanding,rf,x4,100,0,-0.004313200337064516
polynomial,expanding,rf,x5,100,0,-0.0012873601312516447
polynomial,expanding,rf,x6,100,0,-0.005573431541239442
polynomial,expanding,xgboost,x1,100,0,-0.9194766780960585
polynomial,expanding,xgboost,x2,100,0,-0.5845171231816384
polynomial,expanding,xgboost,x3,100,0,-1.504293769035391
polynomial,expanding,xgboost,x4,100,0,0.004437587064032157
polynomial,expanding,xgboost,x5,100,0,0.0013167061894115296
polynomial,expanding,xgboost,x6,100,0,-5.119606237481422e-06
polynomial,expanding,enet,x1,100,1,0.017472481125012207
polynomial,expanding,enet,x2,100,1,0.028346714163531052
polynomial,expanding,enet,x3,100,1,-0.976310874677586
polynomial,expanding,enet,x4,100,1,0.004176035654110277
polynomial,expanding,enet,x5,100,1,0.0027985910900109267
polynomial,expanding,enet,x6,100,1,0.00214907939204507
polynomial,expanding,rf,x1,100,1,-0.6407483456515912
polynomial,expanding,rf,x2,100,1,-0.41027222399040186
polynomial,expanding,rf,x3,100,1,-1.0805215772829337
polynomial,expanding,rf,x4,100,1,-0.004348260037395897
polynomial,expanding,rf,x5,100,1,-0.0013212078624032842
polynomial,expanding,rf,x6,100,1,-0.00581425665091452
polynomial,expanding,xgboost,x1,100,1,-0.9209482219395996
polynomial,expanding,xgboost,x2,100,1,-0.5921765376703644
polynomial,expanding,xgboost,x3,100,1,-1.4966855061702367
polynomial,expanding,xgboost,x4,100,1,0.0046759327064318
polynomial,expanding,xgboost,x5,100,1,0.0016603573818710804
polynomial,expanding,xgboost,x6,100,1,0.000935579026016069
polynomial,expanding,enet,x1,100,2,0.01747898309820339
polynomial,expanding,enet,x2,100,2,0.02833859159385623
polynomial,expanding,enet,x3,100,2,-0.9763082376336338
polynomial,expanding,enet,x4,100,2,0.004176390183178038
polynomial,expanding,enet,x5,100,2,0.002797846818250309
polynomial,expanding,enet,x6,100,2,0.0021484526872696196
polynomial,expanding,rf,x1,100,2,-0.6437643271686553
polynomial,expanding,rf,x2,100,2,-0.4068459461214912
polynomial,expanding,rf,x3,100,2,-1.0808810916144993
polynomial,expanding,rf,x4,100,2,-0.0043153371324494705
polynomial,expanding,rf,x5,100,2,-0.0013461322790421471
polynomial,expanding,rf,x6,100,2,-0.005873037159503134
polynomial,expanding,xgboost,x1,100,2,-0.933655132761205
polynomial,expanding,xgboost,x2,100,2,-0.5778790567658578
polynomial,expanding,xgboost,x3,100,2,-1.498085624143142
polynomial,expanding,xgboost,x4,100,2,0.004706606861372135
polynomial,expanding,xgboost,x5,100,2,0.0015116627438034158
polynomial,expanding,xgboost,x6,100,2,0.0008631473991479466
polynomial,expanding,enet,x1,100,3,0.01747756633256081
polynomial,expanding,enet,x2,100,3,0.02834345184724766
polynomial,expanding,enet,x3,100,3,-0.9763105345976407
polynomial,expanding,enet,x4,100,3,0.004175122638877388
polynomial,expanding,enet,x5,100,3,0.002797772785127024
polynomial,expanding,enet,x6,100,3,0.002148647740951204
polynomial,expanding,rf,x1,100,3,-0.6421434307517353
polynomial,expanding,rf,x2,100,3,-0.4087725747343234
polynomial,expanding,rf,x3,100,3,-1.0807210414905863
polynomial,expanding,rf,x4,100,3,-0.004309288972328102
polynomial,expanding,rf,x5,100,3,-0.0013260522118605045
polynomial,expanding,rf,x6,100,3,-0.005753483314806744
polynomial,expanding,xgboost,x1,100,3,-0.9263915238250847
polynomial,expanding,xgboost,x2,100,3,-0.5841688231153521
polynomial,expanding,xgboost,x3,100,3,-1.4985006932766396
polynomial,expanding,xgboost,x4,100,3,0.004852725703360069
polynomial,expanding,xgboost,x5,100,3,0.001332403418207413
polynomial,expanding,xgboost,x6,100,3,0.00033751442962688726
polynomial,expanding,enet,x1,100,4,0.017472869150754
polynomial,expanding,enet,x2,100,4,0.028351918723610564
polynomial,expanding,enet,x3,100,4,-0.9763146421551367
polynomial,expanding,enet,x4,100,4,0.004177795029615723
polynomial,expanding,enet,x5,100,4,0.0027961708098582006
polynomial,expanding,enet,x6,100,4,0.002147915188421763
polynomial,expanding,rf,x1,100,4,-0.640846349105227
polynomial,expanding,rf,x2,100,4,-0.41259280047953417
polynomial,expanding,rf,x3,100,4,-1.0784411452950378
polynomial,expanding,rf,x4,100,4,-0.004244389887246787
polynomial,expanding,rf,x5,100,4,-0.0013361292399349956
polynomial,expanding,rf,x6,100,4,-0.005565057468659984
polynomial,expanding,xgboost,x1,100,4,-0.9214563512278253
polynomial,expanding,xgboost,x2,100,4,-0.5996431332411691
polynomial,expanding,xgboost,x3,100,4,-1.4879315776764246
polynomial,expanding,xgboost,x4,100,4,0.005154053576831914
polynomial,expanding,xgboost,x5,100,4,0.001232777213318046
polynomial,expanding,xgboost,x6,100,4,0.00010583468938765383
polynomial,expanding,enet,x1,100,5,0.01748706693163131
polynomial,expanding,enet,x2,100,5,0.028342339263273147
polynomial,expanding,enet,x3,100,5,-0.9763174847097986
polynomial,expanding,enet,x4,100,5,0.004173640876047309
polynomial,expanding,enet,x5,100,5,0.0027988867262350526
polynomial,expanding,enet,x6,100,5,0.002147577659735349
polynomial,expanding,rf,x1,100,5,-0.644879997439567
polynomial,expanding,rf,x2,100,5,-0.4084572652947942
polynomial,expanding,rf,x3,100,5,-1.078282741342237
polynomial,expanding,rf,x4,100,5,-0.004327657629113595
polynomial,expanding,rf,x5,100,5,-0.0013699507097961283
polynomial,expanding,rf,x6,100,5,-0.005708259060132592
polynomial,expanding,xgboost,x1,100,5,-0.936797717394073
polynomial,expanding,xgboost,x2,100,5,-0.5836557909507802
polynomial,expanding,xgboost,x3,100,5,-1.4882219587407304
polynomial,expanding,xgboost,x4,100,5,0.004492910617790434
polynomial,expanding,xgboost,x5,100,5,0.0015099602215004992
polynomial,expanding,xgboost,x6,100,5,0.0001341995804113294
polynomial,expanding,enet,x1,100,6,0.017477583013430664
polynomial,expanding,enet,x2,100,6,0.028342364974342102
polynomial,expanding,enet,x3,100,6,-0.976311085225668
polynomial,expanding,enet,x4,100,6,0.004176303900362297
polynomial,expanding,enet,x5,100,6,0.002797951710485229
polynomial,expanding,enet,x6,100,6,0.002148908374171263
polynomial,expanding,rf,x1,100,6,-0.6420810567204238
polynomial,expanding,rf,x2,100,6,-0.4084854040813201
polynomial,expanding,rf,x3,100,6,-1.0809347700900125
polynomial,expanding,rf,x4,100,6,-0.004343288348474583
polynomial,expanding,rf,x5,100,6,-0.0012565985019087301
polynomial,expanding,rf,x6,100,6,-0.005924753733500603
polynomial,expanding,xgboost,x1,100,6,-0.9264312017882916
polynomial,expanding,xgboost,x2,100,6,-0.5835263589695396
polynomial,expanding,xgboost,x3,100,6,-1.4995916030570515
polynomial,expanding,xgboost,x4,100,6,0.004605634128260669
polynomial,expanding,xgboost,x5,100,6,0.0015941076242505514
polynomial,expanding,xgboost,x6,100,6,0.0008110253964901471
polynomial,expanding,enet,x1,100,7,0.017476846914999712
polynomial,expanding,enet,x2,100,7,0.02834840413309167
polynomial,expanding,enet,x3,100,7,-0.9763109927581032
polynomial,expanding,enet,x4,100,7,0.004171870692680757
polynomial,expanding,enet,x5,100,7,0.0027984332778906796
polynomial,expanding,enet,x6,100,7,0.0021474644865639193
polynomial,expanding,rf,x1,100,7,-0.6405615731598618
polynomial,expanding,rf,x2,100,7,-0.4109848987775788
polynomial,expanding,rf,x3,100,7,-1.0803954334915784
polynomial,expanding,rf,x4,100,7,-0.004239030143368829
polynomial,expanding,rf,x5,100,7,-0.0013640789399381869
polynomial,expanding,rf,x6,100,7,-0.005480856963314338
polynomial,expanding,xgboost,x1,100,7,-0.9194043878487922
polynomial,expanding,xgboost,x2,100,7,-0.5926569306432644
polynomial,expanding,xgboost,x3,100,7,-1.4953198424540648
polynomial,expanding,xgboost,x4,100,7,0.00465505201943896
polynomial,expanding,xgboost,x5,100,7,0.0015288138011150198
polynomial,expanding,xgboost,x6,100,7,-0.0013411015403138327
polynomial,expanding,enet,x1,200,0,0.017484590395799016
polynomial,expanding,enet,x2,200,0,0.02834092865714808
polynomial,expanding,enet,x3,200,0,-0.9763153091946012
polynomial,expanding,enet,x4,200,0,0.00417594708391125
polynomial,expanding,enet,x5,200,0,0.0027979093027523795
polynomial,expanding,enet,x6,200,0,0.002147960502113928
polynomial,expanding,rf,x1,200,0,-0.6445157630015899
polynomial,expanding,rf,x2,200,0,-0.4078508206925088
polynomial,expanding,rf,x3,200,0,-1.0792693703074272
polynomial,expanding,rf,x4,200,0,-0.004350091030274125
polynomial,expanding,rf,x5,200,0,-0.0013162483685653947
polynomial,expanding,rf,x6,200,0,-0.005723578075275111
polynomial,expanding,xgboost,x1,200,0,-0.9360371207668152
polynomial,expanding,xgboost,x2,200,0,-0.580997038638554
polynomial,expanding,xgboost,x3,200,0,-1.4917449706995738
polynomial,expanding,xgboost,x4,200,0,0.004521423573496012
polynomial,expanding,xgboost,x5,200,0,0.0015254172212985596
polynomial,expanding,xgboost,x6,200,0,0.000193892644266776
polynomial,expanding,enet,x1,200,1,0.017481089255165817
polynomial,expanding,enet,x2,200,1,0.028339574341524777
polynomial,expanding,enet,x3,200,1,-0.9763085819767531
polynomial,expanding,enet,x4,200,1,0.0041744773271559866
polynomial,expanding,enet,x5,200,1,0.00279780197883728
polynomial,expanding,enet,x6,200,1,0.002147665821192749
polynomial,expanding,rf,x1,200,1,-0.6433375712162234
polynomial,expanding,rf,x2,200,1,-0.40721816539957956
polynomial,expanding,rf,x3,200,1,-1.08118556508919
polynomial,expanding,rf,x4,200,1,-0.004314214488312509
polynomial,expanding,rf,x5,200,1,-0.0013203571165620598
polynomial,expanding,rf,x6,200,1,-0.005649998165772711
polynomial,expanding,xgboost,x1,200,1,-0.9303640127746684
polynomial,expanding,xgboost,x2,200,1,-0.578468386051313
polynomial,expanding,xgboost,x3,200,1,-1.49928945952015
polynomial,expanding,xgboost,x4,200,1,0.0045697080676544485
polynomial,expanding,xgboost,x5,200,1,0.0012626295683765532
polynomial,expanding,xgboost,x6,200,1,-0.0002488759557814141
polynomial,expanding,enet,x1,200,2,0.017486927797977635
polynomial,expanding,enet,x2,200,2,0.028337103704054015
polynomial,expanding,enet,x3,200,2,-0.9763123881194237
polynomial,expanding,enet,x4,200,2,0.0041737581664051246
polynomial,expanding,enet,x5,200,2,0.00279818678099779
polynomial,expanding,enet,x6,200,2,0.0021484384171126083
polynomial,expanding,rf,x1,200,2,-0.644977370025001
polynomial,expanding,rf,x2,200,2,-0.40628125377103885
polynomial,expanding,rf,x3,200,2,-1.0804083934984192
polynomial,expanding,rf,x4,200,2,-0.0043195541707115506
polynomial,expanding,rf,x5,200,2,-0.0013380954734381568
polynomial,expanding,rf,x6,200,2,-0.0057012045370315526
polynomial,expanding,xgboost,x1,200,2,-0.9376487837736829
polynomial,expanding,xgboost,x2,200,2,-0.5749128248871951
polynomial,expanding,xgboost,x3,200,2,-1.4961025285621532
polynomial,expanding,xgboost,x4,200,2,0.004473445745178278
polynomial,expanding,xgboost,x5,200,2,0.0014352582962164268
polynomial,expanding,xgboost,x6,200,2,0.00021703651575488649
polynomial,expanding,enet,x1,200,3,0.017485669890196273
polynomial,expanding,enet,x2,200,3,0.02834247335874819
polynomial,expanding,enet,x3,200,3,-0.9763174238523089
polynomial,expanding,enet,x4,200,3,0.004175682435052092
polynomial,expanding,enet,x5,200,3,0.0027975794778215546
polynomial,expanding,enet,x6,200,3,0.0021480454376143075
polynomial,expanding,rf,x1,200,3,-0.6451316614471335
polynomial,expanding,rf,x2,200,3,-0.4084524844975547
polynomial,expanding,rf,x3,200,3,-1.077976472907132
polynomial,expanding,rf,x4,200,3,-0.004334717824860962
polynomial,expanding,rf,x5,200,3,-0.0013572425771082052
polynomial,expanding,rf,x6,200,3,-0.005773292221850754
polynomial,expanding,xgboost,x1,200,3,-0.9384011924768842
polynomial,expanding,xgboost,x2,200,3,-0.5833871937787611
polynomial,expanding,xgboost,x3,200,3,-1.486796077948249
polynomial,expanding,xgboost,x4,200,3,0.004661426722210471
polynomial,expanding,xgboost,x5,200,3,0.001243208334294104
polynomial,expanding,xgboost,x6,200,3,0.00014143248150825017
polynomial,expanding,enet,x1,200,4,0.01747569931956643
polynomial,expanding,enet,x2,200,4,0.028345617903879808
polynomial,expanding,enet,x3,200,4,-0.9763130420600491
polynomial,expanding,enet,x4,200,4,0.00417766972185571
polynomial,expanding,enet,x5,200,4,0.0027975191861408987
polynomial,expanding,enet,x6,200,4,0.0021485626757297782
polynomial,expanding,rf,x1,200,4,-0.641803971570366
polynomial,expanding,rf,x2,200,4,-0.409903902754195
polynomial,expanding,rf,x3,200,4,-1.0799885742426971
polynomial,expanding,rf,x4,200,4,-0.004290587834151678
polynomial,expanding,rf,x5,200,4,-0.001296923421801901
polynomial,expanding,rf,x6,200,4,-0.005741911652428711
polynomial,expanding,xgboost,x1,200,4,-0.9244144342684828
polynomial,expanding,xgboost,x2,200,4,-0.5893251993321196
polynomial,expanding,xgboost,x3,200,4,-1.4949426849940608
polynomial,expanding,xgboost,x4,200,4,0.004752666377479221
polynomial,expanding,xgboost,x5,200,4,0.001296101608164777
polynomial,expanding,xgboost,x6,200,4,9.515394313759195e-05
polynomial,expanding,enet,x1,200,5,0.01747598469817452
polynomial,expanding,enet,x2,200,5,0.028344457998706208
polynomial,expanding,enet,x3,200,5,-0.9763108135767056
polynomial,expanding,enet,x4,200,5,0.004175875554156709
polynomial,expanding,enet,x5,200,5,0.0027982455376472626
polynomial,expanding,enet,x6,200,5,0.0021482765351442347
polynomial,expanding,rf,x1,200,5,-0.641281952713633
polynomial,expanding,rf,x2,200,5,-0.40945100396182466
polynomial,expanding,rf,x3,200,5,-1.0810279485260166
polynomial,expanding,rf,x4,200,5,-0.004282758232246636
polynomial,expanding,rf,x5,200,5,-0.0013448056134189124
polynomial,expanding,rf,x6,200,5,-0.005637402428500794
polynomial,expanding,xgboost,x1,200,5,-0.9230491227431915
polynomial,expanding,xgboost,x2,200,5,-0.5868571127045551
polynomial,expanding,xgboost,x3,200,5,-1.4986162396216232
polynomial,expanding,xgboost,x4,200,5,0.004675566898073686
polynomial,expanding,xgboost,x5,200,5,0.0014098103489923193
polynomial,expanding,xgboost,x6,200,5,-0.00010129884357769792
polynomial,expanding,enet,x1,200,6,0.017474199222443514
polynomial,expanding,enet,x2,200,6,0.02834449960393651
polynomial,expanding,enet,x3,200,6,-0.9763084333499603
polynomial,expanding,enet,x4,200,6,0.004177112554315489
polynomial,expanding,enet,x5,200,6,0.00279697754977138
polynomial,expanding,enet,x6,200,6,0.002147671166616931
polynomial,expanding,rf,x1,200,6,-0.6405381265634447
polynomial,expanding,rf,x2,200,6,-0.4093936209685882
polynomial,expanding,rf,x3,200,6,-1.0819091171606308
polynomial,expanding,rf,x4,200,6,-0.00424830465118517
polynomial,expanding,rf,x5,200,6,-0.0013199490204466057
polynomial,expanding,rf,x6,200,6,-0.00561675311134484
polynomial,expanding,xgboost,x1,200,6,-0.9197538064248388
polynomial,expanding,xgboost,x2,200,6,-0.5872346976889786
polynomial,expanding,xgboost,x3,200,6,-1.5016368650394958
polynomial,expanding,xgboost,x4,200,6,0.004842524733342737
polynomial,expanding,xgboost,x5,200,6,0.0013242605651122674
polynomial,expanding,xgboost,x6,200,6,-7.981281102346638e-05
polynomial,expanding,enet,x1,200,7,0.017483294987201393
polynomial,expanding,enet,x2,200,7,0.028342271286229005
polynomial,expanding,enet,x3,200,7,-0.9763115745155184
polynomial,expanding,enet,x4,200,7,0.004172763336658224
polynomial,expanding,enet,x5,200,7,0.00279724332730557
polynomial,expanding,enet,x6,200,7,0.002148028325247795
polynomial,expanding,rf,x1,200,7,-0.6436762399096927
polynomial,expanding,rf,x2,200,7,-0.4082776528255688
polynomial,expanding,rf,x3,200,7,-1.0797366214917932
polynomial,expanding,rf,x4,200,7,-0.004313277278952156
polynomial,expanding,rf,x5,200,7,-0.0013592975267594997
polynomial,expanding,rf,x6,200,7,-0.005662782442874204
polynomial,expanding,xgboost,x1,200,7,-0.931942268028565
polynomial,expanding,xgboost,x2,200,7,-0.5827369934958039
polynomial,expanding,xgboost,x3,200,7,-1.4935043550689124
polynomial,expanding,xgboost,x4,200,7,0.004659211544450096
polynomial,expanding,xgboost,x5,200,7,0.0012316074982016906
polynomial,expanding,xgboost,x6,200,7,-0.0002455991152520587
polynomial,expanding,enet,x1,500,0,0.017481515191547288
polynomial,expanding,enet,x2,500,0,0.02834458632588077
polynomial,expanding,enet,x3,500,0,-0.976313915076951
polynomial,expanding,enet,x4,500,0,0.004174015120535186
polynomial,expanding,enet,x5,500,0,0.0027976867597500916
polynomial,expanding,enet,x6,500,0,0.002148138426361079
polynomial,expanding,rf,x1,500,0,-0.6431731093180227
polynomial,expanding,rf,x2,500,0,-0.40932558257568424
polynomial,expanding,rf,x3,500,0,-1.0791928268433761
polynomial,expanding,rf,x4,500,0,-0.004312381994617065
polynomial,expanding,rf,x5,500,0,-0.0013405751255241
polynomial,expanding,rf,x6,500,0,-0.00568139561841571
polynomial,expanding,xgboost,x1,500,0,-0.9306097549932304
polynomial,expanding,xgboost,x2,500,0,-0.5868857511314765
polynomial,expanding,xgboost,x3,500,0,-1.4911260087037685
polynomial,expanding,xgboost,x4,500,0,0.004670392730910887
polynomial,expanding,xgboost,x5,500,0,0.0013639282185659522
polynomial,expanding,xgboost,x6,500,0,4.879721311701801e-05
polynomial,expanding,enet,x1,500,1,0.017479295661472997
polynomial,expanding,enet,x2,500,1,0.028342424920403578
polynomial,expanding,enet,x3,500,1,-0.9763100113816274
polynomial,expanding,enet,x4,500,1,0.004174356318601271
polynomial,expanding,enet,x5,500,1,0.00279785938348742
polynomial,expanding,enet,x6,500,1,0.002148101844785732
polynomial,expanding,rf,x1,500,1,-0.6423574954605531
polynomial,expanding,rf,x2,500,1,-0.4084704372184299
polynomial,expanding,rf,x3,500,1,-1.0808472519026417
polynomial,expanding,rf,x4,500,1,-0.0042867136476094905
polynomial,expanding,rf,x5,500,1,-0.0013458870502863177
polynomial,expanding,rf,x6,500,1,-0.005718086196119964
polynomial,expanding,xgboost,x1,500,1,-0.9272240022880861
polynomial,expanding,xgboost,x2,500,1,-0.5837727071833805
polynomial,expanding,xgboost,x3,500,1,-1.4976787547875732
polynomial,expanding,xgboost,x4,500,1,0.00473773047427169
polynomial,expanding,xgboost,x5,500,1,0.0013311157001319282
polynomial,expanding,xgboost,x6,500,1,6.822141875451604e-05
polynomial,expanding,enet,x1,500,2,0.017479757326611434
polynomial,expanding,enet,x2,500,2,0.028343985944797503
polynomial,expanding,enet,x3,500,2,-0.9763148405287249
polynomial,expanding,enet,x4,500,2,0.004176582880514628
polynomial,expanding,enet,x5,500,2,0.0027984218609250363
polynomial,expanding,enet,x6,500,2,0.002148119262999796
polynomial,expanding,rf,x1,500,2,-0.6429869879984603
polynomial,expanding,rf,x2,500,2,-0.4090677279581905
polynomial,expanding,rf,x3,500,2,-1.0796064882339438
polynomial,expanding,rf,x4,500,2,-0.004328838726179277
polynomial,expanding,rf,x5,500,2,-0.0013312434921671499
polynomial,expanding,rf,x6,500,2,-0.005704585066699392
polynomial,expanding,xgboost,x1,500,2,-0.9297063619883955
polynomial,expanding,xgboost,x2,500,2,-0.5860400326703872
polynomial,expanding,xgboost,x3,500,2,-1.4930046799665404
polynomial,expanding,xgboost,x4,500,2,0.004667402926136262
polynomial,expanding,xgboost,x5,500,2,0.0014668872720393518
polynomial,expanding,xgboost,x6,500,2,7.838776126581327e-05
polynomial,expanding,enet,x1,500,3,0.017479319057539022
polynomial,expanding,enet,x2,500,3,0.028343202054840595
polynomial,expanding,enet,x3,500,3,-0.9763099832042703
polynomial,expanding,enet,x4,500,3,0.004173600021516026
polynomial,expanding,enet,x5,500,3,0.0027978260992821535
polynomial,expanding,enet,x6,500,3,0.002148062718216101
polynomial,expanding,rf,x1,500,3,-0.6421711451444153
polynomial,expanding,rf,x2,500,3,-0.40885758423988977
polynomial,expanding,rf,x3,500,3,-1.0806753149148103
polynomial,expanding,rf,x4,500,3,-0.004296039757029131
polynomial,expanding,rf,x5,500,3,-0.0013289845460823396
polynomial,expanding,rf,x6,500,3,-0.005696802873413483
polynomial,expanding,xgboost,x1,500,3,-0.926442793710182
polynomial,expanding,xgboost,x2,500,3,-0.5847772388288158
polynomial,expanding,xgboost,x3,500,3,-1.497248661723774
polynomial,expanding,xgboost,x4,500,3,0.004667812429672964
polynomial,expanding,xgboost,x5,500,3,0.0013652360413580662
polynomial,expanding,xgboost,x6,500,3,-0.00010275087414074479
polynomial,expanding,enet,x1,500,4,0.017481549377954368
polynomial,expanding,enet,x2,500,4,0.028341489195411455
polynomial,expanding,enet,x3,500,4,-0.9763107909747846
polynomial,expanding,enet,x4,500,4,0.004174100519086613
polynomial,expanding,enet,x5,500,4,0.0027975877020707906
polynomial,expanding,enet,x6,500,4,0.0021480909273847927
polynomial,expanding,rf,x1,500,4,-0.6430363296988428
polynomial,expanding,rf,x2,500,4,-0.40818324398343475
polynomial,expanding,rf,x3,500,4,-1.0804345714686123
polynomial,expanding,rf,x4,500,4,-0.004326275235962017
polynomial,expanding,rf,x5,500,4,-0.00135684615783126
polynomial,expanding,rf,x6,500,4,-0.005688604930957081
polynomial,expanding,xgboost,x1,500,4,-0.92976399321216
polynomial,expanding,xgboost,x2,500,4,-0.582094275443919
polynomial,expanding,xgboost,x3,500,4,-1.4969418237595806
polynomial,expanding,xgboost,x4,500,4,0.004600769718826278
polynomial,expanding,xgboost,x5,500,4,0.001361333534104344
polynomial,expanding,xgboost,x6,500,4,0.00029959249684733205
polynomial,expanding,enet,x1,500,5,0.017481674091894987
polynomial,expanding,enet,x2,500,5,0.028341261757789497
polynomial,expanding,enet,x3,500,5,-0.9763109751655059
polynomial,expanding,enet,x4,500,5,0.0041740322701544225
polynomial,expanding,enet,x5,500,5,0.002797900544258281
polynomial,expanding,enet,x6,500,5,0.002148133248532196
polynomial,expanding,rf,x1,500,5,-0.6429859212608096
polynomial,expanding,rf,x2,500,5,-0.4081421084112288
polynomial,expanding,rf,x3,500,5,-1.0805728241831885
polynomial,expanding,rf,x4,500,5,-0.004255910894789497
polynomial,expanding,rf,x5,500,5,-0.0013410571439265865
polynomial,expanding,rf,x6,500,5,-0.005728049581697477
polynomial,expanding,xgboost,x1,500,5,-0.9296414878605511
polynomial,expanding,xgboost,x2,500,5,-0.582076499017878
polynomial,expanding,xgboost,x3,500,5,-1.4972610881580888
polynomial,expanding,xgboost,x4,500,5,0.004788787866160851
polynomial,expanding,xgboost,x5,500,5,0.0013856470966865481
polynomial,expanding,xgboost,x6,500,5,0.00026624340778874254
polynomial,expanding,enet,x1,500,6,0.017477550895625932
polynomial,expanding,enet,x2,500,6,0.028343031512600703
polynomial,expanding,enet,x3,500,6,-0.9763099727397603
polynomial,expanding,enet,x4,500,6,0.00417539429019296
polynomial,expanding,enet,x5,500,6,0.002797726875075665
polynomial,expanding,enet,x6,500,6,0.0021482959133883543
polynomial,expanding,rf,x1,500,6,-0.6426066241374615
polynomial,expanding,rf,x2,500,6,-0.4087694442906153
polynomial,expanding,rf,x3,500,6,-1.0803011652481131
polynomial,expanding,rf,x4,500,6,-0.004282239655609712
polynomial,expanding,rf,x5,500,6,-0.0013548444622442234
polynomial,expanding,rf,x6,500,6,-0.005711553681596349
polynomial,expanding,xgboost,x1,500,6,-0.9283785996811247
polynomial,expanding,xgboost,x2,500,6,-0.5845496149133016
polynomial,expanding,xgboost,x3,500,6,-1.4957172312714038
polynomial,expanding,xgboost,x4,500,6,0.004754612934930733
polynomial,expanding,xgboost,x5,500,6,0.0013884218336190333
polynomial,expanding,xgboost,x6,500,6,-3.5985568601170524e-05
polynomial,expanding,enet,x1,500,7,0.01748044084974224
polynomial,expanding,enet,x2,500,7,0.02834510606533881
polynomial,expanding,enet,x3,500,7,-0.976314619380239
polynomial,expanding,enet,x4,500,7,0.004175580285540893
polynomial,expanding,enet,x5,500,7,0.0027973255276531857
polynomial,expanding,enet,x6,500,7,0.002148193399087366
polynomial,expanding,rf,x1,500,7,-0.6427186774848112
polynomial,expanding,rf,x2,500,7,-0.40960790584511414
polynomial,expanding,rf,x3,500,7,-1.0793058676175402
polynomial,expanding,rf,x4,500,7,-0.004289832066225213
polynomial,expanding,rf,x5,500,7,-0.0013637413551807235
polynomial,expanding,rf,x6,500,7,-0.005739847106769142
polynomial,expanding,xgboost,x1,500,7,-0.9289123782022654
polynomial,expanding,xgboost,x2,500,7,-0.5884714793949006
polynomial,expanding,xgboost,x3,500,7,-1.4916734090092063
polynomial,expanding,xgboost,x4,500,7,0.004776285772424808
polynomial,expanding,xgboost,x5,500,7,0.0012850034105930364
polynomial,expanding,xgboost,x6,500,7,0.0004575807574732678
polynomial,expanding,enet,x1,1000,0,0.01748099072315009
polynomial,expanding,enet,x2,1000,0,0.028343713508002997
polynomial,expanding,enet,x3,1000,0,-0.9763129204243481
polynomial,expanding,enet,x4,1000,0,0.004174228229840666
polynomial,expanding,enet,x5,1000,0,0.002797799401277918
polynomial,expanding,enet,x6,1000,0,0.002148215309200023
polynomial,expanding,rf,x1,1000,0,-0.6429942712749166
polynomial,expanding,rf,x2,1000,0,-0.40893601542804253
polynomial,expanding,rf,x3,1000,0,-1.079716024487405
polynomial,expanding,rf,x4,1000,0,-0.004297176143999576
polynomial,expanding,rf,x5,1000,0,-0.001341999648040552
polynomial,expanding,rf,x6,1000,0,-0.005740384493236249
polynomial,expanding,xgboost,x1,1000,0,-0.9299855335903104
polynomial,expanding,xgboost,x2,1000,0,-0.5856123927820679
polynomial,expanding,xgboost,x3,1000,0,-1.493459508960087
polynomial,expanding,xgboost,x4,1000,0,0.004760449854785513
polynomial,expanding,xgboost,x5,1000,0,0.0013979477384224342
polynomial,expanding,xgboost,x6,1000,0,0.0003606410733759765
polynomial,expanding,enet,x1,1000,1,0.0174798476510324
polynomial,expanding,enet,x2,1000,1,0.028345850603427567
polynomial,expanding,enet,x3,1000,1,-0.9763151465951548
polynomial,expanding,enet,x4,1000,1,0.004175587210033576
polynomial,expanding,enet,x5,1000,1,0.002797667366034483
polynomial,expanding,enet,x6,1000,1,0.0021482205117502326
polynomial,expanding,rf,x1,1000,1,-0.6427692352500699
polynomial,expanding,rf,x2,1000,1,-0.4098261294935462
polynomial,expanding,rf,x3,1000,1,-1.0790221329042233
polynomial,expanding,rf,x4,1000,1,-0.004325136049384714
polynomial,expanding,rf,x5,1000,1,-0.0013481680533206355
polynomial,expanding,rf,x6,1000,1,-0.005735069725095634
polynomial,expanding,xgboost,x1,1000,1,-0.9286280083919688
polynomial,expanding,xgboost,x2,1000,1,-0.5893538014840563
polynomial,expanding,xgboost,x3,1000,1,-1.4908961787001822
polynomial,expanding,xgboost,x4,1000,1,0.004695635337889166
polynomial,expanding,xgboost,x5,1000,1,0.0013924604937741612
polynomial,expanding,xgboost,x6,1000,1,0.0002514960786622505
polynomial,expanding,enet,x1,1000,2,0.017481585069499657
polynomial,expanding,enet,x2,1000,2,0.028342882028865684
polynomial,expanding,enet,x3,1000,2,-0.9763137994649119
polynomial,expanding,enet,x4,1000,2,0.004175459638125007
polynomial,expanding,enet,x5,1000,2,0.002797619823558634
polynomial,expanding,enet,x6,1000,2,0.002148279651986317
polynomial,expanding,rf,x1,1000,2,-0.6433708823637085
polynomial,expanding,rf,x2,1000,2,-0.4086659661923183
polynomial,expanding,rf,x3,1000,2,-1.0796053383050133
polynomial,expanding,rf,x4,1000,2,-0.004310122773481933
polynomial,expanding,rf,x5,1000,2,-0.0013492963816812452
polynomial,expanding,rf,x6,1000,2,-0.005724265459437134
polynomial,expanding,xgboost,x1,1000,2,-0.9311843952656325
polynomial,expanding,xgboost,x2,1000,2,-0.5845133293493677
polynomial,expanding,xgboost,x3,1000,2,-1.4928906012537468
polynomial,expanding,xgboost,x4,1000,2,0.0047100192757947535
polynomial,expanding,xgboost,x5,1000,2,0.001326587812002606
polynomial,expanding,xgboost,x6,1000,2,1.332211506786285e-05
polynomial,expanding,enet,x1,1000,3,0.017480216257627135
polynomial,expanding,enet,x2,1000,3,0.028344908881057573
polynomial,expanding,enet,x3,1000,3,-0.9763144182228687
polynomial,expanding,enet,x4,1000,3,0.004175312199062505
polynomial,expanding,enet,x5,1000,3,0.0027976039313199028
polynomial,expanding,enet,x6,1000,3,0.0021484037009250976
polynomial,expanding,rf,x1,1000,3,-0.6425057289427037
polynomial,expanding,rf,x2,1000,3,-0.40943060134883114
polynomial,expanding,rf,x3,1000,3,-1.079677304694519
polynomial,expanding,rf,x4,1000,3,-0.004311738196211048
polynomial,expanding,rf,x5,1000,3,-0.0013440255903305427
polynomial,expanding,rf,x6,1000,3,-0.005756472703045029
polynomial,expanding,xgboost,x1,1000,3,-0.9277062638796191
polynomial,expanding,xgboost,x2,1000,3,-0.5875923436265986
polynomial,expanding,xgboost,x3,1000,3,-1.4936957690435249
polynomial,expanding,xgboost,x4,1000,3,0.004709092886188581
polynomial,expanding,xgboost,x5,1000,3,0.0014255879016289582
polynomial,expanding,xgboost,x6,1000,3,0.00032129909604372575
polynomial,expanding,enet,x1,1000,4,0.017480250605860437
polynomial,expanding,enet,x2,1000,4,0.02834385551755131
polynomial,expanding,enet,x3,1000,4,-0.9763135510371517
polynomial,expanding,enet,x4,1000,4,0.004175539169596695
polynomial,expanding,enet,x5,1000,4,0.0027977590354143806
polynomial,expanding,enet,x6,1000,4,0.0021481734558523925
polynomial,expanding,rf,x1,1000,4,-0.64297104119197
polynomial,expanding,rf,x2,1000,4,-0.4090393705271531
polynomial,expanding,rf,x3,1000,4,-1.0796703907016376
polynomial,expanding,rf,x4,1000,4,-0.0043149077931097565
polynomial,expanding,rf,x5,1000,4,-0.0013423440612866206
polynomial,expanding,rf,x6,1000,4,-0.005687817200483071
polynomial,expanding,xgboost,x1,1000,4,-0.9296758874252055
polynomial,expanding,xgboost,x2,1000,4,-0.5858127231435797
polynomial,expanding,xgboost,x3,1000,4,-1.493213622764325
polynomial,expanding,xgboost,x4,1000,4,0.004697674874462507
polynomial,expanding,xgboost,x5,1000,4,0.0013853406826407145
polynomial,expanding,xgboost,x6,1000,4,8.082111012556937e-05
polynomial,expanding,enet,x1,1000,5,0.017480848935530063
polynomial,expanding,enet,x2,1000,5,0.02834414244944484
polynomial,expanding,enet,x3,1000,5,-0.9763135907027255
polynomial,expanding,enet,x4,1000,5,0.004174670459934809
polynomial,expanding,enet,x5,1000,5,0.0027975861153351133
polynomial,expanding,enet,x6,1000,5,0.0021483694896041136
polynomial,expanding,rf,x1,1000,5,-0.6430465374254871
polynomial,expanding,rf,x2,1000,5,-0.4092336106599336
polynomial,expanding,rf,x3,1000,5,-1.0793850420960012
polynomial,expanding,rf,x4,1000,5,-0.004316419394183613
polynomial,expanding,rf,x5,1000,5,-0.0013361809921835406
polynomial,expanding,rf,x6,1000,5,-0.00570808090785134
polynomial,expanding,xgboost,x1,1000,5,-0.9298608582094032
polynomial,expanding,xgboost,x2,1000,5,-0.58646570403644
polynomial,expanding,xgboost,x3,1000,5,-1.4923634699578254
polynomial,expanding,xgboost,x4,1000,5,0.004680366746451832
polynomial,expanding,xgboost,x5,1000,5,0.0014217404471774026
polynomial,expanding,xgboost,x6,1000,5,4.95283441578046e-05
polynomial,expanding,enet,x1,1000,6,0.017480655797426043
polynomial,expanding,enet,x2,1000,6,0.028344414182054203
polynomial,expanding,enet,x3,1000,6,-0.976314125901808
polynomial,expanding,enet,x4,1000,6,0.004175037339611669
polynomial,expanding,enet,x5,1000,6,0.002797534210961606
polynomial,expanding,enet,x6,1000,6,0.0021485111188779007
polynomial,expanding,rf,x1,1000,6,-0.6429491351604627
polynomial,expanding,rf,x2,1000,6,-0.40926842017514253
polynomial,expanding,rf,x3,1000,6,-1.0793703858855823
polynomial,expanding,rf,x4,1000,6,-0.004315942905782785
polynomial,expanding,rf,x5,1000,6,-0.0013411226035360017
polynomial,expanding,rf,x6,1000,6,-0.005780864745134027
polynomial,expanding,xgboost,x1,1000,6,-0.9294701507550739
polynomial,expanding,xgboost,x2,1000,6,-0.5871913559751665
polynomial,expanding,xgboost,x3,1000,6,-1.4923421436927178
polynomial,expanding,xgboost,x4,1000,6,0.004716831444115683
polynomial,expanding,xgboost,x5,1000,6,0.0013670424361100597
polynomial,expanding,xgboost,x6,1000,6,0.00038137987685109444
polynomial,expanding,enet,x1,1000,7,0.017481159505675095
polynomial,expanding,enet,x2,1000,7,0.02834356863069668
polynomial,expanding,enet,x3,1000,7,-0.9763132652247893
polynomial,expanding,enet,x4,1000,7,0.0041740167411631265
polynomial,expanding,enet,x5,1000,7,0.002798415809426664
polynomial,expanding,enet,x6,1000,7,0.0021481312849512516
polynomial,expanding,rf,x1,1000,7,-0.6432599860800208
polynomial,expanding,rf,x2,1000,7,-0.4089015200221788
polynomial,expanding,rf,x3,1000,7,-1.0795176668311774
polynomial,expanding,rf,x4,1000,7,-0.004309253754502932
polynomial,expanding,rf,x5,1000,7,-0.0013509037064562792
polynomial,expanding,rf,x6,1000,7,-0.005686541081304317
polynomial,expanding,xgboost,x1,1000,7,-0.9306836442998813
polynomial,expanding,xgboost,x2,1000,7,-0.5856736348764027
polynomial,expanding,xgboost,x3,1000,7,-1.4923755837788142
polynomial,expanding,xgboost,x4,1000,7,0.004635472534552652
polynomial,expanding,xgboost,x5,1000,7,0.0015073152105892324
polynomial,expanding,xgboost,x6,1000,7,5.1678544074491686e-05
