dgp,window,model,predictor,M,replicate,pbsv
friedman1,expanding,enet,x1,3,0,-1.290375706480247
friedman1,expanding,enet,x2,3,0,-1.4278420740968978
friedman1,expanding,enet,x3,3,0,0.00994279710807359
friedman1,expanding,enet,x4,3,0,-0.22764091793483932
friedman1,expanding,enet,x5,3,0,-0.03063762214759443
friedman1,expanding,enet,x6,3,0,-0.007838562516652122
friedman1,expanding,rf,x1,3,0,-1.3535158371411604
friedman1,expanding,rf,x2,3,0,-1.441984632000296
friedman1,expanding,rf,x3,3,0,-0.0009742981778754581
friedman1,expanding,rf,x4,3,0,-0.09321568553888944
friedman1,expanding,rf,x5,3,0,-0.012927639195715898
friedman1,expanding,rf,x6,3,0,-0.0003984493224009252
friedman1,expanding,xgboost,x1,3,0,-1.4675714102727497
friedman1,expanding,xgboost,x2,3,0,-1.5957312272518835
friedman1,expanding,xgboost,x3,3,0,-0.01928100697185379
friedman1,expanding,xgboost,x4,3,0,-0.21354636604867042
friedman1,expanding,xgboost,x5,3,0,-0.033270912014677044
friedman1,expanding,xgboost,x6,3,0,-0.004795954498509207
friedman1,expanding,enet,x1,3,1,-1.2987065260465622
friedman1,expanding,enet,x2,3,1,-1.3951418245428993
friedman1,expanding,enet,x3,3,1,0.009135751432269856
friedman1,expanding,enet,x4,3,1,-0.22672813469635156
friedman1,expanding,enet,x5,3,1,-0.05398105873995714
friedman1,expanding,enet,x6,3,1,-0.008970293474656462
friedman1,expanding,rf,x1,3,1,-1.3613306570250643
friedman1,expanding,rf,x2,3,1,-1.4312947228845505
friedman1,expanding,rf,x3,3,1,-0.0013151904396686194
friedman1,expanding,rf,x4,3,1,-0.09316200223424458
friedman1,expanding,rf,x5,3,1,-0.015389565188475118
friedman1,expanding,rf,x6,3,1,-0.0005244036043350331
friedman1,expanding,xgboost,x1,3,1,-1.4859723908124274
friedman1,expanding,xgboost,x2,3,1,-1.5462196397928938
friedman1,expanding,xgboost,x3,3,1,-0.02333633120233421
friedman1,expanding,xgboost,x4,3,1,-0.21203489595645483
friedman1,expanding,xgboost,x5,3,1,-0.06139133922207124
friedman1,expanding,xgboost,x6,3,1,-0.005242280072162005
friedman1,expanding,enet,x1,3,2,-1.2252998376192201
friedman1,expanding,enet,x2,3,2,-1.4376674167582155
friedman1,expanding,enet,x3,3,2,0.008563267212679082
friedman1,expanding,enet,x4,3,2,-0.2632715062870351
friedman1,expanding,enet,x5,3,2,-0.046381970839900144
friedman1,expanding,enet,x6,3,2,-0.01033462177646538
friedman1,expanding,rf,x1,3,2,-1.3319347588654142
friedman1,expanding,rf,x2,3,2,-1.4432333439769895
friedman1,expanding,rf,x3,3,2,-0.0015896502038612592
friedman1,expanding,rf,x4,3,2,-0.11094381660632795
friedman1,expanding,rf,x5,3,2,-0.014766553671670976
friedman1,expanding,rf,x6,3,2,-0.0005484180520742102
friedman1,expanding,xgboost,x1,3,2,-1.3740366636963797
friedman1,expanding,xgboost,x2,3,2,-1.6093612264377553
friedman1,expanding,xgboost,x3,3,2,-0.025740441658895313
friedman1,expanding,xgboost,x4,3,2,-0.2709948785307826
friedman1,expanding,xgboost,x5,3,2,-0.04840151349734436
friedman1,expanding,xgboost,x6,3,2,-0.005662153237186625
friedman1,expanding,enet,x1,3,3,-1.28242650317972
friedman1,expanding,enet,x2,3,3,-1.3956896446633176
friedman1,expanding,enet,x3,3,3,0.0080802125837246
friedman1,expanding,enet,x4,3,3,-0.24720438676854042
friedman1,expanding,enet,x5,3,3,-0.0463043459679476
friedman1,expanding,enet,x6,3,3,-0.010847418072356082
friedman1,expanding,rf,x1,3,3,-1.352294120411246
friedman1,expanding,rf,x2,3,3,-1.4313501899422256
friedman1,expanding,rf,x3,3,3,-0.0017949809024158103
friedman1,expanding,rf,x4,3,3,-0.10226852405559465
friedman1,expanding,rf,x5,3,3,-0.014876820589044382
friedman1,expanding,rf,x6,3,3,-0.00043190547581154853
friedman1,expanding,xgboost,x1,3,3,-1.4582563445345371
friedman1,expanding,xgboost,x2,3,3,-1.5481193747532795
friedman1,expanding,xgboost,x3,3,3,-0.027841252044097375
friedman1,expanding,xgboost,x4,3,3,-0.24654950144629328
friedman1,expanding,xgboost,x5,3,3,-0.04764609039015109
friedman1,expanding,xgboost,x6,3,3,-0.005784313889985311
friedman1,expanding,enet,x1,3,4,-1.2784555474831798
friedman1,expanding,enet,x2,3,4,-1.4396350295633844
friedman1,expanding,enet,x3,3,4,0.008725633296391163
friedman1,expanding,enet,x4,3,4,-0.2281092942810364
friedman1,expanding,enet,x5,3,4,-0.026576836693835593
friedman1,expanding,enet,x6,3,4,-0.010341011343111939
friedman1,expanding,rf,x1,3,4,-1.3521633382423712
friedman1,expanding,rf,x2,3,4,-1.443125100380226
friedman1,expanding,rf,x3,3,4,-0.001538880341556877
friedman1,expanding,rf,x4,3,4,-0.09306754858672239
friedman1,expanding,rf,x5,3,4,-0.012553924474705639
friedman1,expanding,rf,x6,3,4,-0.0005677493507562822
friedman1,expanding,xgboost,x1,3,4,-1.4562680585939864
friedman1,expanding,xgboost,x2,3,4,-1.6066611773461157
friedman1,expanding,xgboost,x3,3,4,-0.025535883559996253
friedman1,expanding,xgboost,x4,3,4,-0.21394321523646118
friedman1,expanding,xgboost,x5,3,4,-0.025898694060580985
friedman1,expanding,xgboost,x6,3,4,-0.005889848261202831
friedman1,expanding,enet,x1,3,5,-1.2395100889658401
friedman1,expanding,enet,x2,3,5,-1.4382603321245035
friedman1,expanding,enet,x3,3,5,0.007360472525899775
friedman1,expanding,enet,x4,3,5,-0.23944751965685093
friedman1,expanding,enet,x5,3,5,-0.05398105873995714
friedman1,expanding,enet,x6,3,5,-0.010553559106904772
friedman1,expanding,rf,x1,3,5,-1.3406677224613908
friedman1,expanding,rf,x2,3,5,-1.443030518412958
friedman1,expanding,rf,x3,3,5,-0.001938810294402793
friedman1,expanding,rf,x4,3,5,-0.10147837735447814
friedman1,expanding,rf,x5,3,5,-0.015389565188475118
friedman1,expanding,rf,x6,3,5,-0.0005115476646336455
friedman1,expanding,xgboost,x1,3,5,-1.3990889180737114
friedman1,expanding,xgboost,x2,3,5,-1.605980326470952
friedman1,expanding,xgboost,x3,3,5,-0.030743733636694897
friedman1,expanding,xgboost,x4,3,5,-0.23016129724299852
friedman1,expanding,xgboost,x5,3,5,-0.06139133922207124
friedman1,expanding,xgboost,x6,3,5,-0.006831262411915691
friedman1,expanding,enet,x1,3,6,-1.2409609888201665
friedman1,expanding,enet,x2,3,6,-1.4376674167582155
friedman1,expanding,enet,x3,3,6,0.008625589736930913
friedman1,expanding,enet,x4,3,6,-0.24363587508819484
friedman1,expanding,enet,x5,3,6,-0.05029166624408776
friedman1,expanding,enet,x6,3,6,-0.010461728894423428
friedman1,expanding,rf,x1,3,6,-1.3407279629149944
friedman1,expanding,rf,x2,3,6,-1.4432333439769895
friedman1,expanding,rf,x3,3,6,-0.0015240463037064316
friedman1,expanding,rf,x4,3,6,-0.10191667513679248
friedman1,expanding,rf,x5,3,6,-0.015102165309845317
friedman1,expanding,rf,x6,3,6,-0.000512347734009766
friedman1,expanding,xgboost,x1,3,6,-1.4002538405032794
friedman1,expanding,xgboost,x2,3,6,-1.6093612264377553
friedman1,expanding,xgboost,x3,3,6,-0.02542145450284028
friedman1,expanding,xgboost,x4,3,6,-0.23932588374552544
friedman1,expanding,xgboost,x5,3,6,-0.054224592409319615
friedman1,expanding,xgboost,x6,3,6,-0.005609879459623934
friedman1,expanding,enet,x1,3,7,-1.2803322554401064
friedman1,expanding,enet,x2,3,7,-1.389909679665039
friedman1,expanding,enet,x3,3,7,0.007966969188231329
friedman1,expanding,enet,x4,3,7,-0.26317933252834563
friedman1,expanding,enet,x5,3,7,-0.038389527053312965
friedman1,expanding,enet,x6,3,7,-0.01054826056958443
friedman1,expanding,rf,x1,3,7,-1.3524629479266848
friedman1,expanding,rf,x2,3,7,-1.423459903333115
friedman1,expanding,rf,x3,3,7,-0.0018043790462671423
friedman1,expanding,rf,x4,3,7,-0.11097495893774756
friedman1,expanding,rf,x5,3,7,-0.013822178112631978
friedman1,expanding,rf,x6,3,7,-0.0004921740198918408
friedman1,expanding,xgboost,x1,3,7,-1.4586808554188908
friedman1,expanding,xgboost,x2,3,7,-1.5284837455564275
friedman1,expanding,xgboost,x3,3,7,-0.029040419062882645
friedman1,expanding,xgboost,x4,3,7,-0.2708856233049177
friedman1,expanding,xgboost,x5,3,7,-0.04059712084292464
friedman1,expanding,xgboost,x6,3,7,-0.0065091128723007334
friedman1,expanding,enet,x1,6,0,-1.274966726244876
friedman1,expanding,enet,x2,6,0,-1.395672812488699
friedman1,expanding,enet,x3,6,0,0.008432231520286918
friedman1,expanding,enet,x4,6,0,-0.26542882530862394
friedman1,expanding,enet,x5,6,0,-0.03807450094328252
friedman1,expanding,enet,x6,6,0,-0.008681452602962103
friedman1,expanding,rf,x1,6,0,-1.3515741263157988
friedman1,expanding,rf,x2,6,0,-1.424328267392956
friedman1,expanding,rf,x3,6,0,-0.001634123307822292
friedman1,expanding,rf,x4,6,0,-0.11117413027350172
friedman1,expanding,rf,x5,6,0,-0.013900995095570154
friedman1,expanding,rf,x6,6,0,-0.0004048989906894618
friedman1,expanding,xgboost,x1,6,0,-1.4486962320732768
friedman1,expanding,xgboost,x2,6,0,-1.5370738280867509
friedman1,expanding,xgboost,x3,6,0,-0.026371631123902062
friedman1,expanding,xgboost,x4,6,0,-0.2760903694726903
friedman1,expanding,xgboost,x5,6,0,-0.04060075935122894
friedman1,expanding,xgboost,x6,6,0,-0.005364056950494643
friedman1,expanding,enet,x1,6,1,-1.273242075578897
friedman1,expanding,enet,x2,6,1,-1.411022532220219
friedman1,expanding,enet,x3,6,1,0.008351004324802383
friedman1,expanding,enet,x4,6,1,-0.24751350145913897
friedman1,expanding,enet,x5,6,1,-0.042471486024191187
friedman1,expanding,enet,x6,6,1,-0.008493495110513635
friedman1,expanding,rf,x1,6,1,-1.3481510336858091
friedman1,expanding,rf,x2,6,1,-1.436398406049561
friedman1,expanding,rf,x3,6,1,-0.001564680490054926
friedman1,expanding,rf,x4,6,1,-0.10228893244982638
friedman1,expanding,rf,x5,6,1,-0.01418851843915094
friedman1,expanding,rf,x6,6,1,-0.0004249702619360159
friedman1,expanding,xgboost,x1,6,1,-1.4417276471422564
friedman1,expanding,xgboost,x2,6,1,-1.5670747684706354
friedman1,expanding,xgboost,x3,6,1,-0.02649774489157622
friedman1,expanding,xgboost,x4,6,1,-0.2466728879538268
friedman1,expanding,xgboost,x5,6,1,-0.0471770023969762
friedman1,expanding,xgboost,x6,6,1,-0.0050468262030723965
friedman1,expanding,enet,x1,6,2,-1.253767984482342
friedman1,expanding,enet,x2,6,2,-1.4258891470066681
friedman1,expanding,enet,x3,6,2,0.008660756558255859
friedman1,expanding,enet,x4,6,2,-0.2553153788763558
friedman1,expanding,enet,x5,6,2,-0.038928152148099325
friedman1,expanding,enet,x6,6,2,-0.009152180112947514
friedman1,expanding,rf,x1,6,2,-1.3425155573301975
friedman1,expanding,rf,x2,6,2,-1.4381005579702955
friedman1,expanding,rf,x3,6,2,-0.0015676013998759026
friedman1,expanding,rf,x4,6,2,-0.1066361730060198
friedman1,expanding,rf,x5,6,2,-0.013732459626247492
friedman1,expanding,rf,x6,6,2,-0.0004641920437019609
friedman1,expanding,xgboost,x1,6,2,-1.4157186229751832
friedman1,expanding,xgboost,x2,6,2,-1.5872797574025979
friedman1,expanding,xgboost,x3,6,2,-0.02560342275899404
friedman1,expanding,xgboost,x4,6,2,-0.25920949202550153
friedman1,expanding,xgboost,x5,6,2,-0.0409533130528271
friedman1,expanding,xgboost,x6,6,2,-0.005432268843240208
friedman1,expanding,enet,x1,6,3,-1.2739328215314925
friedman1,expanding,enet,x2,6,3,-1.4110823631675398
friedman1,expanding,enet,x3,6,3,0.007807808683402732
friedman1,expanding,enet,x4,6,3,-0.2456179627554661
friedman1,expanding,enet,x5,6,3,-0.04233774359388746
friedman1,expanding,enet,x6,6,3,-0.009229003703173996
friedman1,expanding,rf,x1,6,3,-1.351415904154875
friedman1,expanding,rf,x2,6,3,-1.4329039524310236
friedman1,expanding,rf,x3,6,3,-0.0018607267969019865
friedman1,expanding,rf,x4,6,3,-0.10207688754549692
friedman1,expanding,rf,x5,6,3,-0.01429877528342203
friedman1,expanding,rf,x6,6,3,-0.00046029516461839243
friedman1,expanding,xgboost,x1,6,3,-1.447872613180821
friedman1,expanding,xgboost,x2,6,3,-1.5659449481048249
friedman1,expanding,xgboost,x3,6,3,-0.02818035388870833
friedman1,expanding,xgboost,x4,6,3,-0.24290056827528292
friedman1,expanding,xgboost,x5,6,3,-0.04416902546479595
friedman1,expanding,xgboost,x6,6,3,-0.00512936814391074
friedman1,expanding,enet,x1,6,4,-1.2615883185546302
friedman1,expanding,enet,x2,6,4,-1.425348321792792
friedman1,expanding,enet,x3,6,4,0.008583215372273781
friedman1,expanding,enet,x4,6,4,-0.24756274557437594
friedman1,expanding,enet,x5,6,4,-0.03865187515371027
friedman1,expanding,enet,x6,6,4,-0.009824040364922126
friedman1,expanding,rf,x1,6,4,-1.3432285973691755
friedman1,expanding,rf,x2,6,4,-1.441700802315235
friedman1,expanding,rf,x3,6,4,-0.0015913523644708143
friedman1,expanding,rf,x4,6,4,-0.10223473804052004
friedman1,expanding,rf,x5,6,4,-0.01379721088009848
friedman1,expanding,rf,x6,6,4,-0.00046384040683844496
friedman1,expanding,xgboost,x1,6,4,-1.4244880771555533
friedman1,expanding,xgboost,x2,6,4,-1.5915963060134104
friedman1,expanding,xgboost,x3,6,4,-0.025985820275300896
friedman1,expanding,xgboost,x4,6,4,-0.2464747700796703
friedman1,expanding,xgboost,x5,6,4,-0.03986180606562456
friedman1,expanding,xgboost,x6,6,4,-0.0057900974687844315
friedman1,expanding,enet,x1,6,5,-1.2652704356333688
friedman1,expanding,enet,x2,6,5,-1.4289826077854944
friedman1,expanding,enet,x3,6,5,0.008743060914148929
friedman1,expanding,enet,x4,6,5,-0.23775018424523878
friedman1,expanding,enet,x5,6,5,-0.040582745685214174
friedman1,expanding,enet,x6,6,5,-0.010549173632989536
friedman1,expanding,rf,x1,6,5,-1.3507933408054764
friedman1,expanding,rf,x2,6,5,-1.4386308279989686
friedman1,expanding,rf,x3,6,5,-0.0014868392006918512
friedman1,expanding,rf,x4,6,5,-0.097642686896477
friedman1,expanding,rf,x5,6,5,-0.013954697645100619
friedman1,expanding,rf,x6,6,5,-0.0005081488296241702
friedman1,expanding,xgboost,x1,6,5,-1.4384466634149033
friedman1,expanding,xgboost,x2,6,5,-1.5914621366863473
friedman1,expanding,xgboost,x3,6,5,-0.025464208469025456
friedman1,expanding,xgboost,x4,6,5,-0.22933196775602097
friedman1,expanding,xgboost,x5,6,5,-0.04392065491625923
friedman1,expanding,xgboost,x6,6,5,-0.005571245815787366
friedman1,expanding,enet,x1,6,6,-1.2795179518478572
friedman1,expanding,enet,x2,6,6,-1.3878435522519357
friedman1,expanding,enet,x3,6,6,0.00853150795033314
friedman1,expanding,enet,x4,6,6,-0.2612718928096434
friedman1,expanding,enet,x5,6,6,-0.04632773100438564
friedman1,expanding,enet,x6,6,6,-0.007962466104668128
friedman1,expanding,rf,x1,6,6,-1.3521499544431252
friedman1,expanding,rf,x2,6,6,-1.4235506890001421
friedman1,expanding,rf,x3,6,6,-0.001520410288710768
friedman1,expanding,rf,x4,6,6,-0.11079147165181902
friedman1,expanding,rf,x5,6,6,-0.014594983962612421
friedman1,expanding,rf,x6,6,6,-0.00040903202992879456
friedman1,expanding,xgboost,x1,6,6,-1.4540775396597916
friedman1,expanding,xgboost,x2,6,6,-1.5312678599249046
friedman1,expanding,xgboost,x3,6,6,-0.02491211005510006
friedman1,expanding,xgboost,x4,6,6,-0.2679796016993363
friedman1,expanding,xgboost,x5,6,6,-0.05122232335915324
friedman1,expanding,xgboost,x6,6,6,-0.004737442360057881
friedman1,expanding,enet,x1,6,7,-1.2605400988697852
friedman1,expanding,enet,x2,6,7,-1.4091652137999484
friedman1,expanding,enet,x3,6,7,0.008967967056492407
friedman1,expanding,enet,x4,6,7,-0.26719988025172836
friedman1,expanding,enet,x5,6,7,-0.036548653698341295
friedman1,expanding,enet,x6,6,7,-0.009906206504846101
friedman1,expanding,rf,x1,6,7,-1.343323514258115
friedman1,expanding,rf,x2,6,7,-1.4328823916608553
friedman1,expanding,rf,x3,6,7,-0.0013910174162666638
friedman1,expanding,rf,x4,6,7,-0.11130756345142961
friedman1,expanding,rf,x5,6,7,-0.013643586871969074
friedman1,expanding,rf,x6,6,7,-0.00046846771770238843
friedman1,expanding,xgboost,x1,6,7,-1.424951455396941
friedman1,expanding,xgboost,x2,6,7,-1.5636404313528471
friedman1,expanding,xgboost,x3,6,7,-0.024081937935026627
friedman1,expanding,xgboost,x4,6,7,-0.2787609578925218
friedman1,expanding,xgboost,x5,6,7,-0.0374098722697413
friedman1,expanding,xgboost,x6,6,7,-0.005352222211266179
friedman1,expanding,enet,x1,8,0,-1.2921314516569862
friedman1,expanding,enet,x2,8,0,-1.3990911930370495
friedman1,expanding,enet,x3,8,0,0.009102213187874908
friedman1,expanding,enet,x4,8,0,-0.2496631729447625
friedman1,expanding,enet,x5,8,0,-0.033522912982670586
friedman1,expanding,enet,x6,8,0,-0.009085568634563085
friedman1,expanding,rf,x1,8,0,-1.355396607781925
friedman1,expanding,rf,x2,8,0,-1.4282518977616347
friedman1,expanding,rf,x3,8,0,-0.0013354173448448664
friedman1,expanding,rf,x4,8,0,-0.10430480398719982
friedman1,expanding,rf,x5,8,0,-0.013269506034596965
friedman1,expanding,rf,x6,8,0,-0.00045830846613666154
friedman1,expanding,xgboost,x1,8,0,-1.4726322699112562
friedman1,expanding,xgboost,x2,8,0,-1.5476654218472343
friedman1,expanding,xgboost,x3,8,0,-0.022938923747724382
friedman1,expanding,xgboost,x4,8,0,-0.2507715069622847
friedman1,expanding,xgboost,x5,8,0,-0.03526793158831806
friedman1,expanding,xgboost,x6,8,0,-0.004920823001526117
friedman1,expanding,enet,x1,8,1,-1.266367403656984
friedman1,expanding,enet,x2,8,1,-1.4082336157840079
friedman1,expanding,enet,x3,8,1,0.008600034508637278
friedman1,expanding,enet,x4,8,1,-0.25393624033520046
friedman1,expanding,enet,x5,8,1,-0.04547278713869067
friedman1,expanding,enet,x6,8,1,-0.008982073661911144
friedman1,expanding,rf,x1,8,1,-1.3470972085591013
friedman1,expanding,rf,x2,8,1,-1.4319608887271347
friedman1,expanding,rf,x3,8,1,-0.0015381056937818355
friedman1,expanding,rf,x4,8,1,-0.107456871558251
friedman1,expanding,rf,x5,8,1,-0.014520265184276737
friedman1,expanding,rf,x6,8,1,-0.00044320165379285736
friedman1,expanding,xgboost,x1,8,1,-1.4342846141252081
friedman1,expanding,xgboost,x2,8,1,-1.562545252603754
friedman1,expanding,xgboost,x3,8,1,-0.02605411918002231
friedman1,expanding,xgboost,x4,8,1,-0.2575811237388278
friedman1,expanding,xgboost,x5,8,1,-0.04877805935604172
friedman1,expanding,xgboost,x6,8,1,-0.00495370805448974
friedman1,expanding,enet,x1,8,2,-1.2721118241482536
friedman1,expanding,enet,x2,8,2,-1.4163442321190012
friedman1,expanding,enet,x3,8,2,0.008681732688206642
friedman1,expanding,enet,x4,8,2,-0.24136422791568235
friedman1,expanding,enet,x5,8,2,-0.04280702147005218
friedman1,expanding,enet,x6,8,2,-0.010446513103374536
friedman1,expanding,rf,x1,8,2,-1.3505521116337849
friedman1,expanding,rf,x2,8,2,-1.4353367791545675
friedman1,expanding,rf,x3,8,2,-0.0015254008466068225
friedman1,expanding,rf,x4,8,2,-0.10091258323129217
friedman1,expanding,rf,x5,8,2,-0.01417135754959735
friedman1,expanding,rf,x6,8,2,-0.0005183089604897106
friedman1,expanding,xgboost,x1,8,2,-1.4466425740199984
friedman1,expanding,xgboost,x2,8,2,-1.5737065740102216
friedman1,expanding,xgboost,x3,8,2,-0.025480690696234973
friedman1,expanding,xgboost,x4,8,2,-0.2364328060456441
friedman1,expanding,xgboost,x5,8,2,-0.045967537630280816
friedman1,expanding,xgboost,x6,8,2,-0.005966694655963743
friedman1,expanding,enet,x1,8,3,-1.282695916150033
friedman1,expanding,enet,x2,8,3,-1.4020520751571457
friedman1,expanding,enet,x3,8,3,0.008688044539110096
friedman1,expanding,enet,x4,8,3,-0.25091087911060567
friedman1,expanding,enet,x5,8,3,-0.0378637200810953
friedman1,expanding,enet,x6,8,3,-0.0095575401083874
friedman1,expanding,rf,x1,8,3,-1.3517106730950548
friedman1,expanding,rf,x2,8,3,-1.4311341467351681
friedman1,expanding,rf,x3,8,3,-0.001488130752028194
friedman1,expanding,rf,x4,8,3,-0.10443137915296122
friedman1,expanding,rf,x5,8,3,-0.013777652038156632
friedman1,expanding,rf,x6,8,3,-0.000474559602969174
friedman1,expanding,xgboost,x1,8,3,-1.4570938518257908
friedman1,expanding,xgboost,x2,8,3,-1.553416186186614
friedman1,expanding,xgboost,x3,8,3,-0.02512170186512455
friedman1,expanding,xgboost,x4,8,3,-0.2528003253960722
friedman1,expanding,xgboost,x5,8,3,-0.04084511793768494
friedman1,expanding,xgboost,x6,8,3,-0.004919693847057302
friedman1,expanding,enet,x1,8,4,-1.2756827231224441
friedman1,expanding,enet,x2,8,4,-1.4086879436880184
friedman1,expanding,enet,x3,8,4,0.008585577660110769
friedman1,expanding,enet,x4,8,4,-0.24341340082858626
friedman1,expanding,enet,x5,8,4,-0.04671891986900076
friedman1,expanding,enet,x6,8,4,-0.008474676220218316
friedman1,expanding,rf,x1,8,4,-1.3508647700043492
friedman1,expanding,rf,x2,8,4,-1.4344008632579155
friedman1,expanding,rf,x3,8,4,-0.001535058212846066
friedman1,expanding,rf,x4,8,4,-0.10106918252970802
friedman1,expanding,rf,x5,8,4,-0.014735659528814615
friedman1,expanding,rf,x6,8,4,-0.0004110078427047581
friedman1,expanding,xgboost,x1,8,4,-1.4484754361495629
friedman1,expanding,xgboost,x2,8,4,-1.5632529879357306
friedman1,expanding,xgboost,x3,8,4,-0.026014049924353633
friedman1,expanding,xgboost,x4,8,4,-0.2405964322278924
friedman1,expanding,xgboost,x5,8,4,-0.05126537543356444
friedman1,expanding,xgboost,x6,8,4,-0.004592595387239752
friedman1,expanding,enet,x1,8,5,-1.2688499172662502
friedman1,expanding,enet,x2,8,5,-1.4160450272934133
friedman1,expanding,enet,x3,8,5,0.008218937938704998
friedman1,expanding,enet,x4,8,5,-0.24364640943589105
friedman1,expanding,enet,x5,8,5,-0.04495619607079533
friedman1,expanding,enet,x6,8,5,-0.00911347394051211
friedman1,expanding,rf,x1,8,5,-1.3499734357224837
friedman1,expanding,rf,x2,8,5,-1.4354225861252747
friedman1,expanding,rf,x3,8,5,-0.0016180542998770336
friedman1,expanding,rf,x4,8,5,-0.10100304713842427
friedman1,expanding,rf,x5,8,5,-0.014563998615303761
friedman1,expanding,rf,x6,8,5,-0.0004354194749746354
friedman1,expanding,xgboost,x1,8,5,-1.4376985052893132
friedman1,expanding,xgboost,x2,8,5,-1.5735294275938652
friedman1,expanding,xgboost,x3,8,5,-0.027641447398806245
friedman1,expanding,xgboost,x4,8,5,-0.23914597801943177
friedman1,expanding,xgboost,x5,8,5,-0.05104124343334037
friedman1,expanding,xgboost,x6,8,5,-0.005140275323587108
friedman1,expanding,enet,x1,8,6,-1.2656778086057692
friedman1,expanding,enet,x2,8,6,-1.411451580504616
friedman1,expanding,enet,x3,8,6,0.007782292538994956
friedman1,expanding,enet,x4,8,6,-0.25263640393651837
friedman1,expanding,enet,x5,8,6,-0.04217127803319812
friedman1,expanding,enet,x6,8,6,-0.01023730752705028
friedman1,expanding,rf,x1,8,6,-1.3472791852979473
friedman1,expanding,rf,x2,8,6,-1.4347407695729655
friedman1,expanding,rf,x3,8,6,-0.0018121933278201635
friedman1,expanding,rf,x4,8,6,-0.10448347775105787
friedman1,expanding,rf,x5,8,6,-0.014260453477830531
friedman1,expanding,rf,x6,8,6,-0.0004404619487169831
friedman1,expanding,xgboost,x1,8,6,-1.4329802395587175
friedman1,expanding,xgboost,x2,8,6,-1.5670040106126306
friedman1,expanding,xgboost,x3,8,6,-0.028707329761816447
friedman1,expanding,xgboost,x4,8,6,-0.25434182509017533
friedman1,expanding,xgboost,x5,8,6,-0.045898210363475855
friedman1,expanding,xgboost,x6,8,6,-0.005265261671527938
friedman1,expanding,enet,x1,8,7,-1.275442137653128
friedman1,expanding,enet,x2,8,7,-1.414746714926523
friedman1,expanding,enet,x3,8,7,0.008079284845121548
friedman1,expanding,enet,x4,8,7,-0.24310845624273464
friedman1,expanding,enet,x5,8,7,-0.04117010529202482
friedman1,expanding,enet,x6,8,7,-0.0080039567988682
friedman1,expanding,rf,x1,8,7,-1.3507825712449837
friedman1,expanding,rf,x2,8,7,-1.4351055457631765
friedman1,expanding,rf,x3,8,7,-0.0017156730488028654
friedman1,expanding,rf,x4,8,7,-0.10099660528421357
friedman1,expanding,rf,x5,8,7,-0.014012771142294905
friedman1,expanding,rf,x6,8,7,-0.0004033748928667785
friedman1,expanding,xgboost,x1,8,7,-1.4470079086641199
friedman1,expanding,xgboost,x2,8,7,-1.5702499327969068
friedman1,expanding,xgboost,x3,8,7,-0.028596445964589233
friedman1,expanding,xgboost,x4,8,7,-0.2384683135849073
friedman1,expanding,xgboost,x5,8,7,-0.045088380808459005
friedman1,expanding,xgboost,x6,8,7,-0.004785895239361321
friedman1,expanding,enet,x1,12,0,-1.2936185512879195
friedman1,expanding,enet,x2,12,0,-1.4110709812875832
friedman1,expanding,enet,x3,12,0,0.008476630312151965
friedman1,expanding,enet,x4,12,0,-0.23651006640563468
friedman1,expanding,enet,x5,12,0,-0.03335942671956422
friedman1,expanding,enet,x6,12,0,-0.00830969067960676
friedman1,expanding,rf,x1,12,0,-1.3571270002444955
friedman1,expanding,rf,x2,12,0,-1.4331100864958295
friedman1,expanding,rf,x3,12,0,-0.001552452102598199
friedman1,expanding,rf,x4,12,0,-0.09759439633004029
friedman1,expanding,rf,x5,12,0,-0.013220029524463542
friedman1,expanding,rf,x6,12,0,-0.0004125766789105552
friedman1,expanding,xgboost,x1,12,0,-1.4734079424712367
friedman1,expanding,xgboost,x2,12,0,-1.56538352584139
friedman1,expanding,xgboost,x3,12,0,-0.026501614439491932
friedman1,expanding,xgboost,x4,12,0,-0.22737916472480355
friedman1,expanding,xgboost,x5,12,0,-0.03677728783351184
friedman1,expanding,xgboost,x6,12,0,-0.004747341747909653
friedman1,expanding,enet,x1,12,1,-1.2813665974384925
friedman1,expanding,enet,x2,12,1,-1.3944842825162789
friedman1,expanding,enet,x3,12,1,0.008563234337598785
friedman1,expanding,enet,x4,12,1,-0.25443049903183906
friedman1,expanding,enet,x5,12,1,-0.04299284425296388
friedman1,expanding,enet,x6,12,1,-0.009681097166181448
friedman1,expanding,rf,x1,12,1,-1.3523650187755745
friedman1,expanding,rf,x2,12,1,-1.4277645992802286
friedman1,expanding,rf,x3,12,1,-0.0015076942277664391
friedman1,expanding,rf,x4,12,1,-0.1065716634570224
friedman1,expanding,rf,x5,12,1,-0.014366594507412586
friedman1,expanding,rf,x6,12,1,-0.0004409711283338928
friedman1,expanding,xgboost,x1,12,1,-1.456399029911913
friedman1,expanding,xgboost,x2,12,1,-1.5417773721991308
friedman1,expanding,xgboost,x3,12,1,-0.0253474774090262
friedman1,expanding,xgboost,x4,12,1,-0.2580340866986856
friedman1,expanding,xgboost,x5,12,1,-0.047888601718031255
friedman1,expanding,xgboost,x6,12,1,-0.004750309121557189
friedman1,expanding,enet,x1,12,2,-1.2688764652707534
friedman1,expanding,enet,x2,12,2,-1.3923033576266803
friedman1,expanding,enet,x3,12,2,0.007883806357801865
friedman1,expanding,enet,x4,12,2,-0.2622767121783819
friedman1,expanding,enet,x5,12,2,-0.04832374251651069
friedman1,expanding,enet,x6,12,2,-0.010495614833632436
friedman1,expanding,rf,x1,12,2,-1.3477359661095616
friedman1,expanding,rf,x2,12,2,-1.4271694414431746
friedman1,expanding,rf,x3,12,2,-0.0018421740068747527
friedman1,expanding,rf,x4,12,2,-0.11089954071599224
friedman1,expanding,rf,x5,12,2,-0.01485475001449374
friedman1,expanding,rf,x6,12,2,-0.0005146690862407414
friedman1,expanding,xgboost,x1,12,2,-1.4394996385026182
friedman1,expanding,xgboost,x2,12,2,-1.5371869736362072
friedman1,expanding,xgboost,x3,12,2,-0.02872329273544015
friedman1,expanding,xgboost,x4,12,2,-0.26996028475435224
friedman1,expanding,xgboost,x5,12,2,-0.05303238654164327
friedman1,expanding,xgboost,x6,12,2,-0.005794300888082443
friedman1,expanding,enet,x1,12,3,-1.2907782107622772
friedman1,expanding,enet,x2,12,3,-1.3956890858851316
friedman1,expanding,enet,x3,12,3,0.00854732082131962
friedman1,expanding,enet,x4,12,3,-0.25116708770139534
friedman1,expanding,enet,x5,12,3,-0.0357889810774542
friedman1,expanding,enet,x6,12,3,-0.009516041463218466
friedman1,expanding,rf,x1,12,3,-1.3567557664409875
friedman1,expanding,rf,x2,12,3,-1.4263171659362703
friedman1,expanding,rf,x3,12,3,-0.0015422386763522995
friedman1,expanding,rf,x4,12,3,-0.10442963117447497
friedman1,expanding,rf,x5,12,3,-0.013497668512474461
friedman1,expanding,rf,x6,12,3,-0.00047407063577870057
friedman1,expanding,xgboost,x1,12,3,-1.4704968689917493
friedman1,expanding,xgboost,x2,12,3,-1.5427530281300637
friedman1,expanding,xgboost,x3,12,3,-0.026070007662230794
friedman1,expanding,xgboost,x4,12,3,-0.25223954569302043
friedman1,expanding,xgboost,x5,12,3,-0.037042586730640883
friedman1,expanding,xgboost,x6,12,3,-0.0055948398506386375
friedman1,expanding,enet,x1,12,4,-1.2798678338486809
friedman1,expanding,enet,x2,12,4,-1.4070905366417719
friedman1,expanding,enet,x3,12,4,0.008498763052229075
friedman1,expanding,enet,x4,12,4,-0.24557686849165616
friedman1,expanding,enet,x5,12,4,-0.040473014991736174
friedman1,expanding,enet,x6,12,4,-0.009882595146541098
friedman1,expanding,rf,x1,12,4,-1.3524145751419487
friedman1,expanding,rf,x2,12,4,-1.4324618385162833
friedman1,expanding,rf,x3,12,4,-0.001546114869946963
friedman1,expanding,rf,x4,12,4,-0.10209822434610287
friedman1,expanding,rf,x5,12,4,-0.014036626221445239
friedman1,expanding,rf,x6,12,4,-0.0004591622806110011
friedman1,expanding,xgboost,x1,12,4,-1.4573666573513009
friedman1,expanding,xgboost,x2,12,4,-1.5598372977942405
friedman1,expanding,xgboost,x3,12,4,-0.026081434866011
friedman1,expanding,xgboost,x4,12,4,-0.24321749586123834
friedman1,expanding,xgboost,x5,12,4,-0.04234228257195415
friedman1,expanding,xgboost,x6,12,4,-0.005351708613598831
friedman1,expanding,enet,x1,12,5,-1.2872825158428005
friedman1,expanding,enet,x2,12,5,-1.4006549114970828
friedman1,expanding,enet,x3,12,5,0.008893329447358322
friedman1,expanding,enet,x4,12,5,-0.2492229041963654
friedman1,expanding,enet,x5,12,5,-0.03754889316506122
friedman1,expanding,enet,x6,12,5,-0.008576190814205131
friedman1,expanding,rf,x1,12,5,-1.354877012798229
friedman1,expanding,rf,x2,12,5,-1.4284137097238567
friedman1,expanding,rf,x3,12,5,-0.0013903581651511603
friedman1,expanding,rf,x4,12,5,-0.1042582173940807
friedman1,expanding,rf,x5,12,5,-0.013640713984893351
friedman1,expanding,rf,x6,12,5,-0.00043652931012708174
friedman1,expanding,xgboost,x1,12,5,-1.4672260992133863
friedman1,expanding,xgboost,x2,12,5,-1.5489086305274524
friedman1,expanding,xgboost,x3,12,5,-0.024074170044347424
friedman1,expanding,xgboost,x4,12,5,-0.24894144044926822
friedman1,expanding,xgboost,x5,12,5,-0.040222275746534406
friedman1,expanding,xgboost,x6,12,5,-0.004824261077354587
friedman1,expanding,enet,x1,12,6,-1.2808520621265027
friedman1,expanding,enet,x2,12,6,-1.4092524149134897
friedman1,expanding,enet,x3,12,6,0.0080080957949381
friedman1,expanding,enet,x4,12,6,-0.23730755072543586
friedman1,expanding,enet,x5,12,6,-0.04557523111023885
friedman1,expanding,enet,x6,12,6,-0.009412922987427805
friedman1,expanding,rf,x1,12,6,-1.354054449760035
friedman1,expanding,rf,x2,12,6,-1.4345230127942665
friedman1,expanding,rf,x3,12,6,-0.0017185676514520725
friedman1,expanding,rf,x4,12,6,-0.09775963886786491
friedman1,expanding,rf,x5,12,6,-0.014450381943691045
friedman1,expanding,rf,x6,12,6,-0.000510490359028661
friedman1,expanding,xgboost,x1,12,6,-1.4563004375834308
friedman1,expanding,xgboost,x2,12,6,-1.563237716757835
friedman1,expanding,xgboost,x3,12,6,-0.028234670684373325
friedman1,expanding,xgboost,x4,12,6,-0.23038978430583534
friedman1,expanding,xgboost,x5,12,6,-0.05072148440346782
friedman1,expanding,xgboost,x6,12,6,-0.005312783323401575
friedman1,expanding,enet,x1,12,7,-1.2791682019683588
friedman1,expanding,enet,x2,12,7,-1.4072491045293922
friedman1,expanding,enet,x3,12,7,0.008659325128986817
friedman1,expanding,enet,x4,12,7,-0.24943483641544448
friedman1,expanding,enet,x5,12,7,-0.03736580888072046
friedman1,expanding,enet,x6,12,7,-0.009833459403227615
friedman1,expanding,rf,x1,12,7,-1.351931686175934
friedman1,expanding,rf,x2,12,7,-1.4311224072531619
friedman1,expanding,rf,x3,12,7,-0.0014576243089182521
friedman1,expanding,rf,x4,12,7,-0.10430321232926336
friedman1,expanding,rf,x5,12,7,-0.013714811422947717
friedman1,expanding,rf,x6,12,7,-0.00048679988611298924
friedman1,expanding,xgboost,x1,12,7,-1.4523331650958895
friedman1,expanding,xgboost,x2,12,7,-1.5607908873957512
friedman1,expanding,xgboost,x3,12,7,-0.02519254287308745
friedman1,expanding,xgboost,x4,12,7,-0.24953645602881303
friedman1,expanding,xgboost,x5,12,7,-0.04059570438815802
friedman1,expanding,xgboost,x6,12,7,-0.005748121276644309
friedman1,expanding,enet,x1,18,0,-1.2822538947214315
friedman1,expanding,enet,x2,18,0,-1.3897556108939653
friedman1,expanding,enet,x3,18,0,0.008692549907248067
friedman1,expanding,enet,x4,18,0,-0.2572649277701862
friedman1,expanding,enet,x5,18,0,-0.04431197031471724
friedman1,expanding,enet,x6,18,0,-0.00949823227510465
friedman1,expanding,rf,x1,18,0,-1.3525350338458697
friedman1,expanding,rf,x2,18,0,-1.4260985506932977
friedman1,expanding,rf,x3,18,0,-0.0014858684475601198
friedman1,expanding,rf,x4,18,0,-0.10801614497144746
friedman1,expanding,rf,x5,18,0,-0.014439423021609752
friedman1,expanding,rf,x6,18,0,-0.0004415203965537197
friedman1,expanding,xgboost,x1,18,0,-1.4574278346259077
friedman1,expanding,xgboost,x2,18,0,-1.5351799752064559
friedman1,expanding,xgboost,x3,18,0,-0.025509249576700855
friedman1,expanding,xgboost,x4,18,0,-0.2622068848799199
friedman1,expanding,xgboost,x5,18,0,-0.04873298887388463
friedman1,expanding,xgboost,x6,18,0,-0.005139943895474637
friedman1,expanding,enet,x1,18,1,-1.2604532538668884
friedman1,expanding,enet,x2,18,1,-1.434273311947712
friedman1,expanding,enet,x3,18,1,0.008330320994217643
friedman1,expanding,enet,x4,18,1,-0.24215038836144023
friedman1,expanding,enet,x5,18,1,-0.03617897875919329
friedman1,expanding,enet,x6,18,1,-0.009666474127140692
friedman1,expanding,rf,x1,18,1,-1.3454580429428498
friedman1,expanding,rf,x2,18,1,-1.4414523749578365
friedman1,expanding,rf,x3,18,1,-0.0016422008419165622
friedman1,expanding,rf,x4,18,1,-0.10051694999941331
friedman1,expanding,rf,x5,18,1,-0.013471117127013956
friedman1,expanding,rf,x6,18,1,-0.00047585550730785655
friedman1,expanding,xgboost,x1,18,1,-1.426476526519808
friedman1,expanding,xgboost,x2,18,1,-1.6003879448493732
friedman1,expanding,xgboost,x3,18,1,-0.027157196488997403
friedman1,expanding,xgboost,x4,18,1,-0.23669032750048252
friedman1,expanding,xgboost,x5,18,1,-0.03813759539639434
friedman1,expanding,xgboost,x6,18,1,-0.005347286303288336
friedman1,expanding,enet,x1,18,2,-1.2741955826629876
friedman1,expanding,enet,x2,18,2,-1.4048889241370488
friedman1,expanding,enet,x3,18,2,0.008838622498360272
friedman1,expanding,enet,x4,18,2,-0.2482481159085206
friedman1,expanding,enet,x5,18,2,-0.04612499467839848
friedman1,expanding,enet,x6,18,2,-0.009773091179561834
friedman1,expanding,rf,x1,18,2,-1.3517251022579302
friedman1,expanding,rf,x2,18,2,-1.4312679140064448
friedman1,expanding,rf,x3,18,2,-0.0014182418758741872
friedman1,expanding,rf,x4,18,2,-0.1035383231911016
friedman1,expanding,rf,x5,18,2,-0.014632680002179408
friedman1,expanding,rf,x6,18,2,-0.0004342800428080255
friedman1,expanding,xgboost,x1,18,2,-1.4483403008669826
friedman1,expanding,xgboost,x2,18,2,-1.5574561877368154
friedman1,expanding,xgboost,x3,18,2,-0.024688473243736915
friedman1,expanding,xgboost,x4,18,2,-0.2474758788565531
friedman1,expanding,xgboost,x5,18,2,-0.0510523226706541
friedman1,expanding,xgboost,x6,18,2,-0.005183713683601636
friedman1,expanding,enet,x1,18,3,-1.2800689365837266
friedman1,expanding,enet,x2,18,3,-1.4234223970097284
friedman1,expanding,enet,x3,18,3,0.00840640654710075
friedman1,expanding,enet,x4,18,3,-0.23438688042375436
friedman1,expanding,enet,x5,18,3,-0.03573885526319181
friedman1,expanding,enet,x6,18,3,-0.009181423334856838
friedman1,expanding,rf,x1,18,3,-1.3521330673540974
friedman1,expanding,rf,x2,18,3,-1.4379085618923477
friedman1,expanding,rf,x3,18,3,-0.0016091405607204729
friedman1,expanding,rf,x4,18,3,-0.09756302084307164
friedman1,expanding,rf,x5,18,3,-0.013355304317457628
friedman1,expanding,rf,x6,18,3,-0.0004474464086431497
friedman1,expanding,xgboost,x1,18,3,-1.454260101780089
friedman1,expanding,xgboost,x2,18,3,-1.584761756511054
friedman1,expanding,xgboost,x3,18,3,-0.026524640404577006
friedman1,expanding,xgboost,x4,18,3,-0.22524045937470077
friedman1,expanding,xgboost,x5,18,3,-0.03811295981074422
friedman1,expanding,xgboost,x6,18,3,-0.005296959177178632
friedman1,expanding,enet,x1,18,4,-1.270497486322707
friedman1,expanding,enet,x2,18,4,-1.4136669174999996
friedman1,expanding,enet,x3,18,4,0.0089001883664064
friedman1,expanding,enet,x4,18,4,-0.24604378306101132
friedman1,expanding,enet,x5,18,4,-0.04312023647622307
friedman1,expanding,enet,x6,18,4,-0.009963851074622505
friedman1,expanding,rf,x1,18,4,-1.348955201651034
friedman1,expanding,rf,x2,18,4,-1.4346099814050892
friedman1,expanding,rf,x3,18,4,-0.0013777741621089049
friedman1,expanding,rf,x4,18,4,-0.10337920774047518
friedman1,expanding,rf,x5,18,4,-0.01423965494267847
friedman1,expanding,rf,x6,18,4,-0.00045472147495249454
friedman1,expanding,xgboost,x1,18,4,-1.4418715758583156
friedman1,expanding,xgboost,x2,18,4,-1.5716911602116015
friedman1,expanding,xgboost,x3,18,4,-0.024013754895132453
friedman1,expanding,xgboost,x4,18,4,-0.24381893857264478
friedman1,expanding,xgboost,x5,18,4,-0.047360492260161494
friedman1,expanding,xgboost,x6,18,4,-0.005440955260487805
friedman1,expanding,enet,x1,18,5,-1.2739256981215825
friedman1,expanding,enet,x2,18,5,-1.4052732201263456
friedman1,expanding,enet,x3,18,5,0.008023068553582183
friedman1,expanding,enet,x4,18,5,-0.25249881217086495
friedman1,expanding,enet,x5,18,5,-0.0415840504682635
friedman1,expanding,enet,x6,18,5,-0.0091333737346826
friedman1,expanding,rf,x1,18,5,-1.3491503265974678
friedman1,expanding,rf,x2,18,5,-1.432307992950959
friedman1,expanding,rf,x3,18,5,-0.0017502816078126537
friedman1,expanding,rf,x4,18,5,-0.10514492864778228
friedman1,expanding,rf,x5,18,5,-0.014185176667814456
friedman1,expanding,rf,x6,18,5,-0.0004778349045021625
friedman1,expanding,xgboost,x1,18,5,-1.443269950133292
friedman1,expanding,xgboost,x2,18,5,-1.5576631821578464
friedman1,expanding,xgboost,x3,18,5,-0.02867911932027091
friedman1,expanding,xgboost,x4,18,5,-0.2537098091396026
friedman1,expanding,xgboost,x5,18,5,-0.045293512050733044
friedman1,expanding,xgboost,x6,18,5,-0.005581304256598881
friedman1,expanding,enet,x1,18,6,-1.2825754459889136
friedman1,expanding,enet,x2,18,6,-1.4133411039749175
friedman1,expanding,enet,x3,18,6,0.008481846924272594
friedman1,expanding,enet,x4,18,6,-0.23925791883094127
friedman1,expanding,enet,x5,18,6,-0.03801737760536075
friedman1,expanding,enet,x6,18,6,-0.00968208659229635
friedman1,expanding,rf,x1,18,6,-1.3547972523185219
friedman1,expanding,rf,x2,18,6,-1.4333569984633807
friedman1,expanding,rf,x3,18,6,-0.0015483861489310653
friedman1,expanding,rf,x4,18,6,-0.09912152115825526
friedman1,expanding,rf,x5,18,6,-0.013726594221764624
friedman1,expanding,rf,x6,18,6,-0.00046578906548474147
friedman1,expanding,xgboost,x1,18,6,-1.4604489460402943
friedman1,expanding,xgboost,x2,18,6,-1.5686963250842043
friedman1,expanding,xgboost,x3,18,6,-0.026563923595259765
friedman1,expanding,xgboost,x4,18,6,-0.23240664269010441
friedman1,expanding,xgboost,x5,18,6,-0.040625963120281945
friedman1,expanding,xgboost,x6,18,6,-0.005455076528199166
friedman1,expanding,enet,x1,18,7,-1.2966696616394024
friedman1,expanding,enet,x2,18,7,-1.4013375962639676
friedman1,expanding,enet,x3,18,7,0.008777009044247712
friedman1,expanding,enet,x4,18,7,-0.23472588950420292
friedman1,expanding,enet,x5,18,7,-0.041600222802745196
friedman1,expanding,enet,x6,18,7,-0.008835724902087012
friedman1,expanding,rf,x1,18,7,-1.3597516134551784
friedman1,expanding,rf,x2,18,7,-1.4297743398034883
friedman1,expanding,rf,x3,18,7,-0.0014080504538827772
friedman1,expanding,rf,x4,18,7,-0.09755360153502829
friedman1,expanding,rf,x5,18,7,-0.014106419525184044
friedman1,expanding,rf,x6,18,7,-0.0004225166035761914
friedman1,expanding,xgboost,x1,18,7,-1.4805208523038351
friedman1,expanding,xgboost,x2,18,7,-1.5519156060392967
friedman1,expanding,xgboost,x3,18,7,-0.024702528609929365
friedman1,expanding,xgboost,x4,18,7,-0.22604480824767684
friedman1,expanding,xgboost,x5,18,7,-0.046396354580021365
friedman1,expanding,xgboost,x6,18,7,-0.004616727277584421
friedman1,expanding,enet,x1,30,0,-1.2869555663368657
friedman1,expanding,enet,x2,30,0,-1.4128108886218282
friedman1,expanding,enet,x3,30,0,0.008890355703757598
friedman1,expanding,enet,x4,30,0,-0.2368547602176483
friedman1,expanding,enet,x5,30,0,-0.03766097568484715
friedman1,expanding,enet,x6,30,0,-0.009000250910724986
friedman1,expanding,rf,x1,30,0,-1.3550536306616459
friedman1,expanding,rf,x2,30,0,-1.4339859260142793
friedman1,expanding,rf,x3,30,0,-0.0014016284356291504
friedman1,expanding,rf,x4,30,0,-0.09844816002149508
friedman1,expanding,rf,x5,30,0,-0.01369591243871922
friedman1,expanding,rf,x6,30,0,-0.0004312838045702557
friedman1,expanding,xgboost,x1,30,0,-1.4658218503755276
friedman1,expanding,xgboost,x2,30,0,-1.5687654902568129
friedman1,expanding,xgboost,x3,30,0,-0.02474904418241737
friedman1,expanding,xgboost,x4,30,0,-0.22894433971075856
friedman1,expanding,xgboost,x5,30,0,-0.040948260178960624
friedman1,expanding,xgboost,x6,30,0,-0.004967892353866745
friedman1,expanding,enet,x1,30,1,-1.2833243233632414
friedman1,expanding,enet,x2,30,1,-1.410524633483459
friedman1,expanding,enet,x3,30,1,0.008426749636652983
friedman1,expanding,enet,x4,30,1,-0.24065764305426932
friedman1,expanding,enet,x5,30,1,-0.03962039872543324
friedman1,expanding,enet,x6,30,1,-0.008691837078406558
friedman1,expanding,rf,x1,30,1,-1.3546232421031592
friedman1,expanding,rf,x2,30,1,-1.4322933179339885
friedman1,expanding,rf,x3,30,1,-0.0015616139441986512
friedman1,expanding,rf,x4,30,1,-0.10018400423603975
friedman1,expanding,rf,x5,30,1,-0.013917452178496877
friedman1,expanding,rf,x6,30,1,-0.0004369109804553591
friedman1,expanding,xgboost,x1,30,1,-1.460955306536413
friedman1,expanding,xgboost,x2,30,1,-1.5645206276203396
friedman1,expanding,xgboost,x3,30,1,-0.026159024084365958
friedman1,expanding,xgboost,x4,30,1,-0.234210275808997
friedman1,expanding,xgboost,x5,30,1,-0.04313390569294669
friedman1,expanding,xgboost,x6,30,1,-0.005217737315281071
friedman1,expanding,enet,x1,30,2,-1.2836537558168677
friedman1,expanding,enet,x2,30,2,-1.4064403129542538
friedman1,expanding,enet,x3,30,2,0.008624981234682139
friedman1,expanding,enet,x4,30,2,-0.24858005292858565
friedman1,expanding,enet,x5,30,2,-0.03538706088850094
friedman1,expanding,enet,x6,30,2,-0.008955884714630494
friedman1,expanding,rf,x1,30,2,-1.3540365482886705
friedman1,expanding,rf,x2,30,2,-1.4304828455870562
friedman1,expanding,rf,x3,30,2,-0.0015116789068220708
friedman1,expanding,rf,x4,30,2,-0.10307324570474483
friedman1,expanding,rf,x5,30,2,-0.01346497817048234
friedman1,expanding,rf,x6,30,2,-0.0004472447185630779
friedman1,expanding,xgboost,x1,30,2,-1.4602788479228401
friedman1,expanding,xgboost,x2,30,2,-1.557962123097494
friedman1,expanding,xgboost,x3,30,2,-0.02550110415531066
friedman1,expanding,xgboost,x4,30,2,-0.247557550545649
friedman1,expanding,xgboost,x5,30,2,-0.03760690882483213
friedman1,expanding,xgboost,x6,30,2,-0.005290342512217687
friedman1,expanding,enet,x1,30,3,-1.2754727968046897
friedman1,expanding,enet,x2,30,3,-1.4143194798123262
friedman1,expanding,enet,x3,30,3,0.00856945393723949
friedman1,expanding,enet,x4,30,3,-0.24347156925025218
friedman1,expanding,enet,x5,30,3,-0.04045315520196205
friedman1,expanding,enet,x6,30,3,-0.00924453893616629
friedman1,expanding,rf,x1,30,3,-1.3496850068123045
friedman1,expanding,rf,x2,30,3,-1.4362294304866405
friedman1,expanding,rf,x3,30,3,-0.0015292710690430404
friedman1,expanding,rf,x4,30,3,-0.10117608787035433
friedman1,expanding,rf,x5,30,3,-0.013963324311190255
friedman1,expanding,rf,x6,30,3,-0.00043342082680528635
friedman1,expanding,xgboost,x1,30,3,-1.446663831791329
friedman1,expanding,xgboost,x2,30,3,-1.5730483402448159
friedman1,expanding,xgboost,x3,30,3,-0.025861307610435428
friedman1,expanding,xgboost,x4,30,3,-0.2392737917502801
friedman1,expanding,xgboost,x5,30,3,-0.044351808092437904
friedman1,expanding,xgboost,x6,30,3,-0.0049977975690457255
friedman1,expanding,enet,x1,30,4,-1.295694162865921
friedman1,expanding,enet,x2,30,4,-1.4006516239969715
friedman1,expanding,enet,x3,30,4,0.008624198250862454
friedman1,expanding,enet,x4,30,4,-0.24473525789449327
friedman1,expanding,enet,x5,30,4,-0.03323368859190919
friedman1,expanding,enet,x6,30,4,-0.008701550969724085
friedman1,expanding,rf,x1,30,4,-1.3580901868318105
friedman1,expanding,rf,x2,30,4,-1.428462512377147
friedman1,expanding,rf,x3,30,4,-0.001494239081741285
friedman1,expanding,rf,x4,30,4,-0.10126957901764734
friedman1,expanding,rf,x5,30,4,-0.013262502762541921
friedman1,expanding,rf,x6,30,4,-0.00043752130545028726
friedman1,expanding,xgboost,x1,30,4,-1.477854431279464
friedman1,expanding,xgboost,x2,30,4,-1.5486469070629085
friedman1,expanding,xgboost,x3,30,4,-0.025712030803951503
friedman1,expanding,xgboost,x4,30,4,-0.24149789008024466
friedman1,expanding,xgboost,x5,30,4,-0.03552672233266359
friedman1,expanding,xgboost,x6,30,4,-0.004958895499111738
friedman1,expanding,enet,x1,30,5,-1.2778813644816864
friedman1,expanding,enet,x2,30,5,-1.4237149767659054
friedman1,expanding,enet,x3,30,5,0.008404646570373982
friedman1,expanding,enet,x4,30,5,-0.23393730478669408
friedman1,expanding,enet,x5,30,5,-0.038218905263122556
friedman1,expanding,enet,x6,30,5,-0.009044181341122441
friedman1,expanding,rf,x1,30,5,-1.3518647391542207
friedman1,expanding,rf,x2,30,5,-1.4386606350457234
friedman1,expanding,rf,x3,30,5,-0.001593858812481852
friedman1,expanding,rf,x4,30,5,-0.09670902657189413
friedman1,expanding,rf,x5,30,5,-0.013746056413246884
friedman1,expanding,rf,x6,30,5,-0.00044222537877194326
friedman1,expanding,xgboost,x1,30,5,-1.4509164586595868
friedman1,expanding,xgboost,x2,30,5,-1.5860236088527486
friedman1,expanding,xgboost,x3,30,5,-0.026999890473120687
friedman1,expanding,xgboost,x4,30,5,-0.22398261680085865
friedman1,expanding,xgboost,x5,30,5,-0.04113919441899563
friedman1,expanding,xgboost,x6,30,5,-0.005135107853033513
friedman1,expanding,enet,x1,30,6,-1.2745696174348564
friedman1,expanding,enet,x2,30,6,-1.4158573701057484
friedman1,expanding,enet,x3,30,6,0.008336438609643374
friedman1,expanding,enet,x4,30,6,-0.24366805383356727
friedman1,expanding,enet,x5,30,6,-0.039812616657074536
friedman1,expanding,enet,x6,30,6,-0.008820866646553722
friedman1,expanding,rf,x1,30,6,-1.350884022060182
friedman1,expanding,rf,x2,30,6,-1.434975573505621
friedman1,expanding,rf,x3,30,6,-0.001634321115143685
friedman1,expanding,rf,x4,30,6,-0.10120447874887972
friedman1,expanding,rf,x5,30,6,-0.013886208078518026
friedman1,expanding,rf,x6,30,6,-0.00043193786799395527
friedman1,expanding,xgboost,x1,30,6,-1.44658315915385
friedman1,expanding,xgboost,x2,30,6,-1.5728877480416963
friedman1,expanding,xgboost,x3,30,6,-0.027052428353788956
friedman1,expanding,xgboost,x4,30,6,-0.2396288472406796
friedman1,expanding,xgboost,x5,30,6,-0.04321856416567572
friedman1,expanding,xgboost,x6,30,6,-0.0048261301026532736
friedman1,expanding,enet,x1,30,7,-1.2711564497597574
friedman1,expanding,enet,x2,30,7,-1.4098382551711386
friedman1,expanding,enet,x3,30,7,0.008306483334866489
friedman1,expanding,enet,x4,30,7,-0.24853857709465735
friedman1,expanding,enet,x5,30,7,-0.044334461015399874
friedman1,expanding,enet,x6,30,7,-0.00883082636207014
friedman1,expanding,rf,x1,30,7,-1.34911320620977
friedman1,expanding,rf,x2,30,7,-1.4335954608572166
friedman1,expanding,rf,x3,30,7,-0.001609109421177098
friedman1,expanding,rf,x4,30,7,-0.1038141647347507
friedman1,expanding,rf,x5,30,7,-0.014450563516791604
friedman1,expanding,rf,x6,30,7,-0.0004340366366322031
friedman1,expanding,xgboost,x1,30,7,-1.4418706117511504
friedman1,expanding,xgboost,x2,30,7,-1.5643934489999414
friedman1,expanding,xgboost,x3,30,7,-0.026966561284480963
friedman1,expanding,xgboost,x4,30,7,-0.2473326981707813
friedman1,expanding,xgboost,x5,30,7,-0.048322099177368454
friedman1,expanding,xgboost,x6,30,7,-0.005311457674621383
friedman1,expanding,enet,x1,40,0,-1.284504768009838
friedman1,expanding,enet,x2,40,0,-1.405368412268889
friedman1,expanding,enet,x3,40,0,0.008864950239260932
friedman1,expanding,enet,x4,40,0,-0.24898449724869204
friedman1,expanding,enet,x5,40,0,-0.035755444118540425
friedman1,expanding,enet,x6,40,0,-0.008643914661458418
friedman1,expanding,rf,x1,40,0,-1.3528959326115255
friedman1,expanding,rf,x2,40,0,-1.4310804292535024
friedman1,expanding,rf,x3,40,0,-0.001425329853093113
friedman1,expanding,rf,x4,40,0,-0.1037182616615769
friedman1,expanding,rf,x5,40,0,-0.01346287302950846
friedman1,expanding,rf,x6,40,0,-0.0004337149671317181
friedman1,expanding,xgboost,x1,40,0,-1.4597606802142062
friedman1,expanding,xgboost,x2,40,0,-1.557617443683667
friedman1,expanding,xgboost,x3,40,0,-0.024589423034480577
friedman1,expanding,xgboost,x4,40,0,-0.24909628190572838
friedman1,expanding,xgboost,x5,40,0,-0.03834294167879746
friedman1,expanding,xgboost,x6,40,0,-0.0047901065414641284
friedman1,expanding,enet,x1,40,1,-1.2872899259461428
friedman1,expanding,enet,x2,40,1,-1.4108621866404116
friedman1,expanding,enet,x3,40,1,0.008710290885628646
friedman1,expanding,enet,x4,40,1,-0.23646359282806745
friedman1,expanding,enet,x5,40,1,-0.0391849505268961
friedman1,expanding,enet,x6,40,1,-0.009301721012268277
friedman1,expanding,rf,x1,40,1,-1.3553946199412916
friedman1,expanding,rf,x2,40,1,-1.4342146180854172
friedman1,expanding,rf,x3,40,1,-0.0014700516248951439
friedman1,expanding,rf,x4,40,1,-0.09765701475465266
friedman1,expanding,rf,x5,40,1,-0.013831708977815441
friedman1,expanding,rf,x6,40,1,-0.000448527992266215
friedman1,expanding,xgboost,x1,40,1,-1.466461020062778
friedman1,expanding,xgboost,x2,40,1,-1.5660757232755451
friedman1,expanding,xgboost,x3,40,1,-0.025407512287852284
friedman1,expanding,xgboost,x4,40,1,-0.2282459447393852
friedman1,expanding,xgboost,x5,40,1,-0.042862982641645044
friedman1,expanding,xgboost,x6,40,1,-0.005143694051138366
friedman1,expanding,enet,x1,40,2,-1.2826238525204672
friedman1,expanding,enet,x2,40,2,-1.4089450578902185
friedman1,expanding,enet,x3,40,2,0.008553015263100566
friedman1,expanding,enet,x4,40,2,-0.24711872743430177
friedman1,expanding,enet,x5,40,2,-0.034980525995455335
friedman1,expanding,enet,x6,40,2,-0.009276937490814634
friedman1,expanding,rf,x1,40,2,-1.3531245556149716
friedman1,expanding,rf,x2,40,2,-1.4320529880355437
friedman1,expanding,rf,x3,40,2,-0.001550344419993191
friedman1,expanding,rf,x4,40,2,-0.10241869269944397
friedman1,expanding,rf,x5,40,2,-0.01342586440650562
friedman1,expanding,rf,x6,40,2,-0.0004440961998802673
friedman1,expanding,xgboost,x1,40,2,-1.457439666847846
friedman1,expanding,xgboost,x2,40,2,-1.562713206795181
friedman1,expanding,xgboost,x3,40,2,-0.025825275645016278
friedman1,expanding,xgboost,x4,40,2,-0.2455247948940303
friedman1,expanding,xgboost,x5,40,2,-0.03738069169443598
friedman1,expanding,xgboost,x6,40,2,-0.0053132411818341396
friedman1,expanding,enet,x1,40,3,-1.273751453659583
friedman1,expanding,enet,x2,40,3,-1.4105209216989305
friedman1,expanding,enet,x3,40,3,0.00887511995037851
friedman1,expanding,enet,x4,40,3,-0.24569091950172117
friedman1,expanding,enet,x5,40,3,-0.043969107436079645
friedman1,expanding,enet,x6,40,3,-0.009334803722221115
friedman1,expanding,rf,x1,40,3,-1.3496359876085176
friedman1,expanding,rf,x2,40,3,-1.4348544973283712
friedman1,expanding,rf,x3,40,3,-0.0014226287086518436
friedman1,expanding,rf,x4,40,3,-0.10229203908223969
friedman1,expanding,rf,x5,40,3,-0.014361992856319736
friedman1,expanding,rf,x6,40,3,-0.0004493957922379027
friedman1,expanding,xgboost,x1,40,3,-1.4450522669966506
friedman1,expanding,xgboost,x2,40,3,-1.5686150987504142
friedman1,expanding,xgboost,x3,40,3,-0.024505950289882693
friedman1,expanding,xgboost,x4,40,3,-0.24299587580847262
friedman1,expanding,xgboost,x5,40,3,-0.04787124996688683
friedman1,expanding,xgboost,x6,40,3,-0.005156435246036614
friedman1,expanding,enet,x1,40,4,-1.2716892586374566
friedman1,expanding,enet,x2,40,4,-1.4094757604753276
friedman1,expanding,enet,x3,40,4,0.008500740562141677
friedman1,expanding,enet,x4,40,4,-0.2523181524388577
friedman1,expanding,enet,x5,40,4,-0.040053444316026275
friedman1,expanding,enet,x6,40,4,-0.00935621076263032
friedman1,expanding,rf,x1,40,4,-1.3493464207024146
friedman1,expanding,rf,x2,40,4,-1.4320907887892083
friedman1,expanding,rf,x3,40,4,-0.001574469587150129
friedman1,expanding,rf,x4,40,4,-0.10564097439195379
friedman1,expanding,rf,x5,40,4,-0.01393411739094078
friedman1,expanding,rf,x6,40,4,-0.0004297705146705633
friedman1,expanding,xgboost,x1,40,4,-1.441693839145136
friedman1,expanding,xgboost,x2,40,4,-1.562771504977857
friedman1,expanding,xgboost,x3,40,4,-0.02627424878404979
friedman1,expanding,xgboost,x4,40,4,-0.25433126190039435
friedman1,expanding,xgboost,x5,40,4,-0.0439905236662069
friedman1,expanding,xgboost,x6,40,4,-0.005135498584699527
friedman1,expanding,enet,x1,40,5,-1.2743636604239568
friedman1,expanding,enet,x2,40,5,-1.4071851661031285
friedman1,expanding,enet,x3,40,5,0.00811287875631698
friedman1,expanding,enet,x4,40,5,-0.2509395310317752
friedman1,expanding,enet,x5,40,5,-0.04053803174108066
friedman1,expanding,enet,x6,40,5,-0.009478575524532818
friedman1,expanding,rf,x1,40,5,-1.350151750632358
friedman1,expanding,rf,x2,40,5,-1.4317248730469758
friedman1,expanding,rf,x3,40,5,-0.0017170757622926801
friedman1,expanding,rf,x4,40,5,-0.10496736054905793
friedman1,expanding,rf,x5,40,5,-0.013987174511941775
friedman1,expanding,rf,x6,40,5,-0.0004683068737119572
friedman1,expanding,xgboost,x1,40,5,-1.445446110894366
friedman1,expanding,xgboost,x2,40,5,-1.5600870412668892
friedman1,expanding,xgboost,x3,40,5,-0.02808590015875172
friedman1,expanding,xgboost,x4,40,5,-0.2516088084010911
friedman1,expanding,xgboost,x5,40,5,-0.04364254880436016
friedman1,expanding,xgboost,x6,40,5,-0.005326467532885587
friedman1,expanding,enet,x1,40,6,-1.275101082003905
friedman1,expanding,enet,x2,40,6,-1.4106337704181784
friedman1,expanding,enet,x3,40,6,0.008512910113862284
friedman1,expanding,enet,x4,40,6,-0.24780695399723948
friedman1,expanding,enet,x5,40,6,-0.04053653248741332
friedman1,expanding,enet,x6,40,6,-0.008826657275283114
friedman1,expanding,rf,x1,40,6,-1.3508518099631406
friedman1,expanding,rf,x2,40,6,-1.4331211406530842
friedman1,expanding,rf,x3,40,6,-0.0015615155046814987
friedman1,expanding,rf,x4,40,6,-0.10301361785105848
friedman1,expanding,rf,x5,40,6,-0.014029424987628884
friedman1,expanding,rf,x6,40,6,-0.0004390324167448806
friedman1,expanding,xgboost,x1,40,6,-1.4478471214900703
friedman1,expanding,xgboost,x2,40,6,-1.5644837690146436
friedman1,expanding,xgboost,x3,40,6,-0.025887193144085507
friedman1,expanding,xgboost,x4,40,6,-0.24670733241437137
friedman1,expanding,xgboost,x5,40,6,-0.0442286586658561
friedman1,expanding,xgboost,x6,40,6,-0.005042802329316695
friedman1,expanding,enet,x1,40,7,-1.279107503525081
friedman1,expanding,enet,x2,40,7,-1.4129609772338658
friedman1,expanding,enet,x3,40,7,0.008394305753331912
friedman1,expanding,enet,x4,40,7,-0.2398236231202442
friedman1,expanding,enet,x5,40,7,-0.04128153545051533
friedman1,expanding,enet,x6,40,7,-0.009612752491782974
friedman1,expanding,rf,x1,40,7,-1.3523041452378337
friedman1,expanding,rf,x2,40,7,-1.434992098424625
friedman1,expanding,rf,x3,40,7,-0.0015891045707222106
friedman1,expanding,rf,x4,40,7,-0.09957694278581079
friedman1,expanding,rf,x5,40,7,-0.01406202378596166
friedman1,expanding,rf,x6,40,7,-0.0004922265713852042
friedman1,expanding,xgboost,x1,40,7,-1.4534752861146283
friedman1,expanding,xgboost,x2,40,7,-1.56979471718337
friedman1,expanding,xgboost,x3,40,7,-0.02679531812881177
friedman1,expanding,xgboost,x4,40,7,-0.2333214214203779
friedman1,expanding,xgboost,x5,40,7,-0.04517391692992932
friedman1,expanding,xgboost,x6,40,7,-0.005636217281226655
friedman1,expanding,enet,x1,60,0,-1.2836659219785063
friedman1,expanding,enet,x2,60,0,-1.4018721996784138
friedman1,expanding,enet,x3,60,0,0.00834213657998636
friedman1,expanding,enet,x4,60,0,-0.2450253225399835
friedman1,expanding,enet,x5,60,0,-0.04245512169032744
friedman1,expanding,enet,x6,60,0,-0.009715656760912619
friedman1,expanding,rf,x1,60,0,-1.353687083621883
friedman1,expanding,rf,x2,60,0,-1.4309335155946807
friedman1,expanding,rf,x3,60,0,-0.0016185727816796355
friedman1,expanding,rf,x4,60,0,-0.10209839269775868
friedman1,expanding,rf,x5,60,0,-0.014227344560137734
friedman1,expanding,rf,x6,60,0,-0.0004516321201983938
friedman1,expanding,xgboost,x1,60,0,-1.4609438710394238
friedman1,expanding,xgboost,x2,60,0,-1.552950711110239
friedman1,expanding,xgboost,x3,60,0,-0.026889495152584268
friedman1,expanding,xgboost,x4,60,0,-0.24221462736884314
friedman1,expanding,xgboost,x5,60,0,-0.04597281556231015
friedman1,expanding,xgboost,x6,60,0,-0.005225356824943201
friedman1,expanding,enet,x1,60,1,-1.2802656701790796
friedman1,expanding,enet,x2,60,1,-1.4079939958093122
friedman1,expanding,enet,x3,60,1,0.008504643898682955
friedman1,expanding,enet,x4,60,1,-0.2419555151908758
friedman1,expanding,enet,x5,60,1,-0.0433513670810878
friedman1,expanding,enet,x6,60,1,-0.009330181706484466
friedman1,expanding,rf,x1,60,1,-1.3532199956587136
friedman1,expanding,rf,x2,60,1,-1.4331235788162908
friedman1,expanding,rf,x3,60,1,-0.0015349597364947194
friedman1,expanding,rf,x4,60,1,-0.1003552638769694
friedman1,expanding,rf,x5,60,1,-0.014332495237577616
friedman1,expanding,rf,x6,60,1,-0.0004502480502919422
friedman1,expanding,xgboost,x1,60,1,-1.4554117191135485
friedman1,expanding,xgboost,x2,60,1,-1.562882283783608
friedman1,expanding,xgboost,x3,60,1,-0.02596616817648728
friedman1,expanding,xgboost,x4,60,1,-0.2374458530191702
friedman1,expanding,xgboost,x5,60,1,-0.047240713152035145
friedman1,expanding,xgboost,x6,60,1,-0.005250139813494463
friedman1,expanding,enet,x1,60,2,-1.2809939262647327
friedman1,expanding,enet,x2,60,2,-1.4155278646243952
friedman1,expanding,enet,x3,60,2,0.008429025240333886
friedman1,expanding,enet,x4,60,2,-0.23823886669949682
friedman1,expanding,enet,x5,60,2,-0.03911012483869267
friedman1,expanding,enet,x6,60,2,-0.008950328881173647
friedman1,expanding,rf,x1,60,2,-1.3529988565443571
friedman1,expanding,rf,x2,60,2,-1.4352841015794426
friedman1,expanding,rf,x3,60,2,-0.00157174507813882
friedman1,expanding,rf,x4,60,2,-0.09891781868898435
friedman1,expanding,rf,x5,60,2,-0.013813706222316147
friedman1,expanding,rf,x6,60,2,-0.00043031326309914873
friedman1,expanding,xgboost,x1,60,2,-1.4563893838809092
friedman1,expanding,xgboost,x2,60,2,-1.5726441454187425
friedman1,expanding,xgboost,x3,60,2,-0.026308605624313967
friedman1,expanding,xgboost,x4,60,2,-0.23096570420968546
friedman1,expanding,xgboost,x5,60,2,-0.04287420091174195
friedman1,expanding,xgboost,x6,60,2,-0.005014837012950688
friedman1,expanding,enet,x1,60,3,-1.2822104130287955
friedman1,expanding,enet,x2,60,3,-1.4086131931653243
friedman1,expanding,enet,x3,60,3,0.008799207468054498
friedman1,expanding,enet,x4,60,3,-0.2448781790593537
friedman1,expanding,enet,x5,60,3,-0.038153571056600555
friedman1,expanding,enet,x6,60,3,-0.009335937226137174
friedman1,expanding,rf,x1,60,3,-1.3528688923844363
friedman1,expanding,rf,x2,60,3,-1.4324779115786577
friedman1,expanding,rf,x3,60,3,-0.0014365342214322544
friedman1,expanding,rf,x4,60,3,-0.10208236848856411
friedman1,expanding,rf,x5,60,3,-0.013701763651411283
friedman1,expanding,rf,x6,60,3,-0.00044907105183656
friedman1,expanding,xgboost,x1,60,3,-1.4579005179349496
friedman1,expanding,xgboost,x2,60,3,-1.5623805709456107
friedman1,expanding,xgboost,x3,60,3,-0.02470798087194585
friedman1,expanding,xgboost,x4,60,3,-0.24239691420182208
friedman1,expanding,xgboost,x5,60,3,-0.04190333479622481
friedman1,expanding,xgboost,x6,60,3,-0.004907558307789968
friedman1,expanding,enet,x1,60,4,-1.286619090128673
friedman1,expanding,enet,x2,60,4,-1.4053763986500427
friedman1,expanding,enet,x3,60,4,0.00861812895136577
friedman1,expanding,enet,x4,60,4,-0.23794495152163594
friedman1,expanding,enet,x5,60,4,-0.04335132508216321
friedman1,expanding,enet,x6,60,4,-0.009718449637008042
friedman1,expanding,rf,x1,60,4,-1.3561080897609026
friedman1,expanding,rf,x2,60,4,-1.4321124648890993
friedman1,expanding,rf,x3,60,4,-0.0015067768681113036
friedman1,expanding,rf,x4,60,4,-0.09851101251212338
friedman1,expanding,rf,x5,60,4,-0.01430407450614309
friedman1,expanding,rf,x6,60,4,-0.0004741228399585166
friedman1,expanding,xgboost,x1,60,4,-1.4666056109519114
friedman1,expanding,xgboost,x2,60,4,-1.5582407210071585
friedman1,expanding,xgboost,x3,60,4,-0.02575103865643879
friedman1,expanding,xgboost,x4,60,4,-0.23056876670124726
friedman1,expanding,xgboost,x5,60,4,-0.047747277172488285
friedman1,expanding,xgboost,x6,60,4,-0.0052834625690992894
friedman1,expanding,enet,x1,60,5,-1.2714434291892798
friedman1,expanding,enet,x2,60,5,-1.412656910626469
friedman1,expanding,enet,x3,60,5,0.008426543909866394
friedman1,expanding,enet,x4,60,5,-0.24969932363092295
friedman1,expanding,enet,x5,60,5,-0.039860164257833626
friedman1,expanding,enet,x6,60,5,-0.009158802273518113
friedman1,expanding,rf,x1,60,5,-1.3488234807824027
friedman1,expanding,rf,x2,60,5,-1.4342740530234106
friedman1,expanding,rf,x3,60,5,-0.0016017936063842998
friedman1,expanding,rf,x4,60,5,-0.1039173442587594
friedman1,expanding,rf,x5,60,5,-0.013940550345419312
friedman1,expanding,rf,x6,60,5,-0.0004593193599624716
friedman1,expanding,xgboost,x1,60,5,-1.4408453690051048
friedman1,expanding,xgboost,x2,60,5,-1.5687162697134533
friedman1,expanding,xgboost,x3,60,5,-0.026626561038548914
friedman1,expanding,xgboost,x4,60,5,-0.24937606949941998
friedman1,expanding,xgboost,x5,60,5,-0.043272850715450464
friedman1,expanding,xgboost,x6,60,5,-0.00535975708636585
friedman1,expanding,enet,x1,60,6,-1.275249811577961
friedman1,expanding,enet,x2,60,6,-1.4076676034270572
friedman1,expanding,enet,x3,60,6,0.008728551794073391
friedman1,expanding,enet,x4,60,6,-0.24806507865344563
friedman1,expanding,enet,x5,60,6,-0.04283256384865934
friedman1,expanding,enet,x6,60,6,-0.009305580355107295
friedman1,expanding,rf,x1,60,6,-1.3512998537184033
friedman1,expanding,rf,x2,60,6,-1.4320733061727637
friedman1,expanding,rf,x3,60,6,-0.0014732440889782797
friedman1,expanding,rf,x4,60,6,-0.10342875249520535
friedman1,expanding,rf,x5,60,6,-0.01427892378061526
friedman1,expanding,rf,x6,60,6,-0.0004624611203721115
friedman1,expanding,xgboost,x1,60,6,-1.448445132870862
friedman1,expanding,xgboost,x2,60,6,-1.5619781413771783
friedman1,expanding,xgboost,x3,60,6,-0.025045043030087182
friedman1,expanding,xgboost,x4,60,6,-0.24719174672260172
friedman1,expanding,xgboost,x5,60,6,-0.04629908622636978
friedman1,expanding,xgboost,x6,60,6,-0.005237726831244873
friedman1,expanding,enet,x1,60,7,-1.2724125438692158
friedman1,expanding,enet,x2,60,7,-1.41209475782633
friedman1,expanding,enet,x3,60,7,0.00838767062010837
friedman1,expanding,enet,x4,60,7,-0.2476914971296554
friedman1,expanding,enet,x5,60,7,-0.04142253056909722
friedman1,expanding,enet,x6,60,7,-0.00915842729396679
friedman1,expanding,rf,x1,60,7,-1.3495386213135292
friedman1,expanding,rf,x2,60,7,-1.4339260702692924
friedman1,expanding,rf,x3,60,7,-0.0016119830694204345
friedman1,expanding,rf,x4,60,7,-0.10340297549852716
friedman1,expanding,rf,x5,60,7,-0.01409000822861612
friedman1,expanding,rf,x6,60,7,-0.00044688299695306113
friedman1,expanding,xgboost,x1,60,7,-1.442800251066868
friedman1,expanding,xgboost,x2,60,7,-1.5680009391696825
friedman1,expanding,xgboost,x3,60,7,-0.026580137943390328
friedman1,expanding,xgboost,x4,60,7,-0.24633076535016904
friedman1,expanding,xgboost,x5,60,7,-0.045387457393147604
friedman1,expanding,xgboost,x6,60,7,-0.0050973261350859694
friedman1,expanding,enet,x1,80,0,-1.2732024732588392
friedman1,expanding,enet,x2,80,0,-1.4101240640883734
friedman1,expanding,enet,x3,80,0,0.008436061933063075
friedman1,expanding,enet,x4,80,0,-0.2494523647783522
friedman1,expanding,enet,x5,80,0,-0.04087720698988397
friedman1,expanding,enet,x6,80,0,-0.009172038885771101
friedman1,expanding,rf,x1,80,0,-1.350067804676708
friedman1,expanding,rf,x2,80,0,-1.4331485343352781
friedman1,expanding,rf,x3,80,0,-0.001577946068648281
friedman1,expanding,rf,x4,80,0,-0.10371448767659949
friedman1,expanding,rf,x5,80,0,-0.014070126033694563
friedman1,expanding,rf,x6,80,0,-0.00043764258540950063
friedman1,expanding,xgboost,x1,80,0,-1.4446873937337823
friedman1,expanding,xgboost,x2,80,0,-1.564432965030805
friedman1,expanding,xgboost,x3,80,0,-0.0263539536081951
friedman1,expanding,xgboost,x4,80,0,-0.2492533981924327
friedman1,expanding,xgboost,x5,80,0,-0.044263809080389016
friedman1,expanding,xgboost,x6,80,0,-0.005205357412739111
friedman1,expanding,enet,x1,80,1,-1.2809313794391914
friedman1,expanding,enet,x2,80,1,-1.4091521652807948
friedman1,expanding,enet,x3,80,1,0.008554087719146213
friedman1,expanding,enet,x4,80,1,-0.24497370668452279
friedman1,expanding,enet,x5,80,1,-0.03889088410393081
friedman1,expanding,enet,x6,80,1,-0.008998038278863389
friedman1,expanding,rf,x1,80,1,-1.3530639078895117
friedman1,expanding,rf,x2,80,1,-1.4322162028927508
friedman1,expanding,rf,x3,80,1,-0.001521694936163169
friedman1,expanding,rf,x4,80,1,-0.10195921730310809
friedman1,expanding,rf,x5,80,1,-0.013817108125906547
friedman1,expanding,rf,x6,80,1,-0.0004384102288978342
friedman1,expanding,xgboost,x1,80,1,-1.4568174761710881
friedman1,expanding,xgboost,x2,80,1,-1.562243710398098
friedman1,expanding,xgboost,x3,80,1,-0.02586574543229605
friedman1,expanding,xgboost,x4,80,1,-0.24184941969791346
friedman1,expanding,xgboost,x5,80,1,-0.04227949154549419
friedman1,expanding,xgboost,x6,80,1,-0.005141033813453697
friedman1,expanding,enet,x1,80,2,-1.2802208300241904
friedman1,expanding,enet,x2,80,2,-1.4099811429138556
friedman1,expanding,enet,x3,80,2,0.008597566003609622
friedman1,expanding,enet,x4,80,2,-0.24484060576785516
friedman1,expanding,enet,x5,80,2,-0.038768961892051666
friedman1,expanding,enet,x6,80,2,-0.0091781114738138
friedman1,expanding,rf,x1,80,2,-1.3526782125810475
friedman1,expanding,rf,x2,80,2,-1.432848896559711
friedman1,expanding,rf,x3,80,2,-0.0015231571585454713
friedman1,expanding,rf,x4,80,2,-0.10168961532542375
friedman1,expanding,rf,x5,80,2,-0.013820986066493327
friedman1,expanding,rf,x6,80,2,-0.0004556736851170348
friedman1,expanding,xgboost,x1,80,2,-1.4553169053969872
friedman1,expanding,xgboost,x2,80,2,-1.5645128916832
friedman1,expanding,xgboost,x3,80,2,-0.02547762277768509
friedman1,expanding,xgboost,x4,80,2,-0.24177661905281617
friedman1,expanding,xgboost,x5,80,2,-0.04182984533907036
friedman1,expanding,xgboost,x6,80,2,-0.005282992808584805
friedman1,expanding,enet,x1,80,3,-1.2829410590621482
friedman1,expanding,enet,x2,80,3,-1.4101436864239285
friedman1,expanding,enet,x3,80,3,0.008572996704357216
friedman1,expanding,enet,x4,80,3,-0.2418636943214434
friedman1,expanding,enet,x5,80,3,-0.03902414446317535
friedman1,expanding,enet,x6,80,3,-0.008992498501818578
friedman1,expanding,rf,x1,80,3,-1.353483045602497
friedman1,expanding,rf,x2,80,3,-1.433379744502549
friedman1,expanding,rf,x3,80,3,-0.0015339097850269614
friedman1,expanding,rf,x4,80,3,-0.10033385564502373
friedman1,expanding,rf,x5,80,3,-0.013841353292944041
friedman1,expanding,rf,x6,80,3,-0.0004446325482971525
friedman1,expanding,xgboost,x1,80,3,-1.4590711307101312
friedman1,expanding,xgboost,x2,80,3,-1.5647485090921578
friedman1,expanding,xgboost,x3,80,3,-0.025739739910891117
friedman1,expanding,xgboost,x4,80,3,-0.23715019943184443
friedman1,expanding,xgboost,x5,80,3,-0.04237871958248864
friedman1,expanding,xgboost,x6,80,3,-0.0051085783308305035
friedman1,expanding,enet,x1,80,4,-1.272239602625278
friedman1,expanding,enet,x2,80,4,-1.411598120673046
friedman1,expanding,enet,x3,80,4,0.008481870396338454
friedman1,expanding,enet,x4,80,4,-0.2480387293327516
friedman1,expanding,enet,x5,80,4,-0.04148912303737436
friedman1,expanding,enet,x6,80,4,-0.009508380796045286
friedman1,expanding,rf,x1,80,4,-1.3494695287707956
friedman1,expanding,rf,x2,80,4,-1.4340882870162965
friedman1,expanding,rf,x3,80,4,-0.001566379850788796
friedman1,expanding,rf,x4,80,4,-0.10333893206043435
friedman1,expanding,rf,x5,80,4,-0.014085518879465811
friedman1,expanding,rf,x6,80,4,-0.00046789479855728763
friedman1,expanding,xgboost,x1,80,4,-1.442914011526833
friedman1,expanding,xgboost,x2,80,4,-1.5674008753791262
friedman1,expanding,xgboost,x3,80,4,-0.026370555041829346
friedman1,expanding,xgboost,x4,80,4,-0.24699391456353265
friedman1,expanding,xgboost,x5,80,4,-0.0452306425865595
friedman1,expanding,xgboost,x6,80,4,-0.005286877960462933
friedman1,expanding,enet,x1,80,5,-1.2730996738201277
friedman1,expanding,enet,x2,80,5,-1.4137435252285973
friedman1,expanding,enet,x3,80,5,0.008523457048361074
friedman1,expanding,enet,x4,80,5,-0.24820829736540997
friedman1,expanding,enet,x5,80,5,-0.038635982051279376
friedman1,expanding,enet,x6,80,5,-0.009228064651103558
friedman1,expanding,rf,x1,80,5,-1.3492738059395486
friedman1,expanding,rf,x2,80,5,-1.434323554834142
friedman1,expanding,rf,x3,80,5,-0.00155745774255885
friedman1,expanding,rf,x4,80,5,-0.10363339833787662
friedman1,expanding,rf,x5,80,5,-0.013789060174448841
friedman1,expanding,rf,x6,80,5,-0.0004392643477632907
friedman1,expanding,xgboost,x1,80,5,-1.4440072157116735
friedman1,expanding,xgboost,x2,80,5,-1.5695801925639046
friedman1,expanding,xgboost,x3,80,5,-0.026008121159246812
friedman1,expanding,xgboost,x4,80,5,-0.24760328559165679
friedman1,expanding,xgboost,x5,80,5,-0.041740070777794805
friedman1,expanding,xgboost,x6,80,5,-0.005257991254067226
friedman1,expanding,enet,x1,80,6,-1.2826861595039767
friedman1,expanding,enet,x2,80,6,-1.4109333507485313
friedman1,expanding,enet,x3,80,6,0.008485379834068671
friedman1,expanding,enet,x4,80,6,-0.24266499638624062
friedman1,expanding,enet,x5,80,6,-0.03756952649073876
friedman1,expanding,enet,x6,80,6,-0.009023432772737894
friedman1,expanding,rf,x1,80,6,-1.3529678500128024
friedman1,expanding,rf,x2,80,6,-1.4339892299615742
friedman1,expanding,rf,x3,80,6,-0.001549535656543037
friedman1,expanding,rf,x4,80,6,-0.10036391803754005
friedman1,expanding,rf,x5,80,6,-0.013695190027193571
friedman1,expanding,rf,x6,80,6,-0.00045081768068522683
friedman1,expanding,xgboost,x1,80,6,-1.4582092657066632
friedman1,expanding,xgboost,x2,80,6,-1.566241959189033
friedman1,expanding,xgboost,x3,80,6,-0.026240092538529956
friedman1,expanding,xgboost,x4,80,6,-0.2380070026914936
friedman1,expanding,xgboost,x5,80,6,-0.04019645874656362
friedman1,expanding,xgboost,x6,80,6,-0.0053020981860603025
friedman1,expanding,enet,x1,80,7,-1.2892658088668505
friedman1,expanding,enet,x2,80,7,-1.4064944564151929
friedman1,expanding,enet,x3,80,7,0.008441277861302856
friedman1,expanding,enet,x4,80,7,-0.2403904956933371
friedman1,expanding,enet,x5,80,7,-0.03751807109878118
friedman1,expanding,enet,x6,80,7,-0.009164531855298072
friedman1,expanding,rf,x1,80,7,-1.3549846326841253
friedman1,expanding,rf,x2,80,7,-1.4326794798586147
friedman1,expanding,rf,x3,80,7,-0.0015685185329616103
friedman1,expanding,rf,x4,80,7,-0.09964645625157645
friedman1,expanding,rf,x5,80,7,-0.013683885336654522
friedman1,expanding,rf,x6,80,7,-0.00045356871240581214
friedman1,expanding,xgboost,x1,80,7,-1.46760616331284
friedman1,expanding,xgboost,x2,80,7,-1.5597481508898439
friedman1,expanding,xgboost,x3,80,7,-0.026363295535822638
friedman1,expanding,xgboost,x4,80,7,-0.23461766201309678
friedman1,expanding,xgboost,x5,80,7,-0.04063542965049445
friedman1,expanding,xgboost,x6,80,7,-0.00522617565624573
friedman1,expanding,enet,x1,100,0,-1.2746075437276474
friedman1,expanding,enet,x2,100,0,-1.4043589637293825
friedman1,expanding,enet,x3,100,0,0.008306598072125389
friedman1,expanding,enet,x4,100,0,-0.25081619870430427
friedman1,expanding,enet,x5,100,0,-0.04341221918457244
friedman1,expanding,enet,x6,100,0,-0.009503758794375483
friedman1,expanding,rf,x1,100,0,-1.3506269459100197
friedman1,expanding,rf,x2,100,0,-1.4313783091311856
friedman1,expanding,rf,x3,100,0,-0.0016328743042867556
friedman1,expanding,rf,x4,100,0,-0.10459801103457224
friedman1,expanding,rf,x5,100,0,-0.014334936759610048
friedman1,expanding,rf,x6,100,0,-0.0004454642366639616
friedman1,expanding,xgboost,x1,100,0,-1.4463321443906076
friedman1,expanding,xgboost,x2,100,0,-1.5567533639414193
friedman1,expanding,xgboost,x3,100,0,-0.02699065569639898
friedman1,expanding,xgboost,x4,100,0,-0.25119998107629443
friedman1,expanding,xgboost,x5,100,0,-0.04755437118749017
friedman1,expanding,xgboost,x6,100,0,-0.0053663607661335174
friedman1,expanding,enet,x1,100,1,-1.272337002977424
friedman1,expanding,enet,x2,100,1,-1.4139003505178191
friedman1,expanding,enet,x3,100,1,0.008498595857497335
friedman1,expanding,enet,x4,100,1,-0.24667455849139813
friedman1,expanding,enet,x5,100,1,-0.04047492167950347
friedman1,expanding,enet,x6,100,1,-0.009503848259509564
friedman1,expanding,rf,x1,100,1,-1.349520676570514
friedman1,expanding,rf,x2,100,1,-1.4349437985112063
friedman1,expanding,rf,x3,100,1,-0.001578470258888246
friedman1,expanding,rf,x4,100,1,-0.10249490491151893
friedman1,expanding,rf,x5,100,1,-0.014006640087567945
friedman1,expanding,rf,x6,100,1,-0.00047205103664168635
friedman1,expanding,xgboost,x1,100,1,-1.442736980447601
friedman1,expanding,xgboost,x2,100,1,-1.5714624855698538
friedman1,expanding,xgboost,x3,100,1,-0.026335179087125286
friedman1,expanding,xgboost,x4,100,1,-0.24491973199769923
friedman1,expanding,xgboost,x5,100,1,-0.04349598805390247
friedman1,expanding,xgboost,x6,100,1,-0.0052465119021614885
friedman1,expanding,enet,x1,100,2,-1.2806040490669819
friedman1,expanding,enet,x2,100,2,-1.4084100786974698
friedman1,expanding,enet,x3,100,2,0.008417121061720958
friedman1,expanding,enet,x4,100,2,-0.24515556965092838
friedman1,expanding,enet,x5,100,2,-0.03926712644248521
friedman1,expanding,enet,x6,100,2,-0.009372383272012456
friedman1,expanding,rf,x1,100,2,-1.3523507210616952
friedman1,expanding,rf,x2,100,2,-1.4330334440919361
friedman1,expanding,rf,x3,100,2,-0.0015889622336683628
friedman1,expanding,rf,x4,100,2,-0.10171563928935677
friedman1,expanding,rf,x5,100,2,-0.013878659030812514
friedman1,expanding,rf,x6,100,2,-0.00044911566886858046
friedman1,expanding,xgboost,x1,100,2,-1.4550438282949734
friedman1,expanding,xgboost,x2,100,2,-1.5625936911309
friedman1,expanding,xgboost,x3,100,2,-0.026517341664301836
friedman1,expanding,xgboost,x4,100,2,-0.2426001191262412
friedman1,expanding,xgboost,x5,100,2,-0.04225242851691098
friedman1,expanding,xgboost,x6,100,2,-0.005189468325016599
friedman1,expanding,enet,x1,100,3,-1.2822902526483384
friedman1,expanding,enet,x2,100,3,-1.4040002260525473
friedman1,expanding,enet,x3,100,3,0.008399940711461879
friedman1,expanding,enet,x4,100,3,-0.24489190977843708
friedman1,expanding,enet,x5,100,3,-0.04222999786913884
friedman1,expanding,enet,x6,100,3,-0.009379640431157785
friedman1,expanding,rf,x1,100,3,-1.3546121757415466
friedman1,expanding,rf,x2,100,3,-1.430279294807743
friedman1,expanding,rf,x3,100,3,-0.0015842815900896168
friedman1,expanding,rf,x4,100,3,-0.1018964352488573
friedman1,expanding,rf,x5,100,3,-0.014201312921467762
friedman1,expanding,rf,x6,100,3,-0.00044304106663362817
friedman1,expanding,xgboost,x1,100,3,-1.4594522379083679
friedman1,expanding,xgboost,x2,100,3,-1.5549568628078823
friedman1,expanding,xgboost,x3,100,3,-0.026523135756904147
friedman1,expanding,xgboost,x4,100,3,-0.2419870899335647
friedman1,expanding,xgboost,x5,100,3,-0.046150485168114735
friedman1,expanding,xgboost,x6,100,3,-0.005127065483510231
friedman1,expanding,enet,x1,100,4,-1.2792705207291386
friedman1,expanding,enet,x2,100,4,-1.4122933321224098
friedman1,expanding,enet,x3,100,4,0.008594500633204667
friedman1,expanding,enet,x4,100,4,-0.24025131693085366
friedman1,expanding,enet,x5,100,4,-0.04169372485593663
friedman1,expanding,enet,x6,100,4,-0.00947769206302324
friedman1,expanding,rf,x1,100,4,-1.352616346875739
friedman1,expanding,rf,x2,100,4,-1.4348053904540574
friedman1,expanding,rf,x3,100,4,-0.0015077204992253778
friedman1,expanding,rf,x4,100,4,-0.09954750889940236
friedman1,expanding,rf,x5,100,4,-0.014089332640907089
friedman1,expanding,rf,x6,100,4,-0.00045024200700683245
friedman1,expanding,xgboost,x1,100,4,-1.4535391601831968
friedman1,expanding,xgboost,x2,100,4,-1.5695626461726377
friedman1,expanding,xgboost,x3,100,4,-0.025730540240596452
friedman1,expanding,xgboost,x4,100,4,-0.23461421726693726
friedman1,expanding,xgboost,x5,100,4,-0.04545447430515183
friedman1,expanding,xgboost,x6,100,4,-0.005295838889824095
friedman1,expanding,enet,x1,100,5,-1.2770733921435673
friedman1,expanding,enet,x2,100,5,-1.4101553665099085
friedman1,expanding,enet,x3,100,5,0.008608470595249164
friedman1,expanding,enet,x4,100,5,-0.24806993753254536
friedman1,expanding,enet,x5,100,5,-0.038546057306868164
friedman1,expanding,enet,x6,100,5,-0.009155803170516731
friedman1,expanding,rf,x1,100,5,-1.3509400446783666
friedman1,expanding,rf,x2,100,5,-1.4330417903315043
friedman1,expanding,rf,x3,100,5,-0.0015112900472743695
friedman1,expanding,rf,x4,100,5,-0.10329034536041355
friedman1,expanding,rf,x5,100,5,-0.013785932772441714
friedman1,expanding,rf,x6,100,5,-0.0004471381863377344
friedman1,expanding,xgboost,x1,100,5,-1.4501302496690744
friedman1,expanding,xgboost,x2,100,5,-1.5643317799554828
friedman1,expanding,xgboost,x3,100,5,-0.02556276351129938
friedman1,expanding,xgboost,x4,100,5,-0.24715094717400463
friedman1,expanding,xgboost,x5,100,5,-0.041732678083786556
friedman1,expanding,xgboost,x6,100,5,-0.0052884586646961985
friedman1,expanding,enet,x1,100,6,-1.2749698926207846
friedman1,expanding,enet,x2,100,6,-1.4062700833982356
friedman1,expanding,enet,x3,100,6,0.008435784605684756
friedman1,expanding,enet,x4,100,6,-0.24827503513630808
friedman1,expanding,enet,x5,100,6,-0.04396357862354746
friedman1,expanding,enet,x6,100,6,-0.009349280894965683
friedman1,expanding,rf,x1,100,6,-1.3506545207379808
friedman1,expanding,rf,x2,100,6,-1.4323742109499864
friedman1,expanding,rf,x3,100,6,-0.0015920793880581873
friedman1,expanding,rf,x4,100,6,-0.10352935282511048
friedman1,expanding,rf,x5,100,6,-0.01439990191359565
friedman1,expanding,rf,x6,100,6,-0.00046647556160677394
friedman1,expanding,xgboost,x1,100,6,-1.4476432407379425
friedman1,expanding,xgboost,x2,100,6,-1.560084029319858
friedman1,expanding,xgboost,x3,100,6,-0.026263800983697884
friedman1,expanding,xgboost,x4,100,6,-0.24754272799172886
friedman1,expanding,xgboost,x5,100,6,-0.04748548967982357
friedman1,expanding,xgboost,x6,100,6,-0.005177588345292661
friedman1,expanding,enet,x1,100,7,-1.2752066732646663
friedman1,expanding,enet,x2,100,7,-1.4184253968249647
friedman1,expanding,enet,x3,100,7,0.008469907897636962
friedman1,expanding,enet,x4,100,7,-0.24253922071524375
friedman1,expanding,enet,x5,100,7,-0.03788594013553456
friedman1,expanding,enet,x6,100,7,-0.008804763025384549
friedman1,expanding,rf,x1,100,7,-1.3504279220889586
friedman1,expanding,rf,x2,100,7,-1.436265396003174
friedman1,expanding,rf,x3,100,7,-0.0015650068890312163
friedman1,expanding,rf,x4,100,7,-0.10058588329226623
friedman1,expanding,rf,x5,100,7,-0.0137387599222222
friedman1,expanding,rf,x6,100,7,-0.00043357318068585005
friedman1,expanding,xgboost,x1,100,7,-1.4469452055021923
friedman1,expanding,xgboost,x2,100,7,-1.5767704003696297
friedman1,expanding,xgboost,x3,100,7,-0.026473841354908087
friedman1,expanding,xgboost,x4,100,7,-0.23789235021836802
friedman1,expanding,xgboost,x5,100,7,-0.0409304467921652
friedman1,expanding,xgboost,x6,100,7,-0.005184632821080754
friedman1,expanding,enet,x1,200,0,-1.2777223302332699
friedman1,expanding,enet,x2,200,0,-1.405921623146061
friedman1,expanding,enet,x3,200,0,0.008563915932307034
friedman1,expanding,enet,x4,200,0,-0.24897606843282488
friedman1,expanding,enet,x5,200,0,-0.04108818205470755
friedman1,expanding,enet,x6,200,0,-0.009247798133600651
friedman1,expanding,rf,x1,200,0,-1.3516336812735352
friedman1,expanding,rf,x2,200,0,-1.4316159492367058
friedman1,expanding,rf,x3,200,0,-0.001529609803911361
friedman1,expanding,rf,x4,200,0,-0.10369687076501558
friedman1,expanding,rf,x5,200,0,-0.01407316894854007
friedman1,expanding,rf,x6,200,0,-0.0004672613486303323
friedman1,expanding,xgboost,x1,200,0,-1.4516530261286178
friedman1,expanding,xgboost,x2,200,0,-1.5583224375267049
friedman1,expanding,xgboost,x3,200,0,-0.025784074273835157
friedman1,expanding,xgboost,x4,200,0,-0.2487956940684871
friedman1,expanding,xgboost,x5,200,0,-0.04430744117356898
friedman1,expanding,xgboost,x6,200,0,-0.005334203887129978
friedman1,expanding,enet,x1,200,1,-1.2779907608786454
friedman1,expanding,enet,x2,200,1,-1.4053014635432106
friedman1,expanding,enet,x3,200,1,0.008390118381716945
friedman1,expanding,enet,x4,200,1,-0.2486717709278427
friedman1,expanding,enet,x5,200,1,-0.04174500634836223
friedman1,expanding,enet,x6,200,1,-0.009073202751813074
friedman1,expanding,rf,x1,200,1,-1.3512036783979653
friedman1,expanding,rf,x2,200,1,-1.4318703863272984
friedman1,expanding,rf,x3,200,1,-0.001594045387091399
friedman1,expanding,rf,x4,200,1,-0.10377194235070403
friedman1,expanding,rf,x5,200,1,-0.014131026281478226
friedman1,expanding,rf,x6,200,1,-0.0004454626318009086
friedman1,expanding,xgboost,x1,200,1,-1.4507869343638609
friedman1,expanding,xgboost,x2,200,1,-1.5579408238390529
friedman1,expanding,xgboost,x3,200,1,-0.026754017085573508
friedman1,expanding,xgboost,x4,200,1,-0.2480578767777948
friedman1,expanding,xgboost,x5,200,1,-0.04555902057660031
friedman1,expanding,xgboost,x6,200,1,-0.005098204415461261
friedman1,expanding,enet,x1,200,2,-1.280114791004344
friedman1,expanding,enet,x2,200,2,-1.406354637331619
friedman1,expanding,enet,x3,200,2,0.008494532953483826
friedman1,expanding,enet,x4,200,2,-0.24791458361592164
friedman1,expanding,enet,x5,200,2,-0.03920168319920515
friedman1,expanding,enet,x6,200,2,-0.009300923870551082
friedman1,expanding,rf,x1,200,2,-1.352345240996578
friedman1,expanding,rf,x2,200,2,-1.4316649503133119
friedman1,expanding,rf,x3,200,2,-0.0015630426155832534
friedman1,expanding,rf,x4,200,2,-0.10313686314510358
friedman1,expanding,rf,x5,200,2,-0.01385973878120246
friedman1,expanding,rf,x6,200,2,-0.00044670552455930543
friedman1,expanding,xgboost,x1,200,2,-1.4549201754299446
friedman1,expanding,xgboost,x2,200,2,-1.5587140092717322
friedman1,expanding,xgboost,x3,200,2,-0.026314981814587277
friedman1,expanding,xgboost,x4,200,2,-0.24663160582536292
friedman1,expanding,xgboost,x5,200,2,-0.04239117498210192
friedman1,expanding,xgboost,x6,200,2,-0.005224929734614665
friedman1,expanding,enet,x1,200,3,-1.2779409405722975
friedman1,expanding,enet,x2,200,3,-1.4070660410083757
friedman1,expanding,enet,x3,200,3,0.008632366980127515
friedman1,expanding,enet,x4,200,3,-0.2474556697101256
friedman1,expanding,enet,x5,200,3,-0.041427635489793835
friedman1,expanding,enet,x6,200,3,-0.00913416626769212
friedman1,expanding,rf,x1,200,3,-1.351588261315452
friedman1,expanding,rf,x2,200,3,-1.4321700078765955
friedman1,expanding,rf,x3,200,3,-0.001501218487216987
friedman1,expanding,rf,x4,200,3,-0.1032204245162278
friedman1,expanding,rf,x5,200,3,-0.014084962010025315
friedman1,expanding,rf,x6,200,3,-0.0004516671708206965
friedman1,expanding,xgboost,x1,200,3,-1.4518020174739776
friedman1,expanding,xgboost,x2,200,3,-1.560193237318117
friedman1,expanding,xgboost,x3,200,3,-0.0253701317871712
friedman1,expanding,xgboost,x4,200,3,-0.24606669848892437
friedman1,expanding,xgboost,x5,200,3,-0.045571170597683015
friedman1,expanding,xgboost,x6,200,3,-0.0051936213924701265
friedman1,expanding,enet,x1,200,4,-1.2739198780759116
friedman1,expanding,enet,x2,200,4,-1.410788275790663
friedman1,expanding,enet,x3,200,4,0.00849718779904108
friedman1,expanding,enet,x4,200,4,-0.24629146939572868
friedman1,expanding,enet,x5,200,4,-0.042764518552272826
friedman1,expanding,enet,x6,200,4,-0.009125132052621845
friedman1,expanding,rf,x1,200,4,-1.350443342433732
friedman1,expanding,rf,x2,200,4,-1.4338587703262409
friedman1,expanding,rf,x3,200,4,-0.001560213605888155
friedman1,expanding,rf,x4,200,4,-0.10247320128657716
friedman1,expanding,rf,x5,200,4,-0.014237816015030123
friedman1,expanding,rf,x6,200,4,-0.0004431977088696887
friedman1,expanding,xgboost,x1,200,4,-1.445571708059446
friedman1,expanding,xgboost,x2,200,4,-1.5665040416432578
friedman1,expanding,xgboost,x3,200,4,-0.026092060038833128
friedman1,expanding,xgboost,x4,200,4,-0.24428421900483815
friedman1,expanding,xgboost,x5,200,4,-0.046566981233805024
friedman1,expanding,xgboost,x6,200,4,-0.005177867078163665
friedman1,expanding,enet,x1,200,5,-1.2768454113258643
friedman1,expanding,enet,x2,200,5,-1.4114943068286931
friedman1,expanding,enet,x3,200,5,0.008453630518325643
friedman1,expanding,enet,x4,200,5,-0.24599281351931965
friedman1,expanding,enet,x5,200,5,-0.03924461409270909
friedman1,expanding,enet,x6,200,5,-0.00926857081989647
friedman1,expanding,rf,x1,200,5,-1.35087211777717
friedman1,expanding,rf,x2,200,5,-1.4339183695288948
friedman1,expanding,rf,x3,200,5,-0.001580029836036862
friedman1,expanding,rf,x4,200,5,-0.102346933742961
friedman1,expanding,rf,x5,200,5,-0.013853435916768481
friedman1,expanding,rf,x6,200,5,-0.0004456545745062002
friedman1,expanding,xgboost,x1,200,5,-1.4493806240682654
friedman1,expanding,xgboost,x2,200,5,-1.5669127673179488
friedman1,expanding,xgboost,x3,200,5,-0.026342897306553176
friedman1,expanding,xgboost,x4,200,5,-0.24391393022575777
friedman1,expanding,xgboost,x5,200,5,-0.042407160358734715
friedman1,expanding,xgboost,x6,200,5,-0.005239497781083793
friedman1,expanding,enet,x1,200,6,-1.2750584434473822
friedman1,expanding,enet,x2,200,6,-1.4102949593105643
friedman1,expanding,enet,x3,200,6,0.008409516720492647
friedman1,expanding,enet,x4,200,6,-0.24594938045078188
friedman1,expanding,enet,x5,200,6,-0.04219147866230467
friedman1,expanding,enet,x6,200,6,-0.009307340917616503
friedman1,expanding,rf,x1,200,6,-1.3508500312025011
friedman1,expanding,rf,x2,200,6,-1.4334744691684715
friedman1,expanding,rf,x3,200,6,-0.0016014951545470157
friedman1,expanding,rf,x4,200,6,-0.10242998815678447
friedman1,expanding,rf,x5,200,6,-0.01421328768008479
friedman1,expanding,rf,x6,200,6,-0.0004472700139492075
friedman1,expanding,xgboost,x1,200,6,-1.4472389911664438
friedman1,expanding,xgboost,x2,200,6,-1.5653802104873984
friedman1,expanding,xgboost,x3,200,6,-0.026627581236080968
friedman1,expanding,xgboost,x4,200,6,-0.24357692647653528
friedman1,expanding,xgboost,x5,200,6,-0.046099985938210845
friedman1,expanding,xgboost,x6,200,6,-0.005273181753673988
friedman1,expanding,enet,x1,200,7,-1.2829888117824604
friedman1,expanding,enet,x2,200,7,-1.4055074725362773
friedman1,expanding,enet,x3,200,7,0.008480639173309445
friedman1,expanding,enet,x4,200,7,-0.2445978942043494
friedman1,expanding,enet,x5,200,7,-0.040658068959832594
friedman1,expanding,enet,x6,200,7,-0.009120477758546925
friedman1,expanding,rf,x1,200,7,-1.353764732915865
friedman1,expanding,rf,x2,200,7,-1.4314825350513072
friedman1,expanding,rf,x3,200,7,-0.0015546499230172234
friedman1,expanding,rf,x4,200,7,-0.10177246294993517
friedman1,expanding,rf,x5,200,7,-0.01399714970021562
friedman1,expanding,rf,x6,200,7,-0.0004450108359976618
friedman1,expanding,xgboost,x1,200,7,-1.4592176182853627
friedman1,expanding,xgboost,x2,200,7,-1.5577059697813047
friedman1,expanding,xgboost,x3,200,7,-0.026177629518864504
friedman1,expanding,xgboost,x4,200,7,-0.24151728455313837
friedman1,expanding,xgboost,x5,200,7,-0.04448394981356049
friedman1,expanding,xgboost,x6,200,7,-0.005094425106112994
friedman1,expanding,enet,x1,500,0,-1.2783718648916087
friedman1,expanding,enet,x2,500,0,-1.4090879196467923
friedman1,expanding,enet,x3,500,0,0.008543866721931881
friedman1,expanding,enet,x4,500,0,-0.24570480288716867
friedman1,expanding,enet,x5,500,0,-0.0405052545874566
friedman1,expanding,enet,x6,500,0,-0.009266110777062624
friedman1,expanding,rf,x1,500,0,-1.35206863807968
friedman1,expanding,rf,x2,500,0,-1.432734400663745
friedman1,expanding,rf,x3,500,0,-0.0015375660828117457
friedman1,expanding,rf,x4,500,0,-0.10223076227979164
friedman1,expanding,rf,x5,500,0,-0.014004049696526234
friedman1,expanding,rf,x6,500,0,-0.0004411245737833953
friedman1,expanding,xgboost,x1,500,0,-1.452628668504197
friedman1,expanding,xgboost,x2,500,0,-1.5631829130817458
friedman1,expanding,xgboost,x3,500,0,-0.025933858437174214
friedman1,expanding,xgboost,x4,500,0,-0.24324300942411375
friedman1,expanding,xgboost,x5,500,0,-0.043996779705059545
friedman1,expanding,xgboost,x6,500,0,-0.005211647906053206
friedman1,expanding,enet,x1,500,1,-1.2781122819618573
friedman1,expanding,enet,x2,500,1,-1.409885624472747
friedman1,expanding,enet,x3,500,1,0.008453205411085669
friedman1,expanding,enet,x4,500,1,-0.24530934751028582
friedman1,expanding,enet,x5,500,1,-0.04038797689762932
friedman1,expanding,enet,x6,500,1,-0.00915006063672315
friedman1,expanding,rf,x1,500,1,-1.3517717315071254
friedman1,expanding,rf,x2,500,1,-1.4331166627929992
friedman1,expanding,rf,x3,500,1,-0.0015781997147510476
friedman1,expanding,rf,x4,500,1,-0.10212234485480762
friedman1,expanding,rf,x5,500,1,-0.013979714015189923
friedman1,expanding,rf,x6,500,1,-0.0004478884914648358
friedman1,expanding,xgboost,x1,500,1,-1.4517526963921192
friedman1,expanding,xgboost,x2,500,1,-1.5641543234540016
friedman1,expanding,xgboost,x3,500,1,-0.026438663123691874
friedman1,expanding,xgboost,x4,500,1,-0.24257630072168082
friedman1,expanding,xgboost,x5,500,1,-0.04407194861226391
friedman1,expanding,xgboost,x6,500,1,-0.005202944754586136
friedman1,expanding,enet,x1,500,2,-1.2783914639013099
friedman1,expanding,enet,x2,500,2,-1.4085853995400968
friedman1,expanding,enet,x3,500,2,0.00854541809836156
friedman1,expanding,enet,x4,500,2,-0.24690312492185804
friedman1,expanding,enet,x5,500,2,-0.039812858502699486
friedman1,expanding,enet,x6,500,2,-0.009244657300554578
friedman1,expanding,rf,x1,500,2,-1.3516913901482408
friedman1,expanding,rf,x2,500,2,-1.4327534641196844
friedman1,expanding,rf,x3,500,2,-0.0015394127306911712
friedman1,expanding,rf,x4,500,2,-0.10264497773471377
friedman1,expanding,rf,x5,500,2,-0.013930235342814018
friedman1,expanding,rf,x6,500,2,-0.00045706130019409287
friedman1,expanding,xgboost,x1,500,2,-1.4519408853745512
friedman1,expanding,xgboost,x2,500,2,-1.5626444937485326
friedman1,expanding,xgboost,x3,500,2,-0.025946561929492063
friedman1,expanding,xgboost,x4,500,2,-0.24529951631801197
friedman1,expanding,xgboost,x5,500,2,-0.04315203474801246
friedman1,expanding,xgboost,x6,500,2,-0.005213384939743252
friedman1,expanding,enet,x1,500,3,-1.2781402142754588
friedman1,expanding,enet,x2,500,3,-1.4095850473715223
friedman1,expanding,enet,x3,500,3,0.008446386229208484
friedman1,expanding,enet,x4,500,3,-0.2452897372486014
friedman1,expanding,enet,x5,500,3,-0.04071366120246354
friedman1,expanding,enet,x6,500,3,-0.009109812199320057
friedman1,expanding,rf,x1,500,3,-1.3516792586612052
friedman1,expanding,rf,x2,500,3,-1.4332540347648897
friedman1,expanding,rf,x3,500,3,-0.0015797226820980206
friedman1,expanding,rf,x4,500,3,-0.10202309745818937
friedman1,expanding,rf,x5,500,3,-0.014033964196640028
friedman1,expanding,rf,x6,500,3,-0.00044646361331555706
friedman1,expanding,xgboost,x1,500,3,-1.4516528117992993
friedman1,expanding,xgboost,x2,500,3,-1.5641768781882543
friedman1,expanding,xgboost,x3,500,3,-0.026410571086356645
friedman1,expanding,xgboost,x4,500,3,-0.24248951310176908
friedman1,expanding,xgboost,x5,500,3,-0.044287418750475156
friedman1,expanding,xgboost,x6,500,3,-0.005179684132189131
friedman1,expanding,enet,x1,500,4,-1.2772810314389307
friedman1,expanding,enet,x2,500,4,-1.410023178454788
friedman1,expanding,enet,x3,500,4,0.008463734445671616
friedman1,expanding,enet,x4,500,4,-0.24651103240917974
friedman1,expanding,enet,x5,500,4,-0.039680057128294144
friedman1,expanding,enet,x6,500,4,-0.00936052108263592
friedman1,expanding,rf,x1,500,4,-1.3514428876753535
friedman1,expanding,rf,x2,500,4,-1.4330573128449793
friedman1,expanding,rf,x3,500,4,-0.0015766665570496451
friedman1,expanding,rf,x4,500,4,-0.10257915280356722
friedman1,expanding,rf,x5,500,4,-0.013911185685915784
friedman1,expanding,rf,x6,500,4,-0.0004493358094726003
friedman1,expanding,xgboost,x1,500,4,-1.4507197756802734
friedman1,expanding,xgboost,x2,500,4,-1.564194782948642
friedman1,expanding,xgboost,x3,500,4,-0.02629470583997651
friedman1,expanding,xgboost,x4,500,4,-0.2446588170844178
friedman1,expanding,xgboost,x5,500,4,-0.04305566204743055
friedman1,expanding,xgboost,x6,500,4,-0.005273133457603114
friedman1,expanding,enet,x1,500,5,-1.2798550336070902
friedman1,expanding,enet,x2,500,5,-1.4076443186984628
friedman1,expanding,enet,x3,500,5,0.00844758066732538
friedman1,expanding,enet,x4,500,5,-0.24606250214609113
friedman1,expanding,enet,x5,500,5,-0.04000976583281359
friedman1,expanding,enet,x6,500,5,-0.009268046451024636
friedman1,expanding,rf,x1,500,5,-1.3523477432274353
friedman1,expanding,rf,x2,500,5,-1.4322076298118207
friedman1,expanding,rf,x3,500,5,-0.0015777093921974788
friedman1,expanding,rf,x4,500,5,-0.10248707917678183
friedman1,expanding,rf,x5,500,5,-0.013943705371345583
friedman1,expanding,rf,x6,500,5,-0.0004526743967574438
friedman1,expanding,xgboost,x1,500,5,-1.4543038651472449
friedman1,expanding,xgboost,x2,500,5,-1.5609852491815068
friedman1,expanding,xgboost,x3,500,5,-0.026450319558301245
friedman1,expanding,xgboost,x4,500,5,-0.24361702290937845
friedman1,expanding,xgboost,x5,500,5,-0.04358242140568152
friedman1,expanding,xgboost,x6,500,5,-0.005257998856230978
friedman1,expanding,enet,x1,500,6,-1.2791549237993902
friedman1,expanding,enet,x2,500,6,-1.4090932894004304
friedman1,expanding,enet,x3,500,6,0.008452285370042133
friedman1,expanding,enet,x4,500,6,-0.2458369276792684
friedman1,expanding,enet,x5,500,6,-0.03959456275690192
friedman1,expanding,enet,x6,500,6,-0.0091646678022081
friedman1,expanding,rf,x1,500,6,-1.3523033521368084
friedman1,expanding,rf,x2,500,6,-1.4325044693737645
friedman1,expanding,rf,x3,500,6,-0.0015721291744285684
friedman1,expanding,rf,x4,500,6,-0.10229853636707976
friedman1,expanding,rf,x5,500,6,-0.013893250878662345
friedman1,expanding,rf,x6,500,6,-0.00044480344559451557
friedman1,expanding,xgboost,x1,500,6,-1.4533623734257104
friedman1,expanding,xgboost,x2,500,6,-1.5628002241850976
friedman1,expanding,xgboost,x3,500,6,-0.026384415531553285
friedman1,expanding,xgboost,x4,500,6,-0.24349271869689695
friedman1,expanding,xgboost,x5,500,6,-0.04301300190775267
friedman1,expanding,xgboost,x6,500,6,-0.005144143311333171
friedman1,expanding,enet,x1,500,7,-1.2776311196272452
friedman1,expanding,enet,x2,500,7,-1.4114041270634137
friedman1,expanding,enet,x3,500,7,0.008559924312378463
friedman1,expanding,enet,x4,500,7,-0.24466872016604557
friedman1,expanding,enet,x5,500,7,-0.03988610238185964
friedman1,expanding,enet,x6,500,7,-0.009361941141971648
friedman1,expanding,rf,x1,500,7,-1.3517775517210366
friedman1,expanding,rf,x2,500,7,-1.4336107947032524
friedman1,expanding,rf,x3,500,7,-0.00153273140865054
friedman1,expanding,rf,x4,500,7,-0.1017132346052365
friedman1,expanding,rf,x5,500,7,-0.013924469682115867
friedman1,expanding,rf,x6,500,7,-0.0004577592560461525
friedman1,expanding,xgboost,x1,500,7,-1.4513713101290218
friedman1,expanding,xgboost,x2,500,7,-1.566667670286316
friedman1,expanding,xgboost,x3,500,7,-0.02582070821971175
friedman1,expanding,xgboost,x4,500,7,-0.24157999683592896
friedman1,expanding,xgboost,x5,500,7,-0.043500911251360574
friedman1,expanding,xgboost,x6,500,7,-0.005256280336004574
friedman1,expanding,enet,x1,1000,0,-1.2814728634895713
friedman1,expanding,enet,x2,1000,0,-1.4062642621943868
friedman1,expanding,enet,x3,1000,0,0.008508263363263626
friedman1,expanding,enet,x4,1000,0,-0.2454684705398591
friedman1,expanding,enet,x5,1000,0,-0.0403459086188571
friedman1,expanding,enet,x6,1000,0,-0.009348844588746246
friedman1,expanding,rf,x1,1000,0,-1.3531097508106817
friedman1,expanding,rf,x2,1000,0,-1.4317287889253845
friedman1,expanding,rf,x3,1000,0,-0.0015468824140519994
friedman1,expanding,rf,x4,1000,0,-0.10220645917664516
friedman1,expanding,rf,x5,1000,0,-0.013973460904816172
friedman1,expanding,rf,x6,1000,0,-0.0004511991447582344
friedman1,expanding,xgboost,x1,1000,0,-1.4570067037400785
friedman1,expanding,xgboost,x2,1000,0,-1.5590726442112655
friedman1,expanding,xgboost,x3,1000,0,-0.026107605684540736
friedman1,expanding,xgboost,x4,1000,0,-0.2428975325109255
friedman1,expanding,xgboost,x5,1000,0,-0.04389075689108395
friedman1,expanding,xgboost,x6,1000,0,-0.005221634020449903
friedman1,expanding,enet,x1,1000,1,-1.278062403325368
friedman1,expanding,enet,x2,1000,1,-1.4096016838306313
friedman1,expanding,enet,x3,1000,1,0.008572816474125097
friedman1,expanding,enet,x4,1000,1,-0.24594708824483003
friedman1,expanding,enet,x5,1000,1,-0.04009659439016201
friedman1,expanding,enet,x6,1000,1,-0.00925713275129085
friedman1,expanding,rf,x1,1000,1,-1.3517557719756055
friedman1,expanding,rf,x2,1000,1,-1.4329694567322953
friedman1,expanding,rf,x3,1000,1,-0.0015294662315958065
friedman1,expanding,rf,x4,1000,1,-0.10235146214238743
friedman1,expanding,rf,x5,1000,1,-0.013959128715476285
friedman1,expanding,rf,x6,1000,1,-0.0004512555789779018
friedman1,expanding,xgboost,x1,1000,1,-1.4517977121026162
friedman1,expanding,xgboost,x2,1000,1,-1.5641173632978929
friedman1,expanding,xgboost,x3,1000,1,-0.025759664839519223
friedman1,expanding,xgboost,x4,1000,1,-0.24375241176225368
friedman1,expanding,xgboost,x5,1000,1,-0.04350792011366432
friedman1,expanding,xgboost,x6,1000,1,-0.005261804942397333
friedman1,expanding,enet,x1,1000,2,-1.2786596895479296
friedman1,expanding,enet,x2,1000,2,-1.4089344010492042
friedman1,expanding,enet,x3,1000,2,0.008521907139570654
friedman1,expanding,enet,x4,1000,2,-0.24600067987783977
friedman1,expanding,enet,x5,1000,2,-0.0401548411073397
friedman1,expanding,enet,x6,1000,2,-0.009164381625414624
friedman1,expanding,rf,x1,1000,2,-1.351683655758685
friedman1,expanding,rf,x2,1000,2,-1.433025515667719
friedman1,expanding,rf,x3,1000,2,-0.0015442193202145366
friedman1,expanding,rf,x4,1000,2,-0.10235914918903083
friedman1,expanding,rf,x5,1000,2,-0.013959171306371193
friedman1,expanding,rf,x6,1000,2,-0.00044483013431720055
friedman1,expanding,xgboost,x1,1000,2,-1.4523103571657827
friedman1,expanding,xgboost,x2,1000,2,-1.563214347140365
friedman1,expanding,xgboost,x3,1000,2,-0.025969152461312973
friedman1,expanding,xgboost,x4,1000,2,-0.24382573112776953
friedman1,expanding,xgboost,x5,1000,2,-0.043751560629533885
friedman1,expanding,xgboost,x6,1000,2,-0.005125728533579684
friedman1,expanding,enet,x1,1000,3,-1.2791921293511077
friedman1,expanding,enet,x2,1000,3,-1.4087567294492338
friedman1,expanding,enet,x3,1000,3,0.008530618236910969
friedman1,expanding,enet,x4,1000,3,-0.24539243134851232
friedman1,expanding,enet,x5,1000,3,-0.04030044903358321
friedman1,expanding,enet,x6,1000,3,-0.009280965122631001
friedman1,expanding,rf,x1,1000,3,-1.3522604948503012
friedman1,expanding,rf,x2,1000,3,-1.4327182092854005
friedman1,expanding,rf,x3,1000,3,-0.0015442191608454076
friedman1,expanding,rf,x4,1000,3,-0.10206228909388607
friedman1,expanding,rf,x5,1000,3,-0.013979012326054132
friedman1,expanding,rf,x6,1000,3,-0.0004523166598505488
friedman1,expanding,xgboost,x1,1000,3,-1.4535087836719276
friedman1,expanding,xgboost,x2,1000,3,-1.562915259944714
friedman1,expanding,xgboost,x3,1000,3,-0.02602258713784714
friedman1,expanding,xgboost,x4,1000,3,-0.2428207309501545
friedman1,expanding,xgboost,x5,1000,3,-0.04371295375111277
friedman1,expanding,xgboost,x6,1000,3,-0.005216561602587652
friedman1,expanding,enet,x1,1000,4,-1.2782974560563722
friedman1,expanding,enet,x2,1000,4,-1.4092715449652116
friedman1,expanding,enet,x3,1000,4,0.008526278514312166
friedman1,expanding,enet,x4,1000,4,-0.2459095310643809
friedman1,expanding,enet,x5,1000,4,-0.04020039035714156
friedman1,expanding,enet,x6,1000,4,-0.009239442139363048
friedman1,expanding,rf,x1,1000,4,-1.3519487900542912
friedman1,expanding,rf,x2,1000,4,-1.4327668774369897
friedman1,expanding,rf,x3,1000,4,-0.0015452219543908084
friedman1,expanding,rf,x4,1000,4,-0.10234747581222639
friedman1,expanding,rf,x5,1000,4,-0.01396028818187661
friedman1,expanding,rf,x6,1000,4,-0.0004478879365630279
friedman1,expanding,xgboost,x1,1000,4,-1.4523110936210932
friedman1,expanding,xgboost,x2,1000,4,-1.5634279189858176
friedman1,expanding,xgboost,x3,1000,4,-0.02600618110370175
friedman1,expanding,xgboost,x4,1000,4,-0.24365983128948507
friedman1,expanding,xgboost,x5,1000,4,-0.04357295355816326
friedman1,expanding,xgboost,x6,1000,4,-0.005218898500082977
friedman1,expanding,enet,x1,1000,5,-1.2782868554618352
friedman1,expanding,enet,x2,1000,5,-1.4098582746362207
friedman1,expanding,enet,x3,1000,5,0.00853649383763963
friedman1,expanding,enet,x4,1000,5,-0.2451964548805267
friedman1,expanding,enet,x5,1000,5,-0.04040242493757903
friedman1,expanding,enet,x6,1000,5,-0.009184569989635167
friedman1,expanding,rf,x1,1000,5,-1.3518604284594236
friedman1,expanding,rf,x2,1000,5,-1.4332222739584526
friedman1,expanding,rf,x3,1000,5,-0.0015451044798713443
friedman1,expanding,rf,x4,1000,5,-0.1019527262513615
friedman1,expanding,rf,x5,1000,5,-0.013989711959710245
friedman1,expanding,rf,x6,1000,5,-0.0004462962675186788
friedman1,expanding,xgboost,x1,1000,5,-1.4522279396151252
friedman1,expanding,xgboost,x2,1000,5,-1.5646542544924837
friedman1,expanding,xgboost,x3,1000,5,-0.025919729293516085
friedman1,expanding,xgboost,x4,1000,5,-0.24246747302515248
friedman1,expanding,xgboost,x5,1000,5,-0.04371202945753426
friedman1,expanding,xgboost,x6,1000,5,-0.005215451174532024
friedman1,expanding,enet,x1,1000,6,-1.276993905050224
friedman1,expanding,enet,x2,1000,6,-1.4094974463136853
friedman1,expanding,enet,x3,1000,6,0.008542559548236269
friedman1,expanding,enet,x4,1000,6,-0.2461845785520561
friedman1,expanding,enet,x5,1000,6,-0.040989748794298037
friedman1,expanding,enet,x6,1000,6,-0.009268966906130096
friedman1,expanding,rf,x1,1000,6,-1.351509219325886
friedman1,expanding,rf,x2,1000,6,-1.4329495700669013
friedman1,expanding,rf,x3,1000,6,-0.0015406023555732038
friedman1,expanding,rf,x4,1000,6,-0.10253048371640822
friedman1,expanding,rf,x5,1000,6,-0.014039524599623907
friedman1,expanding,rf,x6,1000,6,-0.00044714131194494743
friedman1,expanding,xgboost,x1,1000,6,-1.4503960030890348
friedman1,expanding,xgboost,x2,1000,6,-1.563931598204725
friedman1,expanding,xgboost,x3,1000,6,-0.025966729395960716
friedman1,expanding,xgboost,x4,1000,6,-0.2440855959207614
friedman1,expanding,xgboost,x5,1000,6,-0.04464494714857349
friedman1,expanding,xgboost,x6,1000,6,-0.005172003299288228
friedman1,expanding,enet,x1,1000,7,-1.2797250775932898
friedman1,expanding,enet,x2,1000,7,-1.4094768983550574
friedman1,expanding,enet,x3,1000,7,0.008528418284292722
friedman1,expanding,enet,x4,1000,7,-0.24533065714035507
friedman1,expanding,enet,x5,1000,7,-0.03915836998899897
friedman1,expanding,enet,x6,1000,7,-0.009229501274748647
friedman1,expanding,rf,x1,1000,7,-1.3521389955841676
friedman1,expanding,rf,x2,1000,7,-1.4330480464455069
friedman1,expanding,rf,x3,1000,7,-0.0015437346683990227
friedman1,expanding,rf,x4,1000,7,-0.10198519500364091
friedman1,expanding,rf,x5,1000,7,-0.013849271876948475
friedman1,expanding,rf,x6,1000,7,-0.0004512977976753634
friedman1,expanding,xgboost,x1,1000,7,-1.4539357131894572
friedman1,expanding,xgboost,x2,1000,7,-1.5639909982700675
friedman1,expanding,xgboost,x3,1000,7,-0.02604647167231061
friedman1,expanding,xgboost,x4,1000,7,-0.2426619065440894
friedman1,expanding,xgboost,x5,1000,7,-0.042313836937611767
friedman1,expanding,xgboost,x6,1000,7,-0.005247950444807575
